url,categoria,estado,requiere_revisión_de_claim,enlace_en_misma_linea,afirmacion
/amoladoras/,DESCONOCIDO,revisada,no,,Modelo Bosch consultado | Diámetro máximo de disco | Potencia absorbida | Velocidad en vacío | Peso publicado
/amoladoras/,DESCONOCIDO,revisada,no,,"GWS 9-115 S | 115 mm | 900 W | 2.800–11.000 rpm | 1,9 kg"
/amoladoras/,DESCONOCIDO,revisada,no,,GWS 25-180 LVI R | 180 mm | 2.500 W | 8.500 rpm | No consta en el recorte consultado
/amoladoras/,DESCONOCIDO,revisada,no,,"GWS 25-230 | 230 mm | 2.500 W | 6.500 rpm | 5,9 kg"
/amoladoras/,DATO VERIFICADO,revisada,no,,"**Dato verificado:** cada fila corresponde al modelo indicado en las fichas Bosch. La página del GWS 25-180 LVI R confirma 2.500 W, 8.500 rpm y disco de 180 mm; el peso no aparece en los datos citados aquí, por eso no completamos la celda por analogía. Las herramientas de otros países pueden diferir en tensión, variantes e interruptores."
/amoladoras/,ANÁLISIS TALLERLAB,revisada,no,,"**Análisis TallerLab:** los tres diámetros muestran por qué la medida del accesorio es el primer filtro de compatibilidad: los discos de 115, 180 y 230 mm no son intercambiables en una máquina diseñada para otra medida. En la ficha del GWS 25-180 y GWS 25-230 la potencia declarada coincide, mientras que la velocidad en vacío y el diámetro difieren. Eso no determina la profundidad real de corte: depende del disco, guarda, geometría y material."
/amoladoras/,DECLARACIÓN DEL FABRICANTE,revisada,no,,"**Declaración del fabricante:** Bosch clasifica las herramientas angulares grandes para corte y desbaste de mayor exigencia. En sus páginas se describen funciones de seguridad concretas para ciertos modelos, como KickBack Control, Soft Start o protección contra rearranque; no todas las amoladoras incorporan las mismas funciones."
/amoladoras/,DESCONOCIDO,revisada,no,,"**Desconocido:** esta selección no compara todas las marcas, discos, rectificadoras ni equipos de banco. No hay medición propia de profundidad, ritmo de corte, temperatura o vibración. Verificá el código del equipo y los límites de rpm y diámetro indicados en cada accesorio."
/amoladoras/,DESCONOCIDO,revisada,no,,Diámetro nominal | Ejemplo documentado | Qué permite concluir esta guía
/amoladoras/,DESCONOCIDO,revisada,no,,"115 mm | Bosch GWS 9-115 S | Referencia de amoladora angular pequeña, 900 W"
/amoladoras/,DESCONOCIDO,revisada,no,,180 mm | Bosch GWS 25-180 LVI R | Máquina para discos de 180 mm y 8.500 rpm en vacío
/amoladoras/,DESCONOCIDO,revisada,no,,230 mm | Bosch GWS 25-230 | Máquina para discos de 230 mm y 6.500 rpm en vacío
/amoladoras/,DESCONOCIDO,revisada,no,,"Elegí por tarea, pieza, disco compatible y forma de sujeción. Para una amoladora de banco o una recta, consultá la ficha de esa familia: su montaje y uso no se deducen de una angular."
/amoladoras/,DESCONOCIDO,revisada,no,https://www.bosch-professional.com/es/es/products/gws-9-115-s-0601396103,Documentación primaria:** [Bosch GWS 9-115 S](https://www.bosch-professional.com/es/es/products/gws-9-115-s-0601396103); [Bosch GWS 25-180 LVI R](https://www.bosch-professional.com/ar/es/products/gws-25-180-lvi-r-06018F71H1); [Bosch GWS 25-230](https://www.bosch-professional.com/ar/es/products/gws-25-180-06018F41H0).
/amoladoras/,DESCONOCIDO,revisada,no,https://www.bosch-professional.com/binary/manualsmedia/o424644v21_160992A8T6_202306.pdf,"Seguridad:** manual Bosch para herramientas angulares grandes, [GWS 25-180/230 LVI R](https://www.bosch-professional.com/binary/manualsmedia/o424644v21_160992A8T6_202306.pdf)."
/amoladoras/,DESCONOCIDO,revisada,no,,Opiniones de compradores:** no se revisó una muestra verificable.
/amoladoras/,DESCONOCIDO,revisada,no,,Para seguir comparando: [comparación entre amoladoras de 115 y 125 mm](/amoladoras/115-o-125/).
/amoladoras/,DESCONOCIDO,revisada,no,,Para explorar la categoría: [guías de amoladoras](/amoladoras/).
/amoladoras/115-o-125/,ANÁLISIS TALLERLAB,revisada,no,,"**Análisis TallerLab.** Si comparás dos máquinas de la misma serie con igual potencia y peso declarados, la diferencia comprobable aquí es el diámetro máximo del disco: 115 o 125 mm. El disco de 125 mm tiene 10 mm más de diámetro nominal, pero ese dato no permite prometer 5 mm adicionales de corte útil en cualquier equipo. La guarda, la brida, el disco y el material limitan la profundidad efectiva."
/amoladoras/115-o-125/,DATO VERIFICADO,revisada,no,https://www.bosch-professional.com/es/es/products/gws-9-115-s-0601396103,**Dato verificado en fichas del fabricante.** Elegimos las variantes Bosch [GWS 9-115 S](https://www.bosch-professional.com/es/es/products/gws-9-115-s-0601396103) y [GWS 9-125 S](https://www.bosch-professional.com/es/es/products/gws-9-125-s-0601396104) para que la potencia y la familia de producto sean comparables. Son fichas del mercado español; antes de comprar en Argentina hay que confirmar el código y la tensión de la unidad ofrecida.
/amoladoras/115-o-125/,DATO VERIFICADO,revisada,no,,Variable declarada | GWS 9-115 S | GWS 9-125 S
/amoladoras/115-o-125/,DATO VERIFICADO,revisada,no,,Diámetro máximo del disco | 115 mm | 125 mm
/amoladoras/115-o-125/,DATO VERIFICADO,revisada,no,,Potencia absorbida | 900 W | 900 W
/amoladoras/115-o-125/,DATO VERIFICADO,revisada,no,,Velocidad en vacío | 2.800–11.000 rpm | 2.800–11.000 rpm
/amoladoras/115-o-125/,DATO VERIFICADO,revisada,no,,"Peso publicado | 1,9 kg | 1,9 kg"
/amoladoras/115-o-125/,DATO VERIFICADO,revisada,no,,Rosca del eje | M14 | M14
/amoladoras/115-o-125/,DATO VERIFICADO,revisada,no,,Tensión de estas variantes | 220–240 V | 220–240 V
/amoladoras/115-o-125/,DATO VERIFICADO,revisada,no,,Profundidad útil de corte con disco convencional | No informada en estas fichas | No informada en estas fichas
/amoladoras/115-o-125/,ANÁLISIS TALLERLAB,revisada,no,,"**Análisis TallerLab.** En este par no se sostiene que 115 mm sea necesariamente más liviana ni que 125 mm tenga más potencia: las fichas muestran el mismo peso y los mismos 900 W. La ventaja geométrica nominal del disco de 125 mm es 10 mm de diámetro; su radio es 5 mm mayor. La profundidad útil depende también de cuánto espacio ocupan la guarda, el cuerpo de la máquina y el montaje."
/amoladoras/115-o-125/,DATO VERIFICADO,revisada,no,https://www.bosch-professional.com/es/es/products/gde-115-125-fc-t-1600A003DK,"**Dato verificado, con alcance limitado.** La [ficha de la caperuza Bosch GDE 115/125 FC-T](https://www.bosch-professional.com/es/es/products/gde-115-125-fc-t-1600A003DK) declara una profundidad máxima de 20 mm con disco de 115 mm y 25 mm con disco de 125 mm. Es un dato de ese accesorio, no de las dos GWS 9 de la tabla: la ficha del accesorio no las enumera entre sus modelos compatibles."
/amoladoras/115-o-125/,DESCONOCIDO,revisada,sí,,"**Desconocido.** Estas fichas no establecen qué discos hay hoy disponibles en tu zona, cuánto cuesta cada medida ni la profundidad efectiva con el disco que vas a usar. Tampoco acreditan una diferencia de durabilidad entre ambas variantes. No atribuimos experiencias a compradores porque no revisamos una muestra identificable de opiniones para esta guía."
/amoladoras/115-o-125/,ANÁLISIS TALLERLAB,revisada,no,,"**Análisis TallerLab.** Elegí primero un disco apto para el material y verificá en el manual de tu modelo el diámetro máximo admitido, el orificio, la velocidad nominal y la guarda necesaria. No retires ni adaptes la guarda para montar un disco mayor al autorizado. Después compará precio, disponibilidad del disco concreto y condiciones de garantía de las ofertas locales."
/amoladoras/115-o-125/,DESCONOCIDO,revisada,no,,"Para otros criterios de selección, consultá la [guía de amoladoras](/amoladoras/) y la [guía de discos](/amoladoras/discos-para-amoladora/)."
/amoladoras/115-o-125/,DESCONOCIDO,revisada,no,https://www.bosch-professional.com/es/es/products/gws-9-115-s-0601396103,"Documentación primaria:** [Bosch GWS 9-115 S, ficha técnica](https://www.bosch-professional.com/es/es/products/gws-9-115-s-0601396103); [Bosch GWS 9-125 S, ficha técnica](https://www.bosch-professional.com/es/es/products/gws-9-125-s-0601396104)."
/amoladoras/115-o-125/,DESCONOCIDO,revisada,no,https://www.bosch-professional.com/es/es/products/gde-115-125-fc-t-1600A003DK,"Profundidad de corte:** [Bosch, ficha de la caperuza GDE 115/125 FC-T](https://www.bosch-professional.com/es/es/products/gde-115-125-fc-t-1600A003DK). La cifra no se extrapola a las máquinas de la tabla."
/amoladoras/115-o-125/,DESCONOCIDO,revisada,no,,Información comercial y opiniones:** no usadas para establecer las diferencias técnicas de esta guía.
/amoladoras/7-pulgadas/,DESCONOCIDO,revisada,no,,Dato publicado | Bosch GWS 25-180 LVI R
/amoladoras/7-pulgadas/,DESCONOCIDO,revisada,no,,Código de pedido | 0 601 8F7 1H1
/amoladoras/7-pulgadas/,DESCONOCIDO,revisada,no,,Potencia absorbida | 2.500 W
/amoladoras/7-pulgadas/,DESCONOCIDO,revisada,no,,Diámetro de disco | 180 mm
/amoladoras/7-pulgadas/,DESCONOCIDO,revisada,no,,Velocidad en vacío | 8.500 rpm
/amoladoras/7-pulgadas/,DESCONOCIDO,revisada,no,,Tensión indicada | 220 V
/amoladoras/7-pulgadas/,DESCONOCIDO,revisada,no,,"Funciones listadas | Vibration Control, KickBack Control, Soft Start y Restart Protection"
/amoladoras/7-pulgadas/,DATO VERIFICADO,revisada,no,,**Dato verificado:** Bosch publica estas especificaciones para el código GWS 25-180 LVI R. La página identifica una variante con tuerca y menciona accesorios incluidos; el contenido puede variar según el número de pedido completo.
/amoladoras/7-pulgadas/,ANÁLISIS TALLERLAB,revisada,no,,"**Análisis TallerLab:** 7 pulgadas equivalen a 177,8 mm, mientras que el diámetro métrico publicado por el fabricante es 180 mm (aproximadamente 7,09 pulgadas). La diferencia es de 2,2 mm en el diámetro nominal. La etiqueta “7 pulgadas” es una denominación comercial redondeada; para comprar discos, manda la medida indicada en la herramienta y el accesorio. El diámetro mayor tampoco permite calcular por sí solo el corte útil."
/amoladoras/7-pulgadas/,DECLARACIÓN DEL FABRICANTE,revisada,no,,"**Declaración del fabricante:** Bosch describe las protecciones Vibration Control, KickBack Control, Soft Start y Restart Protection en la ficha de este código. Esas funciones son del modelo nombrado; no se atribuyen a todas las amoladoras de 180 mm ni se convierten en una afirmación de ausencia de riesgo."
/amoladoras/7-pulgadas/,DESCONOCIDO,revisada,no,,"**Desconocido:** la ficha consultada no permite confirmar profundidad real de corte en una pieza específica, masa del conjunto de trabajo ni disponibilidad/garantía de una oferta argentina. La potencia y las rpm en vacío tampoco representan rendimiento bajo carga."
/amoladoras/7-pulgadas/,DESCONOCIDO,revisada,no,,Antes de comprar | Confirmación para este código
/amoladoras/7-pulgadas/,DESCONOCIDO,revisada,no,,Disco | 180 mm máximo publicado
/amoladoras/7-pulgadas/,DESCONOCIDO,revisada,no,,Orificio/eje | Rosca M14; el disco debe admitir brida y montaje del modelo
/amoladoras/7-pulgadas/,DESCONOCIDO,revisada,no,,Alimentación | Bosch indica 220 V
/amoladoras/7-pulgadas/,DESCONOCIDO,revisada,no,,Accesorio de corte o desbaste | Revisar uso previsto y velocidad máxima en su etiqueta
/amoladoras/7-pulgadas/,DESCONOCIDO,revisada,no,https://www.bosch-professional.com/ar/es/products/gws-25-180-lvi-r-06018F71H1,Documentación primaria:** [Bosch GWS 25-180 LVI R](https://www.bosch-professional.com/ar/es/products/gws-25-180-lvi-r-06018F71H1); [manual Bosch GWS 25-180/230 LVI R](https://www.bosch-professional.com/binary/manualsmedia/o424644v21_160992A8T6_202306.pdf).
/amoladoras/7-pulgadas/,DESCONOCIDO,revisada,no,,Opiniones de compradores:** no se revisó una muestra verificable.
/amoladoras/7-pulgadas/,DESCONOCIDO,revisada,no,,Para seguir comparando: [amoladoras de 9 pulgadas](/amoladoras/9-pulgadas/).
/amoladoras/7-pulgadas/,DESCONOCIDO,revisada,no,,Para explorar la categoría: [guías de amoladoras](/amoladoras/).
/amoladoras/9-pulgadas/,DESCONOCIDO,revisada,no,,Dato publicado | Bosch GWS 25-230
/amoladoras/9-pulgadas/,DESCONOCIDO,revisada,no,,Código de pedido | 0 601 8F4 1H0
/amoladoras/9-pulgadas/,DESCONOCIDO,revisada,no,,Potencia absorbida | 2.500 W
/amoladoras/9-pulgadas/,DESCONOCIDO,revisada,no,,Diámetro de disco | 230 mm
/amoladoras/9-pulgadas/,DESCONOCIDO,revisada,no,,Velocidad en vacío | 6.500 rpm
/amoladoras/9-pulgadas/,DATO VERIFICADO,revisada,no,,"**Dato verificado:** la fuente Bosch identifica el GWS 25-230 con estas especificaciones. El manual consultado es compartido con la variante GWS 25-180 LVI R, cuyas prestaciones deben leerse en su propia columna y no trasladarse al modelo de 230 mm."
/amoladoras/9-pulgadas/,ANÁLISIS TALLERLAB,revisada,no,,"**Análisis TallerLab:** frente al GWS 25-180 LVI R, este modelo admite un disco de 50 mm más de diámetro y declara 2.000 rpm menos en vacío; ambos publican 2.500 W. El cambio de diámetro no se traduce directamente en 25 mm más de profundidad de corte, porque intervienen el radio efectivo, la guarda y el disco. El dato de masa publicado, 5,9 kg, también debe considerarse al planificar el manejo de la herramienta."
/amoladoras/9-pulgadas/,DECLARACIÓN DEL FABRICANTE,revisada,no,,**Declaración del fabricante:** Bosch lista funciones como arranque suave y control de retroceso para las variantes indicadas de la gama GWS 25 LVI R. La lista de funciones del modelo exacto y de su sufijo es la referencia; un código distinto puede cambiar interruptor o protecciones.
/amoladoras/9-pulgadas/,DESCONOCIDO,revisada,no,,"**Desconocido:** no se midió la profundidad útil de corte, la fatiga ni el rendimiento sobre metal o concreto. La ficha no constituye una recomendación para operar con una mano, sin guarda o con un disco de otra medida."
/amoladoras/9-pulgadas/,DESCONOCIDO,revisada,no,,Si comparás… | GWS 25-180 LVI R | GWS 25-230
/amoladoras/9-pulgadas/,DESCONOCIDO,revisada,no,,Diámetro máximo de disco | 180 mm | 230 mm
/amoladoras/9-pulgadas/,DESCONOCIDO,revisada,no,,Potencia absorbida | 2.500 W | 2.500 W
/amoladoras/9-pulgadas/,DESCONOCIDO,revisada,no,,Velocidad en vacío | 8.500 rpm | 6.500 rpm
/amoladoras/9-pulgadas/,DESCONOCIDO,revisada,no,,"Peso publicado en las fichas revisadas | No indicado en el recorte usado | 5,9 kg"
/amoladoras/9-pulgadas/,DESCONOCIDO,revisada,no,,"Esta tabla ayuda a reconocer la variante por medida. La elección final depende del acceso, material, profundidad necesaria, disco compatible y manejo previsto."
/amoladoras/9-pulgadas/,DESCONOCIDO,revisada,no,https://www.bosch-professional.com/ar/es/products/gws-25-180-06018F41H0,Documentación primaria:** [Bosch GWS 25-230](https://www.bosch-professional.com/ar/es/products/gws-25-180-06018F41H0); [Bosch GWS 25-180 LVI R](https://www.bosch-professional.com/ar/es/products/gws-25-180-lvi-r-06018F71H1); [manual compartido de la serie](https://www.bosch-professional.com/binary/manualsmedia/o424644v21_160992A8T6_202306.pdf).
/amoladoras/9-pulgadas/,DESCONOCIDO,revisada,no,,Opiniones de compradores:** no se revisó una muestra verificable.
/amoladoras/9-pulgadas/,DESCONOCIDO,revisada,no,,Para seguir comparando: [amoladora de 7 pulgadas y 180 mm](/amoladoras/7-pulgadas/).
/amoladoras/9-pulgadas/,DESCONOCIDO,revisada,no,,Para explorar la categoría: [guías de amoladoras](/amoladoras/).
/amoladoras/bosch/,DESCONOCIDO,revisada,no,,"Reemplazamos la comparación previa por tres variantes con ficha Bosch Argentina: GWS 700, GWS 9-125 S y GWS 180-LI. La 9-125 S consultada corresponde a 127 V; no la presentamos como opción lista para enchufar en una instalación de 220 V."
/amoladoras/bosch/,DESCONOCIDO,revisada,no,,Dato verificado | GWS 700 | GWS 9-125 S (0 601 396 1D0) | GWS 180-LI
/amoladoras/bosch/,DESCONOCIDO,revisada,no,,Alimentación | Cable | 127 V en la variante consultada | Batería 18 V
/amoladoras/bosch/,DESCONOCIDO,revisada,no,,Potencia / equivalencia declarada | 710 W | 900 W absorbidos; 450 W de salida | Bosch declara rendimiento equivalente a 700 W con cable
/amoladoras/bosch/,DESCONOCIDO,revisada,no,,Diámetro de disco | 115 mm | 125 mm | 125 mm
/amoladoras/bosch/,DESCONOCIDO,revisada,no,,Velocidad sin carga | 12.000 rpm | 2.800–11.000 rpm | 11.000 rpm
/amoladoras/bosch/,DESCONOCIDO,revisada,no,,"Peso | 1,7 kg | 1,9 kg | 1,6 kg sin batería; 2,2 kg con batería"
/amoladoras/bosch/,ANÁLISIS TALLERLAB,revisada,no,,"**Análisis TallerLab.** GWS 9-125 S agrega un disco nominal 10 mm mayor que GWS 700 y permite regular velocidad; sin embargo, el código consultado es 127 V. El nombre GWS 9-125 S incluye más de una variante y no se debe trasladar ese voltaje a otro código de pedido. GWS 180-LI pesa 0,6 kg menos que GWS 700 sin batería, pero 0,5 kg más con batería instalada, según las dos fichas."
/amoladoras/bosch/,DECLARACIÓN DEL FABRICANTE,revisada,no,,**Declaración del fabricante.** Bosch describe el motor de la GWS 180-LI como equivalente a una herramienta con cable de 700 W. No es una medición comparativa de TallerLab y la ficha no declara que el rendimiento sea idéntico bajo cualquier carga.
/amoladoras/bosch/,DESCONOCIDO,revisada,sí,,"**Desconocido.** No se comparó durabilidad, calentamiento, tiempo de trabajo ni contenido de batería/cargador en una oferta local. Confirmá código, tensión, tamaño permitido, guarda y accesorios antes de comprar."
/amoladoras/bosch/,DESCONOCIDO,revisada,no,https://www.bosch-professional.com/ar/es/products/gws-700-06013A30H0,Documentación primaria:** [Bosch GWS 700 Argentina](https://www.bosch-professional.com/ar/es/products/gws-700-06013A30H0); [Bosch GWS 9-125 S Argentina y variantes](https://www.bosch-professional.com/ar/es/products/gws-9-125-s-06013961D0); [Bosch GWS 180-LI Argentina](https://www.bosch-professional.com/ar/es/products/gws-180-li-06019H90E0).
/amoladoras/bosch/,DESCONOCIDO,revisada,no,,Opiniones:** no se revisó una muestra verificable.
/amoladoras/de-banco/,DESCONOCIDO,revisada,no,,Dato publicado | Bosch GBG 35-15 | Lusqtoff AB-375
/amoladoras/de-banco/,DESCONOCIDO,revisada,no,,Potencia absorbida | 350 W | 375 W
/amoladoras/de-banco/,DESCONOCIDO,revisada,no,,Diámetro de muela | 150 mm | 150 mm
/amoladoras/de-banco/,DESCONOCIDO,revisada,no,,Ancho / espesor de muela | 20 mm | 16 mm
/amoladoras/de-banco/,DESCONOCIDO,revisada,no,,Velocidad en vacío | 3.000 rpm a 50 Hz | 2.950 rpm
/amoladoras/de-banco/,DESCONOCIDO,revisada,no,,Muelas declaradas | Granos 24 y 60 | Granos 36 y 60
/amoladoras/de-banco/,DESCONOCIDO,revisada,no,,"Régimen de trabajo | S2 (60 min), según manual | No indicado en ficha citada"
/amoladoras/de-banco/,DATO VERIFICADO,revisada,no,,"**Dato verificado:** los valores corresponden a las fichas oficiales y manual de cada código. Bosch informa orificios de muela de 12,7/20 mm en manual; la página del producto describe discos de 20 mm. Lusqtoff publica piedra de 150 × 16 × 12,7 mm. Verificá el diámetro de eje y los bujes antes de montar un repuesto."
/amoladoras/de-banco/,ANÁLISIS TALLERLAB,revisada,no,,"**Análisis TallerLab:** ambos ejemplos usan muelas de 150 mm, pero difieren en ancho publicado en 4 mm y en régimen en 50 rpm. Bosch publica un peso 4 kg mayor. Es una diferencia aritmética entre fichas, no evidencia de estabilidad o precisión. El dato S2 (60 min) de Bosch delimita el régimen de operación indicado por fabricante; no equivale a un permiso de funcionamiento indefinido."
/amoladoras/de-banco/,DECLARACIÓN DEL FABRICANTE,revisada,no,,"**Declaración del fabricante:** Bosch incluye apoyos de pieza ajustables y protecciones contra chispas en la GBG 35-15. Lusqtoff indica protectores y perforaciones de base para anclaje en la AB-375. La presencia, forma y ajuste de los apoyos deben verificarse en la unidad exacta."
/amoladoras/de-banco/,DESCONOCIDO,revisada,no,,"**Desconocido:** no se compararon vibración, temperatura, estabilidad instalada, facilidad de afilado o duración de muelas. Tampoco se confirma compatibilidad universal por compartir diámetro: ancho, orificio, velocidad y aplicación deben coincidir."
/amoladoras/de-banco/,DESCONOCIDO,revisada,no,,Campo | Bosch GBG 35-15 | Lusqtoff AB-375
/amoladoras/de-banco/,DESCONOCIDO,revisada,no,,Diámetro exterior | 150 mm | 150 mm
/amoladoras/de-banco/,DESCONOCIDO,revisada,no,,Ancho | 20 mm | 16 mm
/amoladoras/de-banco/,DESCONOCIDO,revisada,no,,"Orificio | 12,7 o 20 mm según manual/variante | 12,7 mm"
/amoladoras/de-banco/,DESCONOCIDO,revisada,no,,Velocidad indicada | 3.000 rpm a 50 Hz | 2.950 rpm
/amoladoras/de-banco/,DESCONOCIDO,revisada,no,,"No montes una muela basándote solo en el diámetro. Consultá su etiqueta y el manual del esmeril para revisar diámetro, espesor, orificio, tipo de trabajo y rpm máximas."
/amoladoras/de-banco/,DESCONOCIDO,revisada,no,https://www.bosch-professional.com/es/es/products/gbg-35-15-060127A300,Documentación primaria:** [Bosch GBG 35-15](https://www.bosch-professional.com/es/es/products/gbg-35-15-060127A300); [manual Bosch GBG 35-15](https://www.bosch-professional.com/binary/manualsmedia/o518745v21_160992AA24_202411.pdf); [Lusqtoff AB-375](https://www.lusqtoff.com.ar/productos/amoladora-de-banco-o-375-w-ab-375).
/amoladoras/de-banco/,DESCONOCIDO,revisada,no,,"Seguridad:** revisar compatibilidad de muela, régimen, apoyos y protección en los manuales."
/amoladoras/de-banco/,DESCONOCIDO,revisada,no,,Opiniones de compradores:** no se revisó una muestra verificable.
/amoladoras/de-banco/,DESCONOCIDO,revisada,no,,Para seguir comparando: [amoladora recta](/amoladoras/recta/).
/amoladoras/de-banco/,DESCONOCIDO,revisada,no,,Para explorar la categoría: [guías de amoladoras](/amoladoras/).
/amoladoras/dewalt/,DESCONOCIDO,revisada,no,,Dato publicado en ficha estadounidense | DWE402 | DWE4120
/amoladoras/dewalt/,DESCONOCIDO,revisada,no,,Diámetro de disco | 115 mm (4½ in) | 115 mm (4½ in)
/amoladoras/dewalt/,DESCONOCIDO,revisada,no,,Corriente nominal | 11 A | 9 A
/amoladoras/dewalt/,DESCONOCIDO,revisada,no,,Velocidad en vacío | 11.000 rpm | 12.000 rpm
/amoladoras/dewalt/,DESCONOCIDO,revisada,no,,Interruptor | Paleta con bloqueo de seguridad | Paleta
/amoladoras/dewalt/,DESCONOCIDO,revisada,no,,Guarda | One-Touch T27 según ficha | One-Touch con giro de 360°
/amoladoras/dewalt/,DESCONOCIDO,revisada,no,,Husillo | No transcrito en la fuente consultada | 5/8 in–11
/amoladoras/dewalt/,DESCONOCIDO,revisada,no,,"Tensión de variante | 120 V, página de Estados Unidos | Mercado Estados Unidos; consultar placa"
/amoladoras/dewalt/,DATO VERIFICADO,revisada,no,,"**Dato verificado:** las fuentes DeWalt identifican ambos productos como amoladoras con cable de 115 mm. La ficha DWE402 especifica 120 V y 11 A; DWE4120 declara 9 A, 12.000 rpm y rosca 5/8 in–11. Las páginas son estadounidenses y no confirman disponibilidad o especificaciones regionales de Argentina."
/amoladoras/dewalt/,ANÁLISIS TALLERLAB,revisada,no,,"**Análisis TallerLab:** ambas herramientas admiten el diámetro nominal de 115 mm; la DWE4120 publica 1.000 rpm más en vacío, mientras la DWE402 publica 2 A más. Los amperes y rpm no permiten deducir por sí solos velocidad de remoción, torque o rendimiento bajo carga. Tampoco usamos esas cifras para elegir una herramienta con tensión distinta."
/amoladoras/dewalt/,DECLARACIÓN DEL FABRICANTE,revisada,no,,"**Declaración del fabricante:** DeWalt describe el sistema de guarda One-Touch y bloqueo de seguridad en las fichas correspondientes. No inferimos que todos los sufijos DWE402/DWE4120 incluyan idénticos interruptores, accesorios o funciones."
/amoladoras/dewalt/,DESCONOCIDO,revisada,no,,"**Desconocido:** no confirmamos la tensión argentina, certificación local, sufijo regional, contenido de kit, garantía local ni servicio posventa para los modelos consultados. Antes de comprar, verificá la placa del equipo y manual que acompañan la publicación."
/amoladoras/dewalt/,DESCONOCIDO,revisada,no,,Pregunta de compra | Resultado limitado a estas fichas
/amoladoras/dewalt/,DESCONOCIDO,revisada,no,,"¿Comparten diámetro de disco? | Sí, 115 mm"
/amoladoras/dewalt/,DESCONOCIDO,revisada,no,,¿Publican la misma velocidad en vacío? | No; DWE4120 indica 1.000 rpm más
/amoladoras/dewalt/,DESCONOCIDO,revisada,no,,¿Publican la misma corriente? | No; DWE402 indica 2 A más
/amoladoras/dewalt/,DESCONOCIDO,revisada,no,,¿Estos datos prueban mayor rendimiento? | No; no hay una prueba común bajo carga
/amoladoras/dewalt/,DESCONOCIDO,revisada,no,https://www.dewalt.com/en-us/product/dwe402/4-12-115mm-small-angle-grinder,Documentación primaria:** [DeWalt DWE402](https://www.dewalt.com/en-us/product/dwe402/4-12-115mm-small-angle-grinder); [DeWalt DWE4120](https://www.dewalt.com/en-us/product/dwe4120/angle-grinder-tool-4-12-paddle-switch); [manual DWE4120](https://www.dewalt.com/GLOBALBOM/QU/DWE4120/1/Instruction_Manual/EN/N457586_DWE4120.pdf).
/amoladoras/dewalt/,DESCONOCIDO,revisada,no,,Opiniones de compradores:** no se revisó una muestra verificable.
/amoladoras/dewalt/,DESCONOCIDO,revisada,no,,Para seguir comparando: [amoladoras inalámbricas](/amoladoras/inalambricas/).
/amoladoras/dewalt/,DESCONOCIDO,revisada,no,,Para explorar la categoría: [guías de amoladoras](/amoladoras/).
/amoladoras/disco-de-corte/,DESCONOCIDO,revisada,no,,Variante Bosch documentada | Aplicación declarada | Diámetro × espesor × orificio | Código de parte
/amoladoras/disco-de-corte/,DESCONOCIDO,revisada,no,,"PRO Metal | Corte de metal | 115 × 1,6 × 22,23 mm | 2 608 619 252"
/amoladoras/disco-de-corte/,DESCONOCIDO,revisada,no,,"PRO Stainless Steel and Metal | Corte de acero inoxidable y metal | 115 × 1,0 × 22,23 mm | 2 608 619 261"
/amoladoras/disco-de-corte/,DESCONOCIDO,revisada,no,,"PRO Metal de desbaste | Desbaste de metal | 115 × 6 × 22,23 mm | 2 608 600 218"
/amoladoras/disco-de-corte/,DATO VERIFICADO,revisada,no,,"**Dato verificado:** dimensiones y usos declarados por Bosch para los códigos listados. X-Lock y el montaje con tuerca son sistemas que dependen del disco exacto; comprobar el tipo de centro y la herramienta antes de instalar. La ficha del disco PRO Metal consultada describe una opción X-Lock, mientras la tabla dimensional corresponde al código 2 608 619 252."
/amoladoras/disco-de-corte/,ANÁLISIS TALLERLAB,revisada,no,,"**Análisis TallerLab:** el disco de desbaste de 6 mm es seis veces más grueso que la variante de corte de 1 mm y 3,75 veces más grueso que la de corte de 1,6 mm. Esas medidas describen geometría, no calidad del corte. La diferencia práctica decisiva es el uso que el fabricante declara: corte o desbaste; no elijas solo por grosor o por el diámetro exterior."
/amoladoras/disco-de-corte/,DECLARACIÓN DEL FABRICANTE,revisada,no,,**Declaración del fabricante:** Bosch especifica cada disco para el material indicado y exige que la velocidad admisible del accesorio corresponda a la de la amoladora. La rpm máxima debe leerse en la etiqueta del accesorio exacto; no se completa por analogía con otro disco de 115 mm.
/amoladoras/disco-de-corte/,DESCONOCIDO,revisada,no,,"**Desconocido:** las fichas consultadas no cubren todas las aleaciones, espesores de pieza o condiciones de corte. Esta página no prescribe presión, ángulo ni rendimiento real. Para acero inoxidable, elegí una variante cuya documentación incluya explícitamente ese material."
/amoladoras/disco-de-corte/,DESCONOCIDO,revisada,no,,Revisar | Ejemplo en esta tabla
/amoladoras/disco-de-corte/,DESCONOCIDO,revisada,no,,Aplicación | Corte o desbaste según ficha
/amoladoras/disco-de-corte/,DESCONOCIDO,revisada,no,,Diámetro exterior | 115 mm en los tres códigos
/amoladoras/disco-de-corte/,DESCONOCIDO,revisada,no,,"Agujero central | 22,23 mm en los tres códigos citados"
/amoladoras/disco-de-corte/,DESCONOCIDO,revisada,no,,"Espesor | 1,0 mm / 1,6 mm para corte; 6 mm para desbaste"
/amoladoras/disco-de-corte/,DESCONOCIDO,revisada,no,,Velocidad y sistema de fijación | Comparar con etiqueta y manual de disco y amoladora
/amoladoras/disco-de-corte/,DESCONOCIDO,revisada,no,https://www.bosch-professional.com/ar/es/disco-de-corte-abrasivo-pro-metal-para-amoladoras-angulares-pequenas-x-lock-3090752-ocs-ac/,Documentación primaria:** [Bosch PRO Metal para corte](https://www.bosch-professional.com/ar/es/disco-de-corte-abrasivo-pro-metal-para-amoladoras-angulares-pequenas-x-lock-3090752-ocs-ac/); [Bosch PRO Stainless Steel and Metal](https://www.bosch-professional.com/ar/es/disco-de-corte-abrasivo-pro-stainless-steel-and-metal-de-larga-duracion-para-amoladoras-angulares-pequenas-x-lock-3090747-ocs-ac/); [Bosch PRO Metal para desbaste](https://www.bosch-professional.com/ar/es/disco-de-desbaste-abrasivo
/amoladoras/disco-de-corte/,DESCONOCIDO,revisada,no,,"Seguridad:** respetar material, rpm, guarda y montaje especificados en manual y etiqueta."
/amoladoras/disco-de-corte/,DESCONOCIDO,revisada,no,,Opiniones de compradores:** no se revisó una muestra verificable.
/amoladoras/disco-de-corte/,DESCONOCIDO,revisada,no,,Para seguir comparando: [disco de desbaste](/amoladoras/disco-de-desbaste/).
/amoladoras/disco-de-corte/,DESCONOCIDO,revisada,no,,Para explorar la categoría: [guías de amoladoras](/amoladoras/).
/amoladoras/disco-de-desbaste/,DESCONOCIDO,revisada,no,,"Dato de producto | Bosch PRO Metal, código 2 608 600 218"
/amoladoras/disco-de-desbaste/,DESCONOCIDO,revisada,no,,Aplicación declarada | Desbaste de metal
/amoladoras/disco-de-desbaste/,DESCONOCIDO,revisada,no,,Diámetro exterior | 115 mm
/amoladoras/disco-de-desbaste/,DESCONOCIDO,revisada,no,,Especificación abrasiva | A 30 T BF
/amoladoras/disco-de-desbaste/,DESCONOCIDO,revisada,no,,Certificación indicada | oSa en la ficha
/amoladoras/disco-de-desbaste/,DATO VERIFICADO,revisada,no,,"**Dato verificado:** Bosch publica estas medidas y especificación para el disco de desbaste PRO Metal citado. La misma página lista una variante de 125 × 6 × 22,23 mm y otra de 125 mm con especificación distinta; no combinar sus códigos ni granulometrías."
/amoladoras/disco-de-desbaste/,ANÁLISIS TALLERLAB,revisada,no,,"**Análisis TallerLab:** la tabla permite comprobar tres condiciones geométricas antes de comprar: disco máximo admitido por la amoladora, orificio compatible con brida y tuerca, y espesor. Frente a un disco de corte de 115 × 1,6 × 22,23 mm, el disco de desbaste de 6 mm es 3,75 veces más grueso. No deben intercambiarse sus aplicaciones: Bosch identifica uno para desbaste y el otro para corte."
/amoladoras/disco-de-desbaste/,DECLARACIÓN DEL FABRICANTE,revisada,no,,"**Declaración del fabricante:** Bosch describe el disco como destinado a desbastar metal, con granos de óxido de aluminio, matriz de resina y refuerzo de fibra de vidrio. Son características declaradas por el fabricante; no reportamos ensayos propios de duración o productividad."
/amoladoras/disco-de-desbaste/,DESCONOCIDO,revisada,no,,"**Desconocido:** el código consultado no autoriza una conclusión común para todos los metales, fundiciones o aceros inoxidables. Tampoco define por sí solo el ángulo de trabajo, presión o vida útil. Confirmá que el material esté indicado en la ficha del abrasivo exacto."
/amoladoras/disco-de-desbaste/,DESCONOCIDO,revisada,no,,Accesorio de referencia | Dimensiones | Uso publicado | Lectura documental
/amoladoras/disco-de-desbaste/,DESCONOCIDO,revisada,no,,"Bosch PRO Metal 2 608 600 218 | 115 × 6 × 22,23 mm | Desbaste de metal | Disco más grueso en esta comparación"
/amoladoras/disco-de-desbaste/,DESCONOCIDO,revisada,no,,"Bosch PRO Metal 2 608 619 252 | 115 × 1,6 × 22,23 mm | Corte de metal | Código de disco de corte; no sustituye al de desbaste"
/amoladoras/disco-de-desbaste/,DESCONOCIDO,revisada,no,,"Para remover material de una cara o borde, consultá la categoría “desbaste” y las indicaciones del fabricante. Para separar una pieza, usá un disco de corte admitido para el material y la amoladora."
/amoladoras/disco-de-desbaste/,DESCONOCIDO,revisada,no,https://www.bosch-professional.com/ar/es/disco-de-desbaste-abrasivo-pro-metal-para-amoladoras-angulares-pequenas-orificio-de-22-23-mm-osa-3090771-ocs-ac/,Documentación primaria:** [Bosch PRO Metal para desbaste](https://www.bosch-professional.com/ar/es/disco-de-desbaste-abrasivo-pro-metal-para-amoladoras-angulares-pequenas-orificio-de-22-23-mm-osa-3090771-ocs-ac/); [Bosch PRO Metal para corte](https://www.bosch-professional.com/ar/es/disco-de-corte-abrasivo-pro-metal-para-amoladoras-angulares-pequenas-x-lock-3090752-ocs-ac/); [manual Bosch de amoladoras angulares](https://www.bosch-professional.com/binary/manualsmedia/o606197v21_160992AD3S_202509
/amoladoras/disco-de-desbaste/,DESCONOCIDO,revisada,no,,Seguridad:** nunca exceder las rpm indicadas en la etiqueta del disco ni retirar la guarda.
/amoladoras/disco-de-desbaste/,DESCONOCIDO,revisada,no,,Opiniones de compradores:** no se revisó una muestra verificable.
/amoladoras/disco-de-desbaste/,DESCONOCIDO,revisada,no,,Para seguir comparando: [disco de corte para amoladora](/amoladoras/disco-de-corte/).
/amoladoras/disco-de-desbaste/,DESCONOCIDO,revisada,no,,Para explorar la categoría: [guías de amoladoras](/amoladoras/).
/amoladoras/disco-diamantado-segmentado/,DESCONOCIDO,revisada,no,,Disco Bosch | Materiales listados por el fabricante | Diámetro / agujero | Ancho de corte | Altura del segmento
/amoladoras/disco-diamantado-segmentado/,DESCONOCIDO,revisada,no,,"PRO Concrete, 2 608 602 651 | Hormigón | 115 / 22,23 mm | 2,2 mm | 12 mm"
/amoladoras/disco-diamantado-segmentado/,DESCONOCIDO,revisada,no,,"EXPERT Multi Material, 2 608 900 659 | Hormigón, ladrillo, teja y hormigón armado | 115 / 22,23 mm | 2,2 mm | 12 mm"
/amoladoras/disco-diamantado-segmentado/,DATO VERIFICADO,revisada,no,,**Dato verificado:** la tabla transcribe medidas y aplicaciones de dos discos Bosch de 115 mm. Ambos aparecen con segmento de 12 mm; el segundo amplía en su ficha la lista de materiales. Esto no convierte a los discos en aptos para cualquier piedra o material de construcción.
/amoladoras/disco-diamantado-segmentado/,DECLARACIÓN DEL FABRICANTE,revisada,no,,"**Declaración del fabricante:** Bosch describe los segmentos del EXPERT Multi Material como soldados con láser y sus laterales estriados para evacuar polvo. Para PRO Concrete la ficha identifica su uso en hormigón. Las páginas no atribuyen a TallerLab pruebas de velocidad, temperatura o vida útil."
/amoladoras/disco-diamantado-segmentado/,ANÁLISIS TALLERLAB,revisada,no,,"**Análisis TallerLab:** “segmentado” describe la geometría del borde, pero no alcanza para elegir el disco. En esta comparación el código y la lista de materiales diferencian dos productos que comparten diámetro, orificio, ancho y altura de segmento. Si la pieza es azulejo, la ficha de un disco cerámico continuo corresponde a otra aplicación ([comparación para cerámica](/amoladoras/discos-ceramica/))."
/amoladoras/disco-diamantado-segmentado/,DESCONOCIDO,revisada,no,,"**Desconocido:** no se deduce de estas fichas si una operación debe ser seca o húmeda ni la profundidad efectiva en una pieza. Confirmá esa instrucción, el sentido de giro, las rpm máximas y la guarda en el producto y manual exactos."
/amoladoras/disco-diamantado-segmentado/,DESCONOCIDO,revisada,no,,Antes de montar | Dato de estas referencias
/amoladoras/disco-diamantado-segmentado/,DESCONOCIDO,revisada,no,,Diámetro de disco de la amoladora | 115 mm en ambos ejemplos
/amoladoras/disco-diamantado-segmentado/,DESCONOCIDO,revisada,no,,"Agujero y fijación | 22,23 mm, tuerca convencional según ficha"
/amoladoras/disco-diamantado-segmentado/,DESCONOCIDO,revisada,no,,Material de la pieza | Hormigón para PRO Concrete; materiales enumerados para EXPERT Multi Material
/amoladoras/disco-diamantado-segmentado/,DESCONOCIDO,revisada,no,,"Perfil del borde | Segmentado, 12 mm de altura de segmento en estas referencias"
/amoladoras/disco-diamantado-segmentado/,DESCONOCIDO,revisada,no,https://www.bosch-professional.com/es/es/disco-de-corte-con-diamante-pro-concrete-para-amoladoras-pequenas-diametro-interior-de-22-23-mm-3089216-ocs-ac/,"Documentación primaria:** [Bosch PRO Concrete, disco de 115 mm](https://www.bosch-professional.com/es/es/disco-de-corte-con-diamante-pro-concrete-para-amoladoras-pequenas-diametro-interior-de-22-23-mm-3089216-ocs-ac/); [Bosch EXPERT Multi Material](https://www.bosch-professional.com/ar/es/disco-de-corte-con-diamante-expert-hard-ceramic-de-larga-vida-util-para-amoladoras-pequenas-diametro-interior-de-22-23-mm-2867632-ocs-ac/)."
/amoladoras/disco-diamantado-segmentado/,DESCONOCIDO,revisada,no,,"Seguridad:** verificar diámetro, montaje, velocidad y aplicación en etiqueta y manual."
/amoladoras/disco-diamantado-segmentado/,DESCONOCIDO,revisada,no,,Opiniones de compradores:** no se revisó una muestra verificable.
/amoladoras/disco-diamantado-segmentado/,DESCONOCIDO,revisada,no,,Para seguir comparando: [disco diamantado para cerámica](/amoladoras/discos-ceramica/).
/amoladoras/disco-diamantado-segmentado/,DESCONOCIDO,revisada,no,,Para explorar la categoría: [guías de amoladoras](/amoladoras/).
/amoladoras/disco-flap/,DESCONOCIDO,revisada,no,,Referencia Bosch PRO X571 | Forma | Grano | Diámetro / agujero | Velocidad máxima publicada
/amoladoras/disco-flap/,DESCONOCIDO,revisada,no,,"2 608 607 322 | Recta | 40 | 115 / 22,23 mm | 13.300 rpm"
/amoladoras/disco-flap/,DESCONOCIDO,revisada,no,,"2 608 607 324 | Recta | 80 | 115 / 22,23 mm | 13.300 rpm"
/amoladoras/disco-flap/,DESCONOCIDO,revisada,no,,"2 608 619 008 | Angular T29 | 40 | 115 / 22,23 mm | La ficha de esta variante no mostró el dato en el recorte consultado"
/amoladoras/disco-flap/,DESCONOCIDO,revisada,no,,"2 608 619 010 | Angular T29 | 80 | 115 / 22,23 mm | 13.300 rpm"
/amoladoras/disco-flap/,DATO VERIFICADO,revisada,no,,**Dato verificado:** las fichas Bosch identifican X571 con grano de circonio y uso de desbaste de metal. Los modelos rectos y angulares se ofrecen con varios granos; las tablas distinguen el código consultado para que no se atribuyan todos los datos a la familia completa.
/amoladoras/disco-flap/,ANÁLISIS TALLERLAB,revisada,no,,"**Análisis TallerLab:** entre los códigos rectos 322 y 324 cambia el grano de 40 a 80, pero el diámetro, orificio y límite de rpm publicado coinciden. Esto permite filtrar accesorios por acabado buscado, pero no predice por sí solo cuánto material quitará por minuto ni la terminación real. La forma recta o angular también debe corresponder al apoyo y la aplicación indicados por el fabricante."
/amoladoras/disco-flap/,DECLARACIÓN DEL FABRICANTE,revisada,no,,"**Declaración del fabricante:** Bosch atribuye al PRO X571 desbaste de metal, granos de circonio y refuerzo X-cloth; la página anuncia hasta 1,5 veces más velocidad frente al X431 bajo su comparación. Es una afirmación de Bosch, no una medición de TallerLab."
/amoladoras/disco-flap/,DESCONOCIDO,revisada,no,,"**Desconocido:** no recomendamos un grano universal para cada tipo de acero ni extrapolamos las rpm máximas entre variantes. Revisá el código, material admitido y velocidad marcada en cada accesorio."
/amoladoras/disco-flap/,DESCONOCIDO,revisada,no,,Necesidad declarada | Opción en la matriz | Dato que debe verificarse
/amoladoras/disco-flap/,DESCONOCIDO,revisada,no,,"Desbaste de metal con grano 40 | X571 recto 2 608 607 322 | Forma, rpm y apoyo compatibles"
/amoladoras/disco-flap/,DESCONOCIDO,revisada,no,,Grano 80 en la misma familia | X571 recto 2 608 607 324 | Acabado buscado; no hay ensayo independiente
/amoladoras/disco-flap/,DESCONOCIDO,revisada,no,,Forma angular T29 | X571 2 608 619 008 / 010 | Que el ángulo y guarda del equipo admitan el uso
/amoladoras/disco-flap/,DESCONOCIDO,revisada,no,https://www.bosch-professional.com/ar/es/disco-flap-pro-x571-para-amoladoras-angulares-pequenas-version-recta-fibra-3065170-ocs-ac/,Documentación primaria:** [Bosch PRO X571 recto](https://www.bosch-professional.com/ar/es/disco-flap-pro-x571-para-amoladoras-angulares-pequenas-version-recta-fibra-3065170-ocs-ac/); [Bosch PRO X571 angular](https://www.bosch-professional.com/ar/es/disco-flap-pro-metal-x571-para-amoladoras-angulares-pequenas-version-en-angulo-fibra-3065169-ocs-ac/).
/amoladoras/disco-flap/,DESCONOCIDO,revisada,no,,"Seguridad:** la velocidad máxima del accesorio debe ser igual o superior a la de la amoladora, según manual y etiqueta."
/amoladoras/disco-flap/,DESCONOCIDO,revisada,no,,Opiniones de compradores:** no se revisó una muestra verificable.
/amoladoras/disco-flap/,DESCONOCIDO,revisada,no,,Para seguir comparando: [guía general de discos para amoladora](/amoladoras/discos/).
/amoladoras/disco-flap/,DESCONOCIDO,revisada,no,,Para explorar la categoría: [guías de amoladoras](/amoladoras/).
/amoladoras/discos-ceramica/,DESCONOCIDO,revisada,no,,Disco Bosch | Diseño descrito | Diámetro / agujero | Ancho de corte | Altura de segmento
/amoladoras/discos-ceramica/,DESCONOCIDO,revisada,no,,"PRO Ceramic, 2 608 602 478 | Segmento turbo | 115 / 22,23 mm | 1,4 mm | 7 mm"
/amoladoras/discos-ceramica/,DESCONOCIDO,revisada,no,,"EXPERT HardCeramic, 2 608 900 654 | Borde continuo | 115 / 22,23 mm | 1,4 mm | 10 mm"
/amoladoras/discos-ceramica/,DATO VERIFICADO,revisada,no,,"**Dato verificado:** Bosch describe ambos productos para corte de azulejos/cerámica. Las fichas publican la misma medida nominal de 115 mm, agujero de 22,23 mm y ancho de corte de 1,4 mm; difieren en el diseño declarado del borde y la altura publicada."
/amoladoras/discos-ceramica/,DECLARACIÓN DEL FABRICANTE,revisada,no,,"**Declaración del fabricante:** Bosch atribuye al disco PRO Ceramic un segmento turbo y al EXPERT HardCeramic un borde continuo diseñado para cortes de precisión en baldosas duras. Las promesas de precisión y menor desconchado son afirmaciones del fabricante, no resultados propios de TallerLab."
/amoladoras/discos-ceramica/,ANÁLISIS TALLERLAB,revisada,no,,"**Análisis TallerLab:** en esta comparación, el grosor nominal de 1,4 mm no basta para elegir: el PRO Ceramic se describe con segmento turbo y el EXPERT HardCeramic con borde continuo. La ficha del EXPERT menciona cerámica dura; no trasladamos ese alcance a cualquier revestimiento ni suponemos que las técnicas de uso sean idénticas. Para porcelanato, revisá también la [guía de accesorios para porcelanato](/taladros/mecha-porcelanato/)."
/amoladoras/discos-ceramica/,DESCONOCIDO,revisada,no,,"**Desconocido:** las páginas consultadas no validan una velocidad de corte, una técnica de refrigeración universal ni un resultado en cada cerámica. La compatibilidad con amoladora depende del diámetro, agujero, sistema de montaje y velocidad de la variante."
/amoladoras/discos-ceramica/,DESCONOCIDO,revisada,no,,Comprobación | Dato que aparece en estas fichas
/amoladoras/discos-ceramica/,DESCONOCIDO,revisada,no,,Material indicado | Azulejos/baldosas; el EXPERT especifica cerámica dura
/amoladoras/discos-ceramica/,DESCONOCIDO,revisada,no,,"Montaje | Agujero 22,23 mm; Bosch indica uso en amoladoras con tuerca o X-Lock según variante"
/amoladoras/discos-ceramica/,DESCONOCIDO,revisada,no,,Perfil | Turbo en PRO Ceramic; continuo en EXPERT HardCeramic
/amoladoras/discos-ceramica/,DESCONOCIDO,revisada,no,,"Espesor de corte | 1,4 mm en ambos modelos comparados"
/amoladoras/discos-ceramica/,DESCONOCIDO,revisada,no,https://www.bosch-professional.com/ar/es/disco-de-corte-con-diamantes-pro-ceramic-para-amoladoras-angulares-pequenas-orificio-de-22-23-mm-3088608-ocs-ac/,Documentación primaria:** [Bosch PRO Ceramic](https://www.bosch-professional.com/ar/es/disco-de-corte-con-diamantes-pro-ceramic-para-amoladoras-angulares-pequenas-orificio-de-22-23-mm-3088608-ocs-ac/); [Bosch EXPERT HardCeramic](https://www.bosch-professional.com/ar/es/discos-de-corte-de-diamante-expert-hardceramic-2868235-ocs-ac/).
/amoladoras/discos-ceramica/,DESCONOCIDO,revisada,no,,"Seguridad:** revisar variante de fijación, velocidad y uso del accesorio en el manual."
/amoladoras/discos-ceramica/,DESCONOCIDO,revisada,no,,Opiniones de compradores:** no se revisó una muestra verificable.
/amoladoras/discos-ceramica/,DESCONOCIDO,revisada,no,,Para seguir comparando: [disco diamantado segmentado](/amoladoras/disco-diamantado-segmentado/).
/amoladoras/discos-ceramica/,DESCONOCIDO,revisada,no,,Para explorar la categoría: [guías de amoladoras](/amoladoras/).
/amoladoras/discos-vidrio/,DESCONOCIDO,revisada,no,,Pregunta previa | Resultado de la fuente primaria consultada
/amoladoras/discos-vidrio/,DESCONOCIDO,revisada,no,,¿Bosch ofrece una hoja diamantada de amoladora diseñada para vidrio? | La página de preguntas frecuentes de Bosch dice que no dispone de una hoja diamantada para vidrio en su gama actual consultada
/amoladoras/discos-vidrio/,DESCONOCIDO,revisada,no,,¿Un disco para cerámica queda aprobado para vidrio por esa razón? | No; la fuente no declara esa compatibilidad
/amoladoras/discos-vidrio/,DESCONOCIDO,revisada,no,,¿Se puede trasladar una recomendación de cortavidrios manual a una amoladora? | No; son herramientas y procesos diferentes
/amoladoras/discos-vidrio/,DESCONOCIDO,revisada,no,,"¿Qué debe confirmar una ficha antes de usar disco rotativo? | Tipo de vidrio, máquina, diámetro, agujero, rpm, montaje y resguardo"
/amoladoras/discos-vidrio/,DATO VERIFICADO,revisada,no,,"**Dato verificado:** Bosch indica en su FAQ de accesorios que no ofrece actualmente una hoja diamantada para vidrio en su gama consultada. Esto describe el catálogo de Bosch, no prueba que ningún fabricante venda un accesorio específico para vidrio."
/amoladoras/discos-vidrio/,ANÁLISIS TALLERLAB,revisada,no,,"**Análisis TallerLab:** una oferta que diga “diamantado”, “cerámica” o “multiuso” no acredita por sí sola que el accesorio sea apto para cortar vidrio. En las fuentes consultadas no encontramos un disco Bosch para esa aplicación; por eso no publicamos una combinación de disco, vidrio y amoladora como recomendación verificada. La matriz anterior identifica qué dato debe aparecer en una fuente del fabricante antes de seguir."
/amoladoras/discos-vidrio/,DECLARACIÓN DEL FABRICANTE,revisada,no,,"**Declaración del fabricante:** Bosch recomienda utilizar hojas de diamante únicamente en máquinas y diámetros indicados en los manuales de la herramienta, montar con brida y no usar la amoladora sin protector. Estas instrucciones son generales de Bosch para sus accesorios y no autorizan el corte de vidrio."
/amoladoras/discos-vidrio/,DESCONOCIDO,revisada,no,,"**Desconocido:** no se verificó una ficha primaria de disco rotativo para vidrio que incluya forma de montaje, rpm y tipos de vidrio admitidos. Tampoco se evaluó un cortavidrios, un sistema de refrigeración o una técnica de corte. La composición del vidrio y la sujeción cambian los riesgos; consultá documentación del accesorio y equipo exactos."
/amoladoras/discos-vidrio/,ANÁLISIS TALLERLAB,revisada,no,,"**Análisis TallerLab:** si la tarea es una línea recta en una plancha, compará el proceso con un cortavidrios manual y una regla guía; la elección debe depender del tipo de vidrio y el acabado requerido. Esta página no declara que una técnica sirva para vidrio templado, laminado u otro tipo sin una fuente específica."
/amoladoras/discos-vidrio/,DESCONOCIDO,revisada,no,https://www.bosch-professional.com/es/es/disco-de-corte-con-diamante-expert-hard-ceramic-de-larga-vida-util-para-amoladoras-pequenas-x-lock-2867633-ocs-ac/,"Documentación primaria:** [FAQ Bosch sobre discos de diamante y vidrio](https://www.bosch-professional.com/es/es/disco-de-corte-con-diamante-expert-hard-ceramic-de-larga-vida-util-para-amoladoras-pequenas-x-lock-2867633-ocs-ac/); [manual Bosch de amoladora angular GWS 850](https://www.bosch-professional.com/binary/manualsmedia/o286626v21_gws_850-es-a3.pdf), para compatibilidad de accesorios, guarda y régimen de giro."
/amoladoras/discos-vidrio/,DESCONOCIDO,revisada,no,,Desconocido:** no se enlaza una oferta como recomendación técnica sin documentación del uso en vidrio.
/amoladoras/discos-vidrio/,DESCONOCIDO,revisada,no,,Opiniones de compradores:** no se revisó una muestra verificable.
/amoladoras/discos-vidrio/,DESCONOCIDO,revisada,no,,Para seguir comparando: [disco para cerámica](/amoladoras/discos-ceramica/).
/amoladoras/discos-vidrio/,DESCONOCIDO,revisada,no,,Para explorar la categoría: [guías de amoladoras](/amoladoras/).
/amoladoras/discos/,DESCONOCIDO,revisada,no,,Operación | Accesorio Bosch documentado | Material declarado | Dimensiones identificadas
/amoladoras/discos/,DESCONOCIDO,revisada,no,,"Cortar metal | PRO Metal 2 608 619 252 | Metal | 115 × 1,6 × 22,23 mm"
/amoladoras/discos/,DESCONOCIDO,revisada,no,,"Desbastar metal | PRO Metal 2 608 600 218 | Metal | 115 × 6 × 22,23 mm"
/amoladoras/discos/,DESCONOCIDO,revisada,no,,"Lijar/desbastar metal | Flap PRO X571, 2 608 607 322 | Acero y acero inoxidable en la familia | 115 mm, grano 40, agujero 22,23 mm"
/amoladoras/discos/,DESCONOCIDO,revisada,no,,"Cortar hormigón | PRO Concrete 2 608 602 651 | Hormigón | 115 mm, agujero 22,23 mm, segmento 12 mm"
/amoladoras/discos/,DESCONOCIDO,revisada,no,,"Cortar azulejo | PRO Ceramic 2 608 602 478 | Azulejos/cerámica | 115 × 1,4 × 22,23 mm"
/amoladoras/discos/,DATO VERIFICADO,revisada,no,,"**Dato verificado:** la matriz utiliza cinco códigos Bosch distintos. La categoría de material está tomada de la ficha de cada accesorio; la tabla no pretende cubrir todas las marcas, aleaciones ni modelos de disco."
/amoladoras/discos/,ANÁLISIS TALLERLAB,revisada,no,,"**Análisis TallerLab:** para evitar confusiones, identificá primero la operación (cortar, desbastar o lijar), luego el material y finalmente las dimensiones. En los ejemplos, el disco rígido de desbaste mide 6 mm de espesor, frente a 1,6 mm del disco de corte; el flap es un accesorio de láminas abrasivas. El diámetro común de 115 mm no hace que estos usos sean intercambiables."
/amoladoras/discos/,DECLARACIÓN DEL FABRICANTE,revisada,no,,**Declaración del fabricante:** Bosch publica la velocidad máxima admisible y materiales por código de accesorio. El manual de la amoladora exige que rpm del accesorio sean compatibles con las de la herramienta y que se utilicen la guarda y bridas indicadas.
/amoladoras/discos/,DESCONOCIDO,revisada,no,,"**Desconocido:** no se deduce por el nombre de una categoría que el disco sirva para vidrio, aluminio u otro material no mostrado en la fila. La tabla tampoco fija una técnica o velocidad para la pieza. Comprobá la etiqueta del accesorio exacto y las indicaciones del manual."
/amoladoras/discos/,DESCONOCIDO,revisada,no,,Campo de la etiqueta | Comprobación
/amoladoras/discos/,DESCONOCIDO,revisada,no,,Diámetro exterior | No debe superar el máximo de la amoladora
/amoladoras/discos/,DESCONOCIDO,revisada,no,,"Agujero y fijación | Debe coincidir con brida, tuerca o sistema X-Lock admitido"
/amoladoras/discos/,DESCONOCIDO,revisada,no,,Velocidad máxima | Debe ser igual o mayor que las rpm máximas de la herramienta
/amoladoras/discos/,DESCONOCIDO,revisada,no,,Material y operación | Debe incluir expresamente el trabajo que vas a hacer
/amoladoras/discos/,DESCONOCIDO,revisada,no,https://www.bosch-professional.com/ar/es/disco-de-corte-abrasivo-pro-metal-para-amoladoras-angulares-pequenas-x-lock-3090752-ocs-ac/,Documentación primaria:** [Bosch disco PRO Metal de corte](https://www.bosch-professional.com/ar/es/disco-de-corte-abrasivo-pro-metal-para-amoladoras-angulares-pequenas-x-lock-3090752-ocs-ac/); [Bosch disco PRO Metal de desbaste](https://www.bosch-professional.com/ar/es/disco-de-desbaste-abrasivo-pro-metal-para-amoladoras-angulares-pequenas-orificio-de-22-23-mm-osa-3090771-ocs-ac/); [Bosch flap PRO X571](https://www.bosch-professional.com/ar/es/disco-flap-pro-x571-para-amoladoras-angulares-peque
/amoladoras/discos/,DESCONOCIDO,revisada,no,https://www.bosch-professional.com/binary/manualsmedia/o606197v21_160992AD3S_202509.pdf,Seguridad:** [manual Bosch para amoladoras](https://www.bosch-professional.com/binary/manualsmedia/o606197v21_160992AD3S_202509.pdf).
/amoladoras/discos/,DESCONOCIDO,revisada,no,,Opiniones de compradores:** no se revisó una muestra verificable.
/amoladoras/discos/,DESCONOCIDO,revisada,no,,Para seguir comparando: [disco de corte para amoladora](/amoladoras/disco-de-corte/).
/amoladoras/discos/,DESCONOCIDO,revisada,no,,Para explorar la categoría: [guías de amoladoras](/amoladoras/).
/amoladoras/dowen-pagio/,DESCONOCIDO,revisada,no,,Código Dowen Pagio | Potencia declarada | Disco máximo | Velocidad sin carga | Control de velocidad | Eje
/amoladoras/dowen-pagio/,DESCONOCIDO,revisada,no,,9993220.7 / AA115H4 | 900 W | 115 mm | 12.000 rpm | No indicado como variable | El catálogo imprime “M14 (5/8–11)”
/amoladoras/dowen-pagio/,DESCONOCIDO,revisada,no,,9993220.9 / AA115SP2 | 1.050 W | 115 mm | 12.000 rpm | No indicado como variable | El catálogo imprime “M14 (5/8–11)”
/amoladoras/dowen-pagio/,DESCONOCIDO,revisada,no,,9993224.2 / AA125SPL | 1.250 W | 115/125 mm | 4.000–12.000 rpm | Variable | El catálogo imprime “M14 (5/8–11)”
/amoladoras/dowen-pagio/,DATO VERIFICADO,revisada,no,,"**Dato verificado:** el catálogo Dowen Pagio 2025 publica esos códigos y valores. También indica 220 V~50 Hz para los modelos. El título AA115SP2 presenta 1050 W con disco de 115 mm, aunque la tabla del fabricante nombra 115 mm; se usa esa medida documentada y no se infiere un disco de 125 mm."
/amoladoras/dowen-pagio/,DESCONOCIDO,revisada,no,,**Desconocido:** la ficha escribe “M14 (5/8–11)” para la rosca del eje. Esas designaciones son distintas; la ficha no aclara si está describiendo variantes o una equivalencia. Confirmá el manual y el eje de la unidad antes de comprar una brida o accesorio roscado.
/amoladoras/dowen-pagio/,ANÁLISIS TALLERLAB,revisada,no,,"**Análisis TallerLab:** el 9993220.9 declara 150 W más que el 9993220.7 y ambos publican 12.000 rpm sin carga y 115 mm. El 9993224.2 suma control variable y acepta 115/125 mm según el catálogo. Estas diferencias ayudan a identificar funciones y consumibles, pero no prueban más rapidez o calidad en uso."
/amoladoras/dowen-pagio/,DECLARACIÓN DEL FABRICANTE,revisada,no,,"**Declaración del fabricante:** el catálogo informa que los modelos 9993220.7 y 9993220.9 no incluyen disco de corte; no asumas que un kit comercial trae el mismo contenido. Verificá guardas, brida, interruptor y código completo al recibir el producto."
/amoladoras/dowen-pagio/,DESCONOCIDO,revisada,no,,"**Desconocido:** no se verificó disponibilidad, precio ni garantía de cada variante en el mercado actual. El catálogo no publica en la tabla una medida de peso común que permita comparar masa."
/amoladoras/dowen-pagio/,DESCONOCIDO,revisada,no,,Si necesitás… | Referencia documentada | Límite de esta comparación
/amoladoras/dowen-pagio/,DESCONOCIDO,revisada,no,,"Disco fijo de 115 mm | 9993220.7 o 9993220.9 | Potencia diferente, rpm iguales en catálogo"
/amoladoras/dowen-pagio/,DESCONOCIDO,revisada,no,,Ajustar las rpm | 9993224.2 | Revisar rango y manual según accesorio
/amoladoras/dowen-pagio/,DESCONOCIDO,revisada,no,,Usar disco de 125 mm | 9993224.2 | Confirmar que la guarda y variante ofertada correspondan
/amoladoras/dowen-pagio/,DESCONOCIDO,revisada,no,https://www.dowenpagioweb.com.ar/inventario/Catalogo-Dowen-Pagio-2025.pdf,Documentación primaria:** [catálogo oficial Dowen Pagio 2025](https://www.dowenpagioweb.com.ar/inventario/Catalogo-Dowen-Pagio-2025.pdf).
/amoladoras/dowen-pagio/,DESCONOCIDO,revisada,no,,"Seguridad:** usar discos compatibles con diámetro, agujero, velocidad y guarda del modelo."
/amoladoras/dowen-pagio/,DESCONOCIDO,revisada,no,,Opiniones de compradores:** no se revisó una muestra verificable.
/amoladoras/dowen-pagio/,DESCONOCIDO,revisada,no,,Para seguir comparando: [amoladoras Gamma](/amoladoras/gamma/).
/amoladoras/dowen-pagio/,DESCONOCIDO,revisada,no,,Para explorar la categoría: [guías de amoladoras](/amoladoras/).
/amoladoras/gamma/,DESCONOCIDO,revisada,no,,"Dato de ficha oficial | Gamma G1910KAR, kit | Gamma G1917AR"
/amoladoras/gamma/,DESCONOCIDO,revisada,no,,Potencia | 750 W | 850 W
/amoladoras/gamma/,DESCONOCIDO,revisada,no,,Velocidad sin carga | 11.000 rpm | 11.000 rpm
/amoladoras/gamma/,DESCONOCIDO,revisada,no,,Diámetro de disco | 115 mm | 115 mm
/amoladoras/gamma/,DESCONOCIDO,revisada,no,,Rosca de eje | M14 × 2 | M14 × 2
/amoladoras/gamma/,DESCONOCIDO,revisada,no,,"Accesorios publicados | 5 discos de corte, 5 discos de desbaste y maletín | Mango, guarda y llave según página de producto"
/amoladoras/gamma/,DESCONOCIDO,revisada,no,,Alimentación | 220 VCA / 50 Hz | 220 VCA / 50 Hz
/amoladoras/gamma/,DATO VERIFICADO,revisada,no,,**Dato verificado:** los datos proceden de las páginas oficiales Gamma para estos dos SKU. Gamma denomina el primero G1910KAR y al segundo G1917AR; no usar el sufijo “KAR” para asumir que otro modelo incluye accesorios.
/amoladoras/gamma/,ANÁLISIS TALLERLAB,revisada,no,,**Análisis TallerLab:** ambos modelos publican 11.000 rpm y disco de 115 mm. El G1917AR declara 100 W más; la diferencia útil del kit G1910KAR está en el contenido de caja publicado. No verificamos si el conjunto de discos cubre la tarea del comprador ni comparamos el precio del paquete con compras por separado.
/amoladoras/gamma/,DECLARACIÓN DEL FABRICANTE,revisada,no,,"**Declaración del fabricante:** Gamma describe el G1910KAR para corte, desbaste y esmerilado de metal, piedra y hormigón; la página del G1917AR enumera metal, madera y otros materiales. Esta diferencia de redacción no amplía la aplicación permitida por la ficha de discos: el accesorio exacto debe estar indicado para el material."
/amoladoras/gamma/,DESCONOCIDO,revisada,no,,**Desconocido:** no se revisó una muestra de compradores ni disponibilidad/garantía vigente por tienda. Confirmá que el aviso corresponda al código exacto y que los consumibles y el maletín estén incluidos.
/amoladoras/gamma/,DESCONOCIDO,revisada,no,,Confirmar en la publicación | G1910KAR según Gamma
/amoladoras/gamma/,DESCONOCIDO,revisada,no,,"Máquina | Amoladora de 750 W, disco 115 mm"
/amoladoras/gamma/,DESCONOCIDO,revisada,no,,Discos | Gamma enumera cinco discos de corte y cinco de desbaste
/amoladoras/gamma/,DESCONOCIDO,revisada,no,,Guardado | Maletín transportador incluido en ficha
/amoladoras/gamma/,DESCONOCIDO,revisada,no,,Compatibilidad | Eje M14 × 2 y 220 VCA / 50 Hz
/amoladoras/gamma/,DESCONOCIDO,revisada,no,https://www.gammaherramientas.com.ar/producto/amoladora-angular-750-w/,"Documentación primaria:** [Gamma G1910KAR, amoladora en kit](https://www.gammaherramientas.com.ar/producto/amoladora-angular-750-w/); [Gamma G1917AR, 850 W](https://www.gammaherramientas.com.ar/producto/amoladora-angular-850w/)."
/amoladoras/gamma/,DESCONOCIDO,revisada,no,,Opiniones de compradores:** no se revisó una muestra verificable.
/amoladoras/gamma/,DESCONOCIDO,revisada,no,,Para seguir comparando: [amoladoras Dowen Pagio](/amoladoras/dowen-pagio/).
/amoladoras/gamma/,DESCONOCIDO,revisada,no,,Para explorar la categoría: [guías de amoladoras](/amoladoras/).
/amoladoras/inalambricas/,DESCONOCIDO,revisada,no,,Dato publicado | Bosch GWS 18V-10 PC | INGCO CAGLI1151
/amoladoras/inalambricas/,DESCONOCIDO,revisada,no,,Plataforma indicada | 18 V Bosch Professional | 20 V INGCO
/amoladoras/inalambricas/,DESCONOCIDO,revisada,no,,Diámetro de disco | 125 mm | 115 mm
/amoladoras/inalambricas/,DESCONOCIDO,revisada,no,,Velocidad sin carga | 9.000 rpm | 8.500 rpm
/amoladoras/inalambricas/,DESCONOCIDO,revisada,no,,Rosca de eje | M14 | M14
/amoladoras/inalambricas/,DESCONOCIDO,revisada,no,,"Peso | 2,0 kg sin batería; 2,8 kg con batería | No publicado en ficha consultada"
/amoladoras/inalambricas/,DESCONOCIDO,revisada,no,,Batería y cargador | Bosch 18 V compatibles; la ficha depende de variante/kit | Se venden por separado
/amoladoras/inalambricas/,DATO VERIFICADO,revisada,no,,**Dato verificado:** las especificaciones se refieren a Bosch 0 601 9G3 E0B y al INGCO CAGLI1151 de la ficha oficial. La página INGCO no confirma disponibilidad en Argentina; la ficha Bosch sí pertenece al sitio regional argentino.
/amoladoras/inalambricas/,ANÁLISIS TALLERLAB,revisada,no,,"**Análisis TallerLab:** en estos dos códigos la herramienta Bosch admite un disco de 10 mm mayor y publica 500 rpm más sin carga. Es una diferencia de catálogo, no un ensayo de corte. Las etiquetas de 18 V y 20 V pertenecen a plataformas distintas y no permiten deducir autonomía, potencia bajo carga o compatibilidad cruzada."
/amoladoras/inalambricas/,DECLARACIÓN DEL FABRICANTE,revisada,no,,**Declaración del fabricante:** Bosch describe motor brushless y declara potencia equivalente a una herramienta con cable de 1.000 W; es una equivalencia publicitaria del fabricante. INGCO indica que CAGLI1151 se vende sin batería ni cargador. Ninguna declaración reemplaza una prueba común de corte.
/amoladoras/inalambricas/,DESCONOCIDO,revisada,no,,"**Desconocido:** no se compararon minutos de trabajo, cortes por carga, batería equivalente, peso completo del INGCO ni condiciones de uso. Para decidir, comprobá batería/cargador incluidos, diámetro de disco, guarda, código de mercado y disponibilidad de repuestos."
/amoladoras/inalambricas/,DESCONOCIDO,revisada,no,,Partida | Bosch GWS 18V-10 PC | INGCO CAGLI1151
/amoladoras/inalambricas/,DESCONOCIDO,revisada,no,,Cuerpo de herramienta | Código 0 601 9G3 E0B | Código CAGLI1151
/amoladoras/inalambricas/,DESCONOCIDO,revisada,no,,Batería/cargador | Compatibles con sistema Bosch Professional 18 V | No incluidos según ficha
/amoladoras/inalambricas/,DESCONOCIDO,revisada,no,,Disco | 125 mm máximo | 115 mm máximo
/amoladoras/inalambricas/,DESCONOCIDO,revisada,no,,"Peso del cuerpo | 2,0 kg | No publicado"
/amoladoras/inalambricas/,DESCONOCIDO,revisada,no,https://www.bosch-professional.com/ar/es/products/gws-18v-10-pc-06019G3E0B,"Documentación primaria:** [Bosch GWS 18V-10 PC Argentina](https://www.bosch-professional.com/ar/es/products/gws-18v-10-pc-06019G3E0B); [INGCO CAGLI1151](https://www.ingco.com/product/cordless-angle-grinder/CAGLI1151); [INGCO, baterías y plataforma 20 V](https://www.ingco.com/cl-en/products/cordless-tools)."
/amoladoras/inalambricas/,DESCONOCIDO,revisada,no,,Opiniones de compradores:** no se revisó una muestra verificable.
/amoladoras/inalambricas/,DESCONOCIDO,revisada,no,,Para seguir comparando: [amoladoras INGCO](/amoladoras/ingco/).
/amoladoras/inalambricas/,DESCONOCIDO,revisada,no,,Para explorar la categoría: [guías de amoladoras](/amoladoras/).
/amoladoras/ingco/,DESCONOCIDO,revisada,no,,Código INGCO | Mercado de página consultada | Potencia | Diámetro de disco | Velocidad en vacío | Eje
/amoladoras/ingco/,DESCONOCIDO,revisada,no,,AG750282 | India | 750 W | 100 mm | 12.000 rpm | M10
/amoladoras/ingco/,DESCONOCIDO,revisada,no,,AG8508 | Egipto | 950 W | 115 mm | 11.000 rpm | M14
/amoladoras/ingco/,DESCONOCIDO,revisada,no,,AG200018 | India | 2.000 W | 180 mm | 8.450 rpm | M14
/amoladoras/ingco/,DESCONOCIDO,revisada,no,,CAGLI1151 | Ficha global | 20 V | 115 mm | 8.500 rpm | M14
/amoladoras/ingco/,DATO VERIFICADO,revisada,no,,"**Dato verificado:** cada fila corresponde a un código de la documentación oficial INGCO. Las páginas corresponden a mercados distintos y no prueban la disponibilidad, tensión de red o garantía de esos modelos en Argentina. AG750282 admite 100 mm, no 115 mm; no confundas variantes por la potencia publicada."
/amoladoras/ingco/,ANÁLISIS TALLERLAB,revisada,no,,"**Análisis TallerLab:** las fichas muestran que “amoladora INGCO” no identifica un único tamaño: esta selección cubre 100, 115 y 180 mm. El AG200018 declara 1.250 W más que el AG8508 y un diámetro 65 mm mayor, pero publica una velocidad en vacío menor; no se deduce de esos números el ritmo o la calidad de corte. CAGLI1151 usa una plataforma de batería y no se compara por vatios con los modelos con cable."
/amoladoras/ingco/,DECLARACIÓN DEL FABRICANTE,revisada,no,,"**Declaración del fabricante:** INGCO identifica códigos de batería y características de cada versión por página regional. En CAGLI1151 indica que batería, cargador y disco no están incluidos. Esos contenidos no se trasladan a otros códigos ni a kits locales."
/amoladoras/ingco/,DESCONOCIDO,revisada,no,,"**Desconocido:** esta revisión no confirma distribuidores, servicio posventa, repuestos ni garantía en Argentina para AG750282, AG8508 o AG200018. Antes de comprar, cotejá etiqueta eléctrica, tamaño de disco, rosca, guarda y consumibles disponibles en el mercado local."
/amoladoras/ingco/,DESCONOCIDO,revisada,no,,Requisito | Código en esta muestra | Límite documental
/amoladoras/ingco/,DESCONOCIDO,revisada,no,,"Disco de 100 mm | AG750282 | Ficha india, 220–240 V según fabricante local de esa página"
/amoladoras/ingco/,DESCONOCIDO,revisada,no,,"Disco de 115 mm con cable | AG8508 | Ficha de Egipto, 220–240 V~50/60 Hz"
/amoladoras/ingco/,DESCONOCIDO,revisada,no,,"Disco de 180 mm con cable | AG200018 | Ficha de India, confirmar tensión y variante ofrecida"
/amoladoras/ingco/,DESCONOCIDO,revisada,no,,"Movilidad sin cable | CAGLI1151 | 20 V, batería/cargador aparte"
/amoladoras/ingco/,DESCONOCIDO,revisada,no,https://www.ingco.com/in/product/angle-grinder/AG750282,Documentación primaria:** [INGCO AG750282](https://www.ingco.com/in/product/angle-grinder/AG750282); [INGCO AG8508](https://www.ingco.com/eg-en/product/angle-grinder/AG8508); [INGCO AG200018](https://www.ingco.com/in/product/angle-grinder/AG200018); [INGCO CAGLI1151](https://www.ingco.com/product/cordless-angle-grinder/CAGLI1151).
/amoladoras/ingco/,DESCONOCIDO,revisada,no,,Opiniones de compradores:** no se revisó una muestra verificable.
/amoladoras/ingco/,DESCONOCIDO,revisada,no,,Para seguir comparando: [amoladoras inalámbricas](/amoladoras/inalambricas/).
/amoladoras/ingco/,DESCONOCIDO,revisada,no,,Para explorar la categoría: [guías de amoladoras](/amoladoras/).
/amoladoras/lusqtoff/,DESCONOCIDO,revisada,no,,Código | Alimentación | Potencia/tensión | Disco | Velocidad publicada | Peso publicado
/amoladoras/lusqtoff/,DESCONOCIDO,revisada,no,,"AML850-8 | Cable | 850 W; 220 V~50 Hz | 115 mm | 11.000 rpm | 2,60 kg"
/amoladoras/lusqtoff/,DESCONOCIDO,revisada,no,,"AML1010-8 | Cable | 1.010 W; 220 V~50 Hz | Hasta 125 mm | Variable, 0–11.000 rpm; seis posiciones | 2,60 kg"
/amoladoras/lusqtoff/,DESCONOCIDO,revisada,no,,"AML115-9B | Batería Iron Volt | 18 V | 115 mm | 0–8.500 rpm | 2,1 kg"
/amoladoras/lusqtoff/,DATO VERIFICADO,revisada,no,,"**Dato verificado:** AML850-8 y AML1010-8 aparecen en el catálogo Lusqtoff 2024–2025; AML115-9B figura en el catálogo de herramientas inalámbricas Black Series. El peso y la configuración corresponden a esos códigos, no a toda la marca."
/amoladoras/lusqtoff/,ANÁLISIS TALLERLAB,revisada,no,,**Análisis TallerLab:** AML1010-8 declara 160 W más que AML850-8 y agrega velocidad variable y soporte de disco de hasta 125 mm en catálogo. AML115-9B es inalámbrica y la ficha actual indica que no incluye batería ni cargador. Las rpm máximas publicadas no permiten comparar corte bajo carga entre cable y batería.
/amoladoras/lusqtoff/,DECLARACIÓN DEL FABRICANTE,revisada,no,,"**Declaración del fabricante:** Lusqtoff indica rosca M14 en los modelos con cable descritos, protección antipolvo en AML850-8 y tecnología brushless en AML115-9B. La página del AML115-9B también lista guarda de ajuste rápido y gatillo de hombre muerto. Son funciones atribuidas al código, no mediciones de TallerLab."
/amoladoras/lusqtoff/,DESCONOCIDO,revisada,no,,"**Desconocido:** no se verificaron autonomía, capacidad de corte, vibración comparativa, disponibilidad actual del catálogo antiguo ni garantía de una publicación concreta. La página de la batería AML115-9B no incluye cargador ni batería; sumalos al costo total si no los tenés."
/amoladoras/lusqtoff/,DESCONOCIDO,revisada,no,,Prioridad | Código documentado | Dato a tener en cuenta
/amoladoras/lusqtoff/,DESCONOCIDO,revisada,no,,"Alimentación con cable y disco de 115 mm | AML850-8 | 850 W, velocidad fija en catálogo"
/amoladoras/lusqtoff/,DESCONOCIDO,revisada,no,,Velocidad variable y opción de 125 mm | AML1010-8 | Confirmar guarda y disco del código vendido
/amoladoras/lusqtoff/,DESCONOCIDO,revisada,no,,Movilidad en sistema Iron Volt | AML115-9B | Batería y cargador vendidos aparte según fabricante
/amoladoras/lusqtoff/,DESCONOCIDO,revisada,no,https://www.lusqtoff.com.ar/2023/uploads/Catalogos/CAT%C3%81LOGO%20LQ%202024-2025%20-%20web%20%281%29.pdf,"Documentación primaria:** [catálogo Lusqtoff 2024–2025, AML850-8 y AML1010-8](https://www.lusqtoff.com.ar/2023/uploads/Catalogos/CAT%C3%81LOGO%20LQ%202024-2025%20-%20web%20%281%29.pdf); [Lusqtoff AML115-9B](https://lusqtoff.com.ar/ver-producto/AML115-9B); [catálogo oficial de herramientas Black Series](https://www.lusqtoff.com.ar/ver-productos/18-black-series)."
/amoladoras/lusqtoff/,DESCONOCIDO,revisada,no,,Opiniones de compradores:** no se revisó una muestra verificable.
/amoladoras/lusqtoff/,DESCONOCIDO,revisada,no,,Para seguir comparando: [amoladoras inalámbricas](/amoladoras/inalambricas/).
/amoladoras/lusqtoff/,DESCONOCIDO,revisada,no,,Para explorar la categoría: [guías de amoladoras](/amoladoras/).
/amoladoras/makita/,DATO VERIFICADO,revisada,no,,**Dato verificado:** las cifras de las matrices se transcriben de las fuentes identificadas en cada tabla; las cuentas propias se señalan como **Análisis TallerLab** y los datos sin respaldo como **Desconocido**.
/amoladoras/makita/,DATO VERIFICADO,revisada,no,,Modelo | Potencia absorbida | Disco | Velocidad en vacío | Peso publicado | Interruptor
/amoladoras/makita/,DATO VERIFICADO,revisada,no,,"GA4534 | 720 W | 115 mm | 11.000 rpm | 1,98–2,31 kg | Paleta"
/amoladoras/makita/,DATO VERIFICADO,revisada,no,,"9557HPG | 840 W | 115 mm | 11.000 rpm | 1,7–2,2 kg | Paleta"
/amoladoras/makita/,DATO VERIFICADO,revisada,no,,**Dato verificado:** la ficha argentina de Makita identifica esos valores para GA4534 y 9557HPG. El borrador mencionaba GA4530 como modelo de 720 W; la documentación local consultada identifica como GA4534 a la variante de 720 W. No transferimos automáticamente las especificaciones entre códigos parecidos.
/amoladoras/makita/,ANÁLISIS TALLERLAB,revisada,no,,"**Análisis TallerLab:** en estas dos fichas, 9557HPG declara 120 W más de potencia absorbida que GA4534 —un 16,7 % respecto de 720 W—, mientras que ambas comparten diámetro y velocidad en vacío publicada. Esa cuenta compara datos de placa; no predice velocidad bajo carga, rapidez de corte ni vida útil. Los rangos de peso se superponen y no permiten establecer una diferencia exacta sin fijar la configuración y el método de medición."
/amoladoras/makita/,DECLARACIÓN DEL FABRICANTE,revisada,no,,"**Declaración del fabricante:** Makita describe la 9557HPG con interruptor de paleta, cuerpo delgado y barniz protector contra polvo o residuos; la ficha de GA4534 también enumera interruptor de paleta. Son características declaradas por la marca, no observaciones de una prueba de TallerLab."
/amoladoras/makita/,DECLARACIÓN DEL FABRICANTE,revisada,no,,Comprobación | Motivo documental
/amoladoras/makita/,DECLARACIÓN DEL FABRICANTE,revisada,no,,Código completo y tensión | La familia y la terminación del código pueden identificar variantes diferentes.
/amoladoras/makita/,DECLARACIÓN DEL FABRICANTE,revisada,no,,Diámetro y agujero del disco | La ficha local consultada publica diámetro de 115 mm; confirmá montaje y dimensiones en el manual de la unidad.
/amoladoras/makita/,DECLARACIÓN DEL FABRICANTE,revisada,no,,"Peso de la configuración | Makita publica rangos, no un único peso para todos los paquetes."
/amoladoras/makita/,DECLARACIÓN DEL FABRICANTE,revisada,no,,Contenido y garantía | Confirmalos en la publicación y con el distribuidor local; la ficha técnica citada no respalda el contenido de cada kit ni su garantía comercial.
/amoladoras/makita/,DESCONOCIDO,revisada,no,,"**Desconocido:** no se verificaron disponibilidad actual de cada variante, precios, opiniones de una muestra definida, rendimiento comparativo ni la equivalencia entre GA4530 y GA4534."
/amoladoras/makita/,DESCONOCIDO,revisada,no,https://makita.com.ar/producto/386-amoladora-makita-115mm-4-1-2-720-w/,"Documentación primaria:** [Makita Argentina, GA4534](https://makita.com.ar/producto/386-amoladora-makita-115mm-4-1-2-720-w/); [Makita Argentina, 9557HPG](https://makita.com.ar/producto/387-amoladora-makita-115mm-4-1-2-840-w/); [catálogo Makita Argentina 2025](https://makita.com.ar/wp-content/uploads/2025/09/CATALOGO-2025-v2.pdf)."
/amoladoras/makita/,DESCONOCIDO,revisada,no,,"Seguridad:** usar disco, guarda y velocidad permitidos por el manual del código exacto."
/amoladoras/makita/,DESCONOCIDO,revisada,no,,Opiniones de compradores:** no se revisó una muestra verificable.
/amoladoras/makita/,DESCONOCIDO,revisada,no,,Para seguir comparando: [comparación de amoladoras DeWalt](/amoladoras/dewalt/).
/amoladoras/makita/,DESCONOCIDO,revisada,no,,Para explorar la categoría: [guías de amoladoras](/amoladoras/).
/amoladoras/recta/,DATO VERIFICADO,revisada,no,,**Dato verificado:** las cifras de las matrices se transcriben de las fuentes identificadas en cada tabla; las cuentas propias se señalan como **Análisis TallerLab** y los datos sin respaldo como **Desconocido**.
/amoladoras/recta/,DATO VERIFICADO,revisada,no,,Modelo eléctrico | Potencia absorbida | Velocidad en vacío | Peso | Dato de sujeción publicado
/amoladoras/recta/,DATO VERIFICADO,revisada,no,,"Bosch GGS 28 L, 0 601 224 0H0 | 500 W | 33.000 rpm | 1,4 kg | La página consultada no detalla el diámetro de pinza en el resumen"
/amoladoras/recta/,DATO VERIFICADO,revisada,no,,Makita GD0600 | 400 W | 25.000 rpm | Desconocido en la ficha consultada | Desconocido en la ficha consultada
/amoladoras/recta/,DATO VERIFICADO,revisada,no,,**Dato verificado:** Bosch presenta la GGS 28 L como rectificadora eléctrica de 500 W y 33.000 rpm; Makita Argentina publica 400 W y 25.000 rpm para GD0600. La ficha Bosch incluye un manual descargable para confirmar accesorios y montaje. No completamos la fila de Makita por analogía con otras rectas de la marca.
/amoladoras/recta/,ANÁLISIS TALLERLAB,revisada,no,,"**Análisis TallerLab:** en estos dos ejemplos con cable, la ficha Bosch declara 100 W más (25 % sobre 400 W) y 8.000 rpm más en vacío (32 % sobre 25.000 rpm). Son diferencias aritméticas de especificaciones, no una prueba de capacidad de desbaste. Pinza, accesorio admitido y velocidad máxima del accesorio deben cotejarse por herramienta y operación."
/amoladoras/recta/,ANÁLISIS TALLERLAB,revisada,no,,Variable de selección | Eléctrica | Neumática
/amoladoras/recta/,ANÁLISIS TALLERLAB,revisada,no,,Fuente de energía | Red eléctrica; los modelos citados usan cable | Aire comprimido de una instalación o compresor
/amoladoras/recta/,ANÁLISIS TALLERLAB,revisada,no,,"Datos que deben compararse | Potencia, rpm, pinza, peso y tensión del código | Consumo de aire, presión de trabajo, rpm, pinza y conexión del código"
/amoladoras/recta/,ANÁLISIS TALLERLAB,revisada,no,,Evidencia reunida para esta guía | Dos fichas de fabricante enlazadas abajo | No se encontró documentación primaria de un modelo neumático concreto en esta revisión
/amoladoras/recta/,ANÁLISIS TALLERLAB,revisada,no,,**Análisis TallerLab:** la comparación eléctrica sí tiene códigos y cifras rastreables; una conclusión sobre cuál neumática iguala a una eléctrica requeriría fichas de ambos modelos y datos de suministro de aire en condiciones comparables. Caudal nominal del compresor no sustituye el consumo declarado de la herramienta.
/amoladoras/recta/,DESCONOCIDO,revisada,no,,"**Desconocido:** no afirmamos caudal o presión neumáticos universales, accesorios compatibles por mera forma ni superioridad de una alimentación. Confirmá en el manual el rango de pinza, los accesorios permitidos, las rpm máximas y el resguardo correspondiente."
/amoladoras/recta/,DESCONOCIDO,revisada,no,https://www.bosch-professional.com/ar/es/products/ggs-28-l-06012240H0,"Documentación primaria:** [Bosch Professional Argentina, GGS 28 L](https://www.bosch-professional.com/ar/es/products/ggs-28-l-06012240H0); [Makita Argentina, GD0600](https://makita.com.ar/producto/434-amoladora-recta-makita-400-w/)."
/amoladoras/recta/,DESCONOCIDO,revisada,no,,Seguridad:** ficha Bosch ofrece el manual de GGS 28 L; verificar también el manual exacto de cualquier herramienta neumática elegida.
/amoladoras/recta/,DESCONOCIDO,revisada,no,,Opiniones de compradores:** no se revisó una muestra verificable.
/amoladoras/recta/,DESCONOCIDO,revisada,no,,Para seguir comparando: [amoladoras de banco](/amoladoras/de-banco/).
/amoladoras/recta/,DESCONOCIDO,revisada,no,,Para explorar la categoría: [guías de amoladoras](/amoladoras/).
/amoladoras/skil-830w/,DATO VERIFICADO,revisada,no,,**Dato verificado:** las cifras de las matrices se transcriben de las fuentes identificadas en cada tabla; las cuentas propias se señalan como **Análisis TallerLab** y los datos sin respaldo como **Desconocido**.
/amoladoras/skil-830w/,DATO VERIFICADO,revisada,no,,Modelo | Potencia absorbida | Disco | Velocidad en vacío | Peso publicado
/amoladoras/skil-830w/,DATO VERIFICADO,revisada,no,,"Skil 9004 | 830 W | 115 mm | 11.000 rpm | 1,8 kg"
/amoladoras/skil-830w/,DATO VERIFICADO,revisada,no,,"Skil 9002 | 700 W | 115 mm | 11.000 rpm | 1,8 kg"
/amoladoras/skil-830w/,DATO VERIFICADO,revisada,no,,"**Dato verificado:** el catálogo Skil Argentina 2019 consultado lista 830 W para 9004 y 700 W para 9002, además de diámetro, velocidad y peso. Un manual Skil/Bosch alojado por un distribuidor contiene instrucciones conjuntas para los modelos 9002 y 9004. La publicación de Sodimac para 9004 también indica 830 W, aunque su ficha de peso es peso embalado y no se usa para la comparación de peso neto."
/amoladoras/skil-830w/,ANÁLISIS TALLERLAB,revisada,no,,"**Análisis TallerLab:** la diferencia nominal de entrada es 130 W, equivalente a 18,6 % respecto de 700 W; la velocidad y el diámetro son iguales en el catálogo consultado. La diferencia no demuestra que el modelo 9004 corte más rápido: para eso harían falta condiciones y una prueba comparativa controlada. La coincidencia de peso publicado (1,8 kg) tampoco incorpora variaciones por accesorios o mercado."
/amoladoras/skil-830w/,ANÁLISIS TALLERLAB,revisada,no,,Comprobación de compra | Resultado de la documentación
/amoladoras/skil-830w/,ANÁLISIS TALLERLAB,revisada,no,,Código exacto | 9004: tipo F012 9004 AK en el catálogo; 9002: tipo F012 9002 AK
/amoladoras/skil-830w/,ANÁLISIS TALLERLAB,revisada,no,,Medida nominal | 115 mm (4½ pulgadas) en ambas referencias
/amoladoras/skil-830w/,ANÁLISIS TALLERLAB,revisada,no,,Velocidad publicada | 11.000 rpm en ambas referencias
/amoladoras/skil-830w/,ANÁLISIS TALLERLAB,revisada,no,,Diferencia de potencia nominal | 130 W; cálculo TallerLab a partir de 830 y 700 W
/amoladoras/skil-830w/,ANÁLISIS TALLERLAB,revisada,no,,Kit y garantía | Pueden cambiar según sufijo/país; verificar unidad y vendedor
/amoladoras/skil-830w/,DECLARACIÓN DEL FABRICANTE,revisada,no,,"**Declaración del fabricante:** el catálogo atribuye a 9004 cuerpo con soft grip y a ambos modelos interruptor resistente al polvo. Se conserva como descripción de marca, no como evaluación independiente del agarre ni de la vida de servicio."
/amoladoras/skil-830w/,DESCONOCIDO,revisada,no,,"**Desconocido:** la documentación consultada no prueba rendimiento bajo carga, duración, nivel de vibración o compatibilidad de cada disco con cada tarea. La página comercial consultada informa certificación y garantía para una publicación específica; no se extrapolan esos datos a todas las variantes."
/amoladoras/skil-830w/,DESCONOCIDO,revisada,no,https://descargas.bulonfer.com.ar/otros/SkilCat%C3%A1logo_2019.pdf,"Documentación primaria:** [catálogo Skil 2019, copia consultada](https://descargas.bulonfer.com.ar/otros/SkilCat%C3%A1logo_2019.pdf); [manual Skil 9002/9004](https://cdn.leroymerlin.com.br/medias/document-89382741-user-manual-esmerilhadeira-angular-4-1-2--115mm--700w-9002-127v--110v--100percent-rolamentada-skil.pdf)."
/amoladoras/skil-830w/,DESCONOCIDO,revisada,no,https://www.sodimac.com.ar/sodimac-ar/product/2355264/amoladora-angular-electrica-830-w-con-5-discos/2355264/,"Información comercial:** [ficha de publicación Sodimac, Skil 9004](https://www.sodimac.com.ar/sodimac-ar/product/2355264/amoladora-angular-electrica-830-w-con-5-discos/2355264/); se usa solo como contraste comercial, no para datos del peso neto."
/amoladoras/skil-830w/,DESCONOCIDO,revisada,no,,"Seguridad:** leer el manual de la variante, comprobar guarda, disco y tensión antes de usar."
/amoladoras/skil-830w/,DESCONOCIDO,revisada,no,,Opiniones de compradores:** no se revisó una muestra verificable.
/amoladoras/skil-830w/,DESCONOCIDO,revisada,no,,Para seguir comparando: [amoladoras Makita por código](/amoladoras/makita/).
/amoladoras/skil-830w/,DESCONOCIDO,revisada,no,,Para explorar la categoría: [guías de amoladoras](/amoladoras/).
/amoladoras/stanley/,DATO VERIFICADO,revisada,no,,**Dato verificado:** las cifras de las matrices se transcriben de las fuentes identificadas en cada tabla; las cuentas propias se señalan como **Análisis TallerLab** y los datos sin respaldo como **Desconocido**.
/amoladoras/stanley/,DATO VERIFICADO,revisada,no,,Código exacto | Fuente y mercado | Potencia publicada | Diámetro | Velocidad | Peso
/amoladoras/stanley/,DATO VERIFICADO,revisada,no,,STGS7115 | Página Stanley Perú | 710 W | 115 mm | No indicada en la página consultada | No indicada
/amoladoras/stanley/,DATO VERIFICADO,revisada,no,,"SG7115 | Manual Stanley, variantes listadas | 750 W | 115 mm | 12.000 rpm | 1,7 kg"
/amoladoras/stanley/,DATO VERIFICADO,revisada,no,,"**Dato verificado:** Stanley publica STGS7115 como amoladora de 710 W y 115 mm. El manual de SG7115, que lista tensiones y frecuencias para varias regiones, informa 750 W, 12.000 rpm, eje M14 y 1,7 kg para esa familia."
/amoladoras/stanley/,ANÁLISIS TALLERLAB,revisada,no,,"**Análisis TallerLab:** la diferencia aparente es de 40 W, pero los códigos no son idénticos y las fuentes describen variantes/regiones distintas. Por eso no se presenta como una evolución lineal ni como comparación de dos equipos locales equivalentes. La primera comprobación útil es leer la placa y el sufijo del producto ofrecido, y después usar el manual que coincide con tensión y código."
/amoladoras/stanley/,DECLARACIÓN DEL FABRICANTE,revisada,no,,"**Declaración del fabricante:** Stanley describe STGS7115 con engranajes en espiral y publica garantía de dos años en su página de Emiratos; la ficha de Perú muestra accesorios incluidos, pero no especifica allí la garantía. La garantía extranjera no demuestra cobertura argentina."
/amoladoras/stanley/,DESCONOCIDO,revisada,no,,"El material verificable reunido cubre dos modelos compactos de 115 mm. No se encontraron fichas primarias suficientes para completar en esta revisión una comparación homogénea de amoladoras Stanley de 9 pulgadas o de la plataforma V20. Sus potencias, baterías, peso, contenido de kit y garantía quedan **desconocidos** aquí; no trasladamos datos entre familias."
/amoladoras/stanley/,DESCONOCIDO,revisada,no,,Antes de comparar avisos | Verificación necesaria
/amoladoras/stanley/,DESCONOCIDO,revisada,no,,"Código | STGS7115, SG7115 u otro; conservar todas las letras y sufijos"
/amoladoras/stanley/,DESCONOCIDO,revisada,no,,Red eléctrica | Tensión y frecuencia que figuran en la placa
/amoladoras/stanley/,DESCONOCIDO,revisada,no,,Disco y rosca | Medida y montaje que corresponden al código exacto
/amoladoras/stanley/,DESCONOCIDO,revisada,no,,Garantía | Confirmación por escrito del vendedor o representante del país
/amoladoras/stanley/,DESCONOCIDO,revisada,no,https://pe.stanleytools.global/producto/stgs7115/esmeriladora-angular-de-4-12-115mm-de-710w,"Documentación primaria:** [Stanley Perú, STGS7115](https://pe.stanleytools.global/producto/stgs7115/esmeriladora-angular-de-4-12-115mm-de-710w); [manual Stanley SG7115/SG6115](https://www.toolservicenet.com/i/STANLEY/GLOBALBOM/B3/SG7115KD/1/Instruction_Manual/EN/NA007921_SG6115_SG7115.pdf)."
/amoladoras/stanley/,DESCONOCIDO,revisada,no,https://www.stanleytools.ae/product/stgs7115/710-w-115-mm-slider-small-angular-grinder,"Información regional:** [página Stanley Emiratos, STGS7115](https://www.stanleytools.ae/product/stgs7115/710-w-115-mm-slider-small-angular-grinder), consultada para identificar la afirmación de garantía de ese mercado."
/amoladoras/stanley/,DESCONOCIDO,revisada,no,,Opiniones de compradores:** no se revisó una muestra verificable.
/amoladoras/stanley/,DESCONOCIDO,revisada,no,,Para seguir comparando: [amoladoras Total de 115 mm](/amoladoras/total/).
/amoladoras/stanley/,DESCONOCIDO,revisada,no,,Para explorar la categoría: [guías de amoladoras](/amoladoras/).
/amoladoras/total/,DATO VERIFICADO,revisada,no,,**Dato verificado:** las cifras de las matrices se transcriben de las fuentes identificadas en cada tabla; las cuentas propias se señalan como **Análisis TallerLab** y los datos sin respaldo como **Desconocido**.
/amoladoras/total/,DATO VERIFICADO,revisada,no,,Referencia | Fuente consultada | Potencia | Disco | Velocidad en vacío | Tensión publicada
/amoladoras/total/,DATO VERIFICADO,revisada,no,,"TG10711576 | Distribuidor autorizado Namibia | 710 W | 115 mm | 12.000 rpm | 220–240 V, 50/60 Hz"
/amoladoras/total/,DATO VERIFICADO,revisada,no,,TG10711576 | Sitio oficial Total Túnez | 710 W | 115 mm | 11.000 rpm | 230 V
/amoladoras/total/,DATO VERIFICADO,revisada,no,,"**Dato verificado:** ambas fichas identifican el código TG10711576, 710 W y disco de 115 mm; difieren en las rpm publicadas (12.000 frente a 11.000) y describen su propio mercado/tensión. El dato de rosca M14 aparece en ambas fichas consultadas."
/amoladoras/total/,ANÁLISIS TALLERLAB,revisada,no,,"**Análisis TallerLab:** la diferencia de 1.000 rpm es una discrepancia documental que no se resuelve promediando cifras. Sin una ficha que identifique la variante vendida en Argentina, no elegimos una cifra como universal. La tabla vuelve visible por qué el código de catálogo y la placa de la unidad importan tanto como el nombre de marca."
/amoladoras/total/,ANÁLISIS TALLERLAB,revisada,no,,Al revisar una publicación | Qué cotejar
/amoladoras/total/,ANÁLISIS TALLERLAB,revisada,no,,Código completo | TG10711576 y cualquier sufijo local del envase o la placa
/amoladoras/total/,ANÁLISIS TALLERLAB,revisada,no,,Red eléctrica | La tensión de la ficha debe coincidir con la instalación y el producto
/amoladoras/total/,ANÁLISIS TALLERLAB,revisada,no,,Límite de giro | Disco marcado para una velocidad máxima compatible con la herramienta
/amoladoras/total/,ANÁLISIS TALLERLAB,revisada,no,,"Paquete | Las fichas consultadas listan mango auxiliar; confirmá guarda, llave y discos en el kit vendido"
/amoladoras/total/,ANÁLISIS TALLERLAB,revisada,no,,Garantía | No se deduce de la ficha internacional; verificar cobertura argentina
/amoladoras/total/,DESCONOCIDO,revisada,no,,"**Desconocido:** no se verificó una ficha técnica del importador argentino que resuelva las rpm de esta unidad, ni una comparación de rendimiento, peso o vida de servicio. No se atribuyen estas diferencias a una falla del fabricante; pueden corresponder a variantes regionales o a documentación distinta."
/amoladoras/total/,DESCONOCIDO,revisada,no,https://www.totalbusiness.com/kw-en/products/power-tools,"Documentación de producto por mercado:** [Total Tools, catálogo de productos](https://www.totalbusiness.com/kw-en/products/power-tools), donde figura la referencia TG10711576; [sitio Total Tools Túnez, ficha TG10711576](https://totaltunisia.com/products/meule-ang-115-710w-tg10711576)."
/amoladoras/total/,DESCONOCIDO,revisada,no,https://totaltools.com.na/shop/total-tools/power-tools-cordless-total-tools/angle-grinder-tg10711576/,"Distribuidor autorizado:** [Total Tools Namibia, TG10711576](https://totaltools.com.na/shop/total-tools/power-tools-cordless-total-tools/angle-grinder-tg10711576/)."
/amoladoras/total/,DESCONOCIDO,revisada,no,,Opiniones de compradores:** no se revisó una muestra verificable.
/amoladoras/total/,DESCONOCIDO,revisada,no,,Para seguir comparando: [amoladoras de velocidad variable](/amoladoras/velocidad-variable/).
/amoladoras/total/,DESCONOCIDO,revisada,no,,Para explorar la categoría: [guías de amoladoras](/amoladoras/).
/amoladoras/velocidad-variable/,DATO VERIFICADO,revisada,no,,**Dato verificado:** las cifras de las matrices se transcriben de las fuentes identificadas en cada tabla; las cuentas propias se señalan como **Análisis TallerLab** y los datos sin respaldo como **Desconocido**.
/amoladoras/velocidad-variable/,DATO VERIFICADO,revisada,no,,Modelo | Potencia absorbida | Disco | Rango de velocidad en vacío | Otras especificaciones publicadas
/amoladoras/velocidad-variable/,DATO VERIFICADO,revisada,no,,"Bosch GWS 9-125 S | 900 W | 125 mm | 2.800–11.000 rpm | M14; peso 1,9 kg; la ficha argentina consultada selecciona variante 127 V"
/amoladoras/velocidad-variable/,DATO VERIFICADO,revisada,no,,Dowen Pagio 9993224.2 | 900 W | 115/125 mm | 4.000–12.000 rpm | Regulador variable según página del producto
/amoladoras/velocidad-variable/,DATO VERIFICADO,revisada,no,,"**Dato verificado:** las fichas y catálogos enlazados declaran ambos rangos ajustables. Para Bosch, la página argentina muestra una variante de 127 V; el código y la tensión deben cotejarse antes de aplicar esos datos a otra versión. La página Dowen identifica los diámetros 115/125 mm y anuncia regulador variable."
/amoladoras/velocidad-variable/,ANÁLISIS TALLERLAB,revisada,no,,"**Análisis TallerLab:** los rangos no son equivalentes: el extremo inferior publicado para Bosch es 1.200 rpm menor y el superior de Dowen es 1.000 rpm mayor. La cuenta compara límites de ficha, no certifica exactitud del selector ni rpm bajo carga. Tampoco vuelve intercambiables los discos: cada accesorio debe respetar diámetro, velocidad máxima y aplicación indicados por su fabricante."
/amoladoras/velocidad-variable/,DESCONOCIDO,revisada,no,,"La regulación es una característica medible de la herramienta. Para decidir si una velocidad es apropiada hay que contrastar el material, el accesorio y las instrucciones de ambos fabricantes. Esta guía no recomienda una rpm concreta para acero inoxidable, madera, resina o pulido porque las fuentes reunidas no validan un ajuste universal para esos trabajos."
/amoladoras/velocidad-variable/,DESCONOCIDO,revisada,no,,Paso documental | Dato que debe coincidir
/amoladoras/velocidad-variable/,DESCONOCIDO,revisada,no,,"Identificar herramienta | Código, tensión y variante"
/amoladoras/velocidad-variable/,DESCONOCIDO,revisada,no,,"Identificar accesorio | Tipo, diámetro y velocidad máxima"
/amoladoras/velocidad-variable/,DESCONOCIDO,revisada,no,,"Leer ambos manuales | Material, montaje, protección y límites de operación"
/amoladoras/velocidad-variable/,DESCONOCIDO,revisada,no,,Elegir ajuste | Dentro del rango de la herramienta y sin superar el límite del accesorio
/amoladoras/velocidad-variable/,DECLARACIÓN DEL FABRICANTE,revisada,no,,"**Declaración del fabricante:** Bosch describe selección de revoluciones para trabajar con varios materiales; Dowen Pagio presenta un regulador de velocidad variable. Son características anunciadas, no resultados de ensayos de TallerLab."
/amoladoras/velocidad-variable/,DESCONOCIDO,revisada,no,,"**Desconocido:** no se midió estabilidad de rpm, temperatura, calidad del acabado, vibraciones ni diferencias de corte frente a modelos de velocidad fija. No afirmamos que bajar las rpm evite por sí solo quemaduras, deformación o accidentes."
/amoladoras/velocidad-variable/,DESCONOCIDO,revisada,no,https://www.bosch-professional.com/ar/es/products/gws-9-125-s-06013961D0,"Documentación primaria:** [Bosch Professional Argentina, GWS 9-125 S](https://www.bosch-professional.com/ar/es/products/gws-9-125-s-06013961D0); [Dowen Pagio 9993224.2](https://dowenpagioweb.com.ar/producto/amoladora-angular-115-125-mm); [catálogo Dowen Pagio 2025](https://www.dowenpagioweb.com.ar/inventario/Catalogo-Dowen-Pagio-2025.pdf)."
/amoladoras/velocidad-variable/,DESCONOCIDO,revisada,no,,"Seguridad:** verificar tensión, guarda, accesorio y rpm máxima en el manual de la variante exacta."
/amoladoras/velocidad-variable/,DESCONOCIDO,revisada,no,,Opiniones de compradores:** no se revisó una muestra verificable.
/amoladoras/velocidad-variable/,DESCONOCIDO,revisada,no,,Para seguir comparando: [comparación entre discos de 115 y 125 mm](/amoladoras/115-o-125/).
/amoladoras/velocidad-variable/,DESCONOCIDO,revisada,no,,Para explorar la categoría: [guías de amoladoras](/amoladoras/).
/compresores/100-litros/,DATO VERIFICADO,revisada,no,,**Dato verificado:** las cifras de las matrices se transcriben de las fuentes identificadas en cada tabla; las cuentas propias se señalan como **Análisis TallerLab** y los datos sin respaldo como **Desconocido**.
/compresores/100-litros/,DATO VERIFICADO,revisada,no,,Modelo | Tanque | Motor/alimentación | Caudal publicado | Presión máxima publicada | Peso publicado
/compresores/100-litros/,DATO VERIFICADO,revisada,no,,Lüsqtoff LC-30100 | 100 L | 3 HP; 220 V; a correa; bicilíndrico | 335 L/min | 115 psi | 115 kg en manual; 85 kg en catálogo 2023–24
/compresores/100-litros/,DATO VERIFICADO,revisada,no,,Gamma G2803AR | 100 L | 3 HP; 220 V; bicilíndrico | 250 L/min | 116 psi | No indicada en la ficha consultada
/compresores/100-litros/,DATO VERIFICADO,revisada,no,,"**Dato verificado:** ambas marcas publican depósito de 100 litros y motor de 3 HP. Lüsqtoff documenta 335 L/min en su manual LC-30100, mientras Gamma publica 250 L/min para G2803AR. Lüsqtoff publica dos pesos distintos en documentos consultados: el manual indica 115 kg y el catálogo 2023–2024 indica 85 kg."
/compresores/100-litros/,ANÁLISIS TALLERLAB,revisada,no,,"**Análisis TallerLab:** la diferencia aritmética de caudal publicado es 85 L/min (34 % respecto del valor Gamma). No equivale a una diferencia comprobada de caudal efectivo entregado: las páginas no identifican el mismo método de medición ni publican FAD a una presión de trabajo común. La discrepancia de peso de LC-30100 también impide mostrar un único valor sin más contexto; verificá placa, revisión del manual y unidad ofrecida."
/compresores/100-litros/,ANÁLISIS TALLERLAB,revisada,no,,Campo | Qué demuestra | Qué no demuestra por sí solo
/compresores/100-litros/,ANÁLISIS TALLERLAB,revisada,no,,Capacidad del tanque | Volumen nominal de almacenamiento declarado | Caudal sostenido de salida
/compresores/100-litros/,ANÁLISIS TALLERLAB,revisada,no,,Caudal en L/min | Cifra del fabricante para el modelo citado | FAD comparable si no se declara método/condición
/compresores/100-litros/,ANÁLISIS TALLERLAB,revisada,no,,Presión máxima | Límite de presión especificado | Presión útil y consumo de cada herramienta
/compresores/100-litros/,ANÁLISIS TALLERLAB,revisada,no,,Potencia del motor | Potencia indicada para la variante | Ciclo continuo o consumo eléctrico bajo carga
/compresores/100-litros/,DESCONOCIDO,revisada,no,,"**Desconocido:** no se localizaron fuentes primarias para respaldar los caudales FAD, ciclo de trabajo, nivel sonoro, horas de vida útil, corriente de arranque ni secciones de cable del borrador anterior; se retiraron esos valores. Tampoco recomendamos conectar herramientas por la sola capacidad del tanque: cotejá consumo y presión de la herramienta con un caudal de salida comparable, y respetá instalación y manuales."
/compresores/100-litros/,DESCONOCIDO,revisada,no,https://lusqtoff.com.ar/2023/uploads/Productos/16.%20COMPRESORES/LC-30100/MANUAL/LC-30100.pdf,Documentación primaria:** [manual Lüsqtoff LC-30100](https://lusqtoff.com.ar/2023/uploads/Productos/16.%20COMPRESORES/LC-30100/MANUAL/LC-30100.pdf); [catálogo Lüsqtoff 2023–2024](https://www.lusqtoff.com.ar/files/catalog-lusqtoff-2023-2024.pdf); [Gamma G2803AR](https://www.gammaherramientas.com.ar/producto/compresor-bicilindrico-de-100-litros/); [manual Gamma G2803AR](https://www.gammaherramientas.com.ar/web/wp-content/uploads/2017/07/Compresores_compresor-bicilindrico-de-100-litros_G2803AR-102-
/compresores/100-litros/,DESCONOCIDO,revisada,no,,Seguridad:** seguir el manual del compresor y de cada accesorio; el dimensionamiento eléctrico debe hacerlo una persona competente según instalación y normativa local.
/compresores/100-litros/,DESCONOCIDO,revisada,no,,Opiniones de compradores:** no se revisó una muestra verificable.
/compresores/100-litros/,DESCONOCIDO,revisada,no,,Para seguir comparando: [compresor de 50 litros](/compresores/50-litros/).
/compresores/100-litros/,DESCONOCIDO,revisada,no,,Para explorar la categoría: [guías de compresores](/compresores/).
/compresores/12v-doble-piston/,DATO VERIFICADO,revisada,no,,**Dato verificado:** las cifras de las matrices se transcriben de las fuentes identificadas en cada tabla; las cuentas propias se señalan como **Análisis TallerLab** y los datos sin respaldo como **Desconocido**.
/compresores/12v-doble-piston/,DATO VERIFICADO,revisada,no,,Modelo Gadnic | Tensión | Presión máxima | Caudal publicado | Cilindros | Uso continuo declarado
/compresores/12v-doble-piston/,DATO VERIFICADO,revisada,no,,AV000009 | 12 V | 150 PSI | 85 L/min | Doble | 30 min recomendado; 40 min máximo
/compresores/12v-doble-piston/,DATO VERIFICADO,revisada,no,,AV000012 | 12 V | 150 PSI | Título: 60 L/min; especificación: 35–60 L/min (la descripción también menciona 72 L/min) | Doble | 30 min recomendado; 40 min máximo
/compresores/12v-doble-piston/,DATO VERIFICADO,revisada,no,,"**Dato verificado:** la tienda Gadnic publica estas cifras y ambos productos indican conexión directa a batería. AV000009 lista 23 A máximos, manguera de 0,25 m más extensión de 5 m y peso de 2,54 kg. AV000012 lista 23 A máximos, cable de 3 m, manguera de 0,60 m más extensión de 2,90 m y peso de 1,4 kg."
/compresores/12v-doble-piston/,ANÁLISIS TALLERLAB,revisada,no,,"**Análisis TallerLab:** no comparamos AV000009 y AV000012 por rapidez de inflado. Para AV000012 el caudal aparece como 60, 35–60 y 72 L/min en distintas partes de la misma ficha; además, las páginas no precisan presión y método para hacer comparables los caudales. La discrepancia queda expuesta, no promediada. Un máximo de 150 PSI tampoco indica el tiempo para inflar una rueda concreta."
/compresores/12v-doble-piston/,ANÁLISIS TALLERLAB,revisada,no,,Comprobación | Dato disponible | Límite
/compresores/12v-doble-piston/,ANÁLISIS TALLERLAB,revisada,no,,Alimentación | 12 V; conexión directa a batería en ambas fichas | Confirmar método y polaridad en el manual
/compresores/12v-doble-piston/,ANÁLISIS TALLERLAB,revisada,no,,Corriente | 23 A máximos publicados | No se deduce compatibilidad con cualquier toma de encendedor
/compresores/12v-doble-piston/,ANÁLISIS TALLERLAB,revisada,no,,Ciclo | 30 min recomendado y 40 min máximo publicados | Seguir pausas y condiciones del manual
/compresores/12v-doble-piston/,ANÁLISIS TALLERLAB,revisada,no,,Accesorios | Mangueras y adaptadores listados por modelo | Verificar contenido del paquete adquirido
/compresores/12v-doble-piston/,ANÁLISIS TALLERLAB,revisada,no,,Caudal | 85 L/min en AV000009; cifras divergentes en AV000012 | No equivale a un ensayo de tiempo de inflado
/compresores/12v-doble-piston/,DESCONOCIDO,revisada,no,,**Declaración del fabricante/vendedor:** la ficha comercial de Gadnic presenta ambos como infladores portátiles de doble cilindro. Las recomendaciones de uso y las prestaciones quedan atribuidas a esa ficha; TallerLab no probó los equipos.
/compresores/12v-doble-piston/,DESCONOCIDO,revisada,no,,"**Desconocido:** no hay un ensayo propio de presión alcanzada, temperatura, tiempo por neumático ni comportamiento con una fuente eléctrica específica. Tampoco se revisó una muestra de opiniones para resumir experiencias de compradores. No se deben usar cifras de presión máxima como criterio único de compatibilidad."
/compresores/12v-doble-piston/,DESCONOCIDO,revisada,no,https://www.gadnic.com.ar/infladores-y-compresores/compresor-de-aire-12v-85l-min,"Información de producto:** [Gadnic AV000009, 85 L/min](https://www.gadnic.com.ar/infladores-y-compresores/compresor-de-aire-12v-85l-min); [Gadnic AV000012, ficha 60 L/min](https://www.gadnic.com.ar/infladores-y-compresores/compresor-de-aire-85l-min)."
/compresores/12v-doble-piston/,DESCONOCIDO,revisada,no,,"Seguridad:** seguir el manual de cada código respecto de conexión a batería, ciclo de trabajo y enfriamiento."
/compresores/12v-doble-piston/,DESCONOCIDO,revisada,no,,"Opiniones de compradores:** visibles en la página comercial de AV000009, pero no se extrajo ni analizó una muestra; por eso no se atribuye un patrón de experiencia a TallerLab."
/compresores/12v-doble-piston/,DESCONOCIDO,revisada,no,,Para seguir comparando: [compresores de aire para auto](/compresores/para-auto/).
/compresores/12v-doble-piston/,DESCONOCIDO,revisada,no,,Para explorar la categoría: [guías de compresores](/compresores/).
/compresores/200-litros/,DATO VERIFICADO,revisada,no,,**Dato verificado:** las cifras de las matrices se transcriben de las fuentes identificadas en cada tabla; las cuentas propias se señalan como **Análisis TallerLab** y los datos sin respaldo como **Desconocido**.
/compresores/200-litros/,DATO VERIFICADO,revisada,no,,Modelo | Tanque declarado | Potencia/tensión | Caudal o desplazamiento | Presión máxima | Peso neto
/compresores/200-litros/,DATO VERIFICADO,revisada,no,,Lüsqtoff LC-30200 | 200 L | 3 HP; 220 V monofásico | 335 L/min | 115 psi | 95 kg (catálogo 2024–25)
/compresores/200-litros/,DATO VERIFICADO,revisada,no,,"Schulz CSV 20/200, código 922.9303-0 | 172,8 L | 5 HP; 220 V | 566 L/min de desplazamiento teórico | 175 psi / 12,0 bar | 133,1 kg"
/compresores/200-litros/,DATO VERIFICADO,revisada,no,,"**Dato verificado:** Lüsqtoff identifica LC-30200 como tanque de 200 L, 3 HP y 335 L/min en su catálogo 2025. Schulz comercializa CSV 20/200, pero la ficha técnica del código 922.9303-0 declara volumen de reservorio de 172,8 L y desplazamiento teórico de 566 L/min. Por tanto, la etiqueta “20/200” no basta para inferir que el calderín mida exactamente 200 L."
/compresores/200-litros/,ANÁLISIS TALLERLAB,revisada,no,,"**Análisis TallerLab:** el desplazamiento teórico Schulz supera en 231 L/min el caudal publicado para Lüsqtoff, pero las fuentes no confirman una metodología común ni un caudal efectivo en herramienta; esta resta no es un ranking de entrega útil. La comparación sirve para separar volumen nominal/anunciado, desplazamiento y presión, que son magnitudes distintas."
/compresores/200-litros/,DESCONOCIDO,revisada,no,,"**Desconocido:** un catálogo Lusqtoff antiguo (2020/21) consignaba 415 L/min para LC-30200, frente a 335 L/min en el catálogo 2025. No se encontró una explicación que determine si cambió la ficha, el modelo o la medición, así que para este cuadro se cita el documento más reciente y se deja registrada la diferencia. La misma fuente antigua lista LC-40200 como 4 HP y 380 V; no se combina con la variante monofásica ni se recomienda una conexión eléctrica."
/compresores/200-litros/,DESCONOCIDO,revisada,no,,Requisito del taller | Comprobación documental
/compresores/200-litros/,DESCONOCIDO,revisada,no,,Tanque | Litros reales declarados para el código y revisión exactos
/compresores/200-litros/,DESCONOCIDO,revisada,no,,"Herramienta | Caudal requerido a presión de trabajo, en unidad/método comparables"
/compresores/200-litros/,DESCONOCIDO,revisada,no,,Alimentación | Tensión y número de fases de la placa frente a la instalación
/compresores/200-litros/,DESCONOCIDO,revisada,no,,Ciclo de trabajo | Límite del fabricante; desconocido para los modelos en esta matriz
/compresores/200-litros/,DESCONOCIDO,revisada,no,,"Instalación | Manual, protección y normativa local con instalador competente"
/compresores/200-litros/,DESCONOCIDO,revisada,no,https://www.lusqtoff.com.ar/2023/uploads/Catalogos/CAT%C3%81LOGO%20LQ%202024-2025%20-%20web%20%281%29.pdf,"Documentación primaria:** [catálogo Lüsqtoff 2024–2025](https://www.lusqtoff.com.ar/2023/uploads/Catalogos/CAT%C3%81LOGO%20LQ%202024-2025%20-%20web%20%281%29.pdf); [catálogo antiguo Lüsqtoff 2020–2021](https://lusqtoff.com.ar/files/Catalogo_Lusqtoff_2020.pdf); [ficha técnica Schulz CSV 20/200](https://www.schulz.com.br/wp-content/uploads/2020/09/Super-Catalogo-Geral-fev25-MI.pdf); [producto Schulz, familia 20/200](https://www.schulz.com.br/es/produtos/ver/922.9241-0/ME)."
/compresores/200-litros/,DESCONOCIDO,revisada,no,,"Seguridad:** dimensionamiento eléctrico, puesta en servicio y mantenimiento deben seguir el manual de la variante y la normativa aplicable."
/compresores/200-litros/,DESCONOCIDO,revisada,no,,Opiniones de compradores:** no se revisó una muestra verificable.
/compresores/200-litros/,DESCONOCIDO,revisada,no,,Para seguir comparando: [compresores de 100 litros](/compresores/100-litros/).
/compresores/200-litros/,DESCONOCIDO,revisada,no,,Para explorar la categoría: [guías de compresores](/compresores/).
/compresores/24-litros/,DATO VERIFICADO,revisada,no,,**Dato verificado:** las cifras de las matrices se transcriben de las fuentes identificadas en cada tabla; las cuentas propias se señalan como **Análisis TallerLab** y los datos sin respaldo como **Desconocido**.
/compresores/24-litros/,DATO VERIFICADO,revisada,no,,Modelo | Tanque | Motor/potencia | Presión máxima | Caudal publicado | Peso
/compresores/24-litros/,DATO VERIFICADO,revisada,no,,"Gamma G2860AR | 24 L | 1.500 W; 220 V; sin aceite | 8 bar / 116 psi | 236 L/min, descrito como flujo continuo | 21,3 kg"
/compresores/24-litros/,DATO VERIFICADO,revisada,no,,Lüsqtoff LC-0122 | 24 L | 1 HP / 750 W; 220 V; sin aceite | 115 psi | 180 L/min | 24 kg
/compresores/24-litros/,DATO VERIFICADO,revisada,no,,**Dato verificado:** las fichas de Gamma y Lüsqtoff identifican tanque de 24 L y publican los valores de la tabla. Gamma declara presión de conexión de 6 bar y desconexión a 8 bar; Lüsqtoff describe una unidad monofásica de pistón y mando directo.
/compresores/24-litros/,ANÁLISIS TALLERLAB,revisada,no,,"**Análisis TallerLab:** las fichas publican una diferencia de 56 L/min y 750 W entre estos ejemplos, pero Gamma llama a su cifra “flujo continuo” y Lüsqtoff la llama “caudal”; no se especifican condiciones comunes suficientes para tratar esa resta como ventaja efectiva. El dato de presión máxima tampoco prueba que una herramienta mantenga su caudal durante una operación continua."
/compresores/24-litros/,DATO VERIFICADO,revisada,no,,"**Dato verificado sobre la intención de búsqueda:** el modelo Lüsqtoff LC-2024 que aparecía en el borrador no es de 24 L: la página de fabricante lo identifica como modelo discontinuado de 40 L. Se retira como ejemplo de 24 L. Como referencia cercana de tamaño, Gamma G2801AR declara 25 L, 2 HP, 2.850 rpm y 27 kg; no es un modelo de 24 L y queda fuera de la comparación principal."
/compresores/24-litros/,DATO VERIFICADO,revisada,no,,Uso que estás evaluando | Dato que conviene cotejar
/compresores/24-litros/,DATO VERIFICADO,revisada,no,,"Inflado/soplado ocasional | Presión y caudal de la herramienta, conexiones y ciclo del compresor"
/compresores/24-litros/,DATO VERIFICADO,revisada,no,,Pintura | Consumo de la pistola a la presión elegida frente al caudal útil verificable; las fichas consultadas no bastan para afirmar compatibilidad universal
/compresores/24-litros/,DATO VERIFICADO,revisada,no,,Herramienta neumática continua | Caudal de salida bajo condiciones comparables y ciclo de trabajo; estos datos no están completos en ambas fichas
/compresores/24-litros/,DATO VERIFICADO,revisada,no,,Elección entre 24 y 25 L | Diferencia de tanque de 1 L entre ejemplos Gamma; no predice por sí sola recuperación ni entrega de aire
/compresores/24-litros/,DESCONOCIDO,revisada,no,,"**Desconocido:** no se verificó FAD comparable, ruido medido bajo un estándar común, duración de ciclo ni minutos de pintura por tanque. La descripción de bajo ruido es una declaración comercial del fabricante, no una medición de TallerLab."
/compresores/24-litros/,DESCONOCIDO,revisada,no,https://www.gammaherramientas.com.ar/producto/compresor-sin-aceite-24-l-2-hp/,"Documentación primaria:** [Gamma G2860AR, ficha 24 L](https://www.gammaherramientas.com.ar/producto/compresor-sin-aceite-24-l-2-hp/); [Lüsqtoff LC-0122, ficha 24 L](https://lusqtoff.com.ar/ver-producto/LC-0122); [Lüsqtoff LC-2024, ficha y capacidad real de 40 L](https://lusqtoff.com.ar/ver-producto/LC-2024); [Gamma G2801AR, 25 L](https://www.gammaherramientas.com.ar/producto/compresor-de-25-litros/)."
/compresores/24-litros/,DESCONOCIDO,revisada,no,,"Seguridad:** usar presión, ciclo, accesorios y mantenimiento especificados por el manual del código exacto."
/compresores/24-litros/,DESCONOCIDO,revisada,no,,Opiniones de compradores:** no se revisó una muestra verificable.
/compresores/24-litros/,DESCONOCIDO,revisada,no,,Para seguir comparando: [compresores de 50 litros](/compresores/50-litros/).
/compresores/24-litros/,DESCONOCIDO,revisada,no,,Para explorar la categoría: [guías de compresores](/compresores/).
/compresores/50-litros/,DESCONOCIDO,revisada,no,,"Un compresor de 50 litros ofrece más reserva que los [modelos compactos de 24 litros](/compresores/24-litros/) o las versiones de [compresor BTA de 25 litros](/compresores/bta-25-litros/). Que pueda alimentar una herramienta de forma continua depende del caudal que entrega a la presión de trabajo, además del tamaño del tanque."
/compresores/50-litros/,DESCONOCIDO,revisada,no,,"En esta guía de **Taller Lab** comparamos tres modelos identificados de 50 litros y explicamos qué datos pedir para evaluar si alcanzan para tu herramienta. La decisión entre 50 y 100 litros depende del caudal de salida, del consumo de aire y del ciclo de trabajo."
/compresores/50-litros/,DESCONOCIDO,revisada,no,,"El tanque da margen para tareas intermitentes. Antes de comprar, compará el caudal requerido por la herramienta con el caudal efectivo que informa el fabricante del compresor. Entre los usos posibles están:"
/compresores/50-litros/,DESCONOCIDO,revisada,no,,"Pintura general y esmaltado**: Permite pintar aberturas, rejas, muebles metálicos y paneles aislados de chapa automotriz. Para conocer requerimientos de caudal y compatibilidad con pistolas, consultá nuestra guía técnica sobre [compresor para pintar](/compresores/para-pintar/)."
/compresores/50-litros/,DESCONOCIDO,revisada,no,,Herramientas neumáticas de fijación**: Clavadoras y engrapadoras pueden ser compatibles si su consumo de aire está dentro del caudal que entrega el compresor.
/compresores/50-litros/,DESCONOCIDO,revisada,no,,"Soplado, limpieza e inflado**: Tareas breves que permiten pausas de recuperación del tanque. Verificá los requisitos de presión de cada accesorio."
/compresores/50-litros/,DESCONOCIDO,revisada,no,,Pistolas de lavado o pintura**: Compará el consumo de aire de la pistola con el caudal de salida publicado para el compresor a la presión elegida.
/compresores/50-litros/,DESCONOCIDO,revisada,no,,"Límites de uso**: Para arenado, amoladoras neumáticas y varias herramientas simultáneas, verificá especialmente caudal sostenido y ciclo de trabajo; la capacidad del tanque por sí sola no alcanza para decidir."
/compresores/50-litros/,DESCONOCIDO,revisada,no,,"Al comparar fichas técnicas de compresores de 50 litros, es fundamental distinguir los parámetros nominales del rendimiento efectivo:"
/compresores/50-litros/,DESCONOCIDO,revisada,no,,Parámetro | Rango estándar en 50 L | Importancia en el taller
/compresores/50-litros/,DESCONOCIDO,revisada,no,,Potencia del motor** | Varía según modelo | Comprobá la potencia y la alimentación de la unidad específica.
/compresores/50-litros/,DESCONOCIDO,revisada,no,,Presión máxima** | Varía según modelo | No indica por sí sola cuánto aire recibe la herramienta.
/compresores/50-litros/,DESCONOCIDO,revisada,no,,Caudal aspirado o desplazado** | Dato de entrada | No equivale al caudal de salida bajo presión.
/compresores/50-litros/,DESCONOCIDO,revisada,no,,Caudal de salida a una presión indicada** | Dato decisivo cuando está publicado | Comparalo con el consumo de la herramienta a esa misma presión.
/compresores/50-litros/,DESCONOCIDO,revisada,no,,Ruido y mantenimiento** | Dependen del diseño | Importan especialmente en espacios cerrados o para uso frecuente.
/compresores/50-litros/,DESCONOCIDO,revisada,no,https://www.einhell.com.ar/p/4010451-te-ac-270-50-silent/,"Aclaración técnica**: No conviertas el caudal aspirado en caudal útil mediante un porcentaje fijo. Pedí el dato de salida a la presión que usará tu herramienta. Einhell, por ejemplo, publica para el TE-AC 270/50 Silent 270 l/min de aspiración y 98 l/min de salida a 7 bar en su [ficha técnica](https://www.einhell.com.ar/p/4010451-te-ac-270-50-silent/)."
/compresores/50-litros/,DESCONOCIDO,revisada,no,,Estas tres fichas identifican modelos de 50 litros y permiten comparar datos declarados por los fabricantes. Los caudales no son directamente equivalentes cuando se miden en condiciones distintas:
/compresores/50-litros/,DESCONOCIDO,revisada,no,,Modelo | Potencia | Caudal declarado | Presión máxima | Ficha del modelo
/compresores/50-litros/,DESCONOCIDO,revisada,no,https://www.lusqtoff.com.ar/productos/compresor-de-aire-o-25-hp-50-lts-lc2550b-8,"Lüsqtoff LC2550B-8** | 2,5 HP / 1750 W | 206 l/min de flujo declarado; la ficha no indica salida a una presión concreta | 115 PSI | [Lüsqtoff](https://www.lusqtoff.com.ar/productos/compresor-de-aire-o-25-hp-50-lts-lc2550b-8)"
/compresores/50-litros/,DESCONOCIDO,revisada,no,https://www.gammaherramientas.com.ar/web/wp-content/uploads/compresores_compresor-de-50-litros_G2802AR-102-manual.pdf,"Gamma G2802AR** | 2,5 HP | 203 l/min desplazados; el manual no indica salida a una presión concreta | 8 bar | [Manual Gamma](https://www.gammaherramientas.com.ar/web/wp-content/uploads/compresores_compresor-de-50-litros_G2802AR-102-manual.pdf)"
/compresores/50-litros/,DESCONOCIDO,revisada,no,https://www.einhell.com.ar/p/4010451-te-ac-270-50-silent/,Einhell TE-AC 270/50 Silent** | 1650 W | 270 l/min de aspiración; 98 l/min de salida a 7 bar | 10 bar | [Einhell](https://www.einhell.com.ar/p/4010451-te-ac-270-50-silent/)
/compresores/50-litros/,DESCONOCIDO,revisada,no,,Nota técnica sobre condiciones de medición**: Einhell separa aspiración y salida a distintas presiones. Los datos publicados por Lüsqtoff y Gamma para estos modelos no permiten una comparación directa del caudal útil a 7 bar.
/compresores/50-litros/,DESCONOCIDO,revisada,no,https://www.gammaherramientas.com.ar/producto/compresor-de-50-litros/,"La [página comercial de Gamma](https://www.gammaherramientas.com.ar/producto/compresor-de-50-litros/) indica 2 HP para el G2802AR, mientras que el manual enlazado indica 2,5 HP. Por esa discrepancia, confirmá el código y la placa del equipo con el vendedor antes de comparar potencia."
/compresores/50-litros/,DESCONOCIDO,revisada,no,,Esta matriz cruza especificaciones con la decisión práctica. «No informado» significa que la fuente enlazada no permite afirmarlo; no supone que el producto carezca de esa característica.
/compresores/50-litros/,DESCONOCIDO,revisada,no,,Variable | Lüsqtoff LC2550B-8 | Gamma G2802AR | Einhell TE-AC 270/50 Silent | Decisión
/compresores/50-litros/,DESCONOCIDO,revisada,no,,"Uso y caudal útil | 206 l/min de flujo, sin presión de medición | 203 l/min desplazados, sin salida a presión | 98 l/min a 7 bar | Para herramientas continuas, pedir salida a la presión de uso. Solo Einhell publica aquí un dato comparable con el consumo a 7 bar."
/compresores/50-litros/,DESCONOCIDO,revisada,no,,"Potencia declarada | 2,5 HP / 1750 W | 2,5 HP en manual; 2 HP en página comercial | 1650 W | Confirmar la variante Gamma; potencia de motor no equivale a caudal útil."
/compresores/50-litros/,DESCONOCIDO,revisada,no,,"Peso | 30 kg | 27 kg en página comercial | 34,45 kg | Considerar traslados y escalones; verificar si el aviso incluye ruedas."
/compresores/50-litros/,DESCONOCIDO,revisada,no,,Plataforma de batería | No aplica: equipos de red | No aplica: equipos de red | No aplica: equipos de red | Confirmar tensión e instalación.
/compresores/50-litros/,DESCONOCIDO,revisada,no,,Garantía y repuestos en Argentina | Consultar cobertura y repuesto del código exacto | Consultar cobertura y repuesto del código exacto | Consultar cobertura y repuesto del código exacto | Pedir condiciones por escrito al vendedor y servicio local antes de pagar.
/compresores/50-litros/,DESCONOCIDO,revisada,no,,"Precio y consumibles | Sin precio comparable verificado | Sin precio comparable verificado | Sin precio comparable verificado | Sumar envío, aceite si corresponde, filtros, manguera y accesorios del kit; comparar avisos de igual configuración."
/compresores/50-litros/,DESCONOCIDO,revisada,sí,,"**Lectura editorial:** Einhell ofrece el dato más útil para dimensionar una herramienta que pide aire a 7 bar. Eso no lo convierte automáticamente en la mejor compra: hay que comparar el consumo real de la herramienta, el ciclo de trabajo y el precio final. Las fichas disponibles no permiten ordenar los tres modelos por caudal útil."
/compresores/50-litros/,DESCONOCIDO,revisada,no,,"También podés consultar las guías de [Lüsqtoff de 50 litros](/compresores/lusqtoff-50-litros/) y [Gamma de 50 litros](/compresores/gamma-50-litros/). Antes de elegir, verificá el código exacto del modelo, el caudal de salida a la presión necesaria y el servicio disponible para esa unidad."
/compresores/50-litros/,DESCONOCIDO,revisada,no,,Hay trabajos para los que la reserva de 50 L puede resultar insuficiente si el motor no repone aire al ritmo necesario:
/compresores/50-litros/,DESCONOCIDO,revisada,no,,Pintura automotriz completa**: La demanda de aire sostenida puede superar el caudal útil de un equipo de 50 litros. Compará el consumo de la pistola con la salida del compresor a la presión de aplicación.
/compresores/50-litros/,DESCONOCIDO,revisada,no,,Llaves de impacto neumáticas de uso intensivo**: Los picos y la repetición del trabajo pueden agotar la reserva del tanque antes de que el motor la reponga.
/compresores/50-litros/,DESCONOCIDO,revisada,no,,Lijadoras y amoladoras neumáticas**: Su consumo continuo exige revisar especialmente el caudal de salida y el ciclo de trabajo permitido por el fabricante.
/compresores/50-litros/,DESCONOCIDO,revisada,no,,"En esos escenarios, compará un [compresor de 100 litros](/compresores/100-litros/) con caudal de salida y ciclo de trabajo adecuados. Un tanque más grande por sí solo no garantiza que alcance."
/compresores/50-litros/,DESCONOCIDO,revisada,no,,"Al filtrar compresores de 50 litros en Mercado Libre, prestá atención a:"
/compresores/50-litros/,DESCONOCIDO,revisada,no,,"Contenido de la publicación**: Muchos vendedores ofrecen ""combos"" que incluyen kit de 5 piezas (manguera, inflador, pistola de sopleteo y pintura)."
/compresores/50-litros/,DESCONOCIDO,revisada,no,,"Alimentación eléctrica**: Comprobá tensión, enchufe y requisitos de instalación en el manual del modelo exacto antes de conectarlo."
/compresores/50-litros/,DESCONOCIDO,revisada,no,,"Condiciones de envío**: Consultá peso, entrega a domicilio y costo de despacho de la publicación concreta."
/compresores/50-litros/,DESCONOCIDO,revisada,no,https://meli.la/32SJoX7,"Si ya compraste el compresor sin accesorios, el [kit Lusqtoff de 5 piezas](https://meli.la/32SJoX7){:target=""_blank"" rel=""sponsored noopener""} es una compra separada para sumar manguera y pistolas. No incluye el compresor de 50 litros; revisá las conexiones antes de comprarlo."
/compresores/50-litros/,DATO VERIFICADO,revisada,no,,"**Dato verificado:** las cifras de la tabla comparativa proceden de las fichas de los modelos enlazados. **Declaración del fabricante:** potencia, caudal y presión son valores publicados por cada marca; TallerLab no los midió. **Análisis TallerLab:** la matriz distingue caudal aspirado de salida a presión y señala la discrepancia de potencia de Gamma. **Desconocido:** no disponemos de una medición propia ni de caudales de salida comparables para los tres equipos. No resumimos opiniones de compra"
/compresores/50-litros/,DESCONOCIDO,revisada,no,https://www.lusqtoff.com.ar/productos/compresor-de-aire-o-25-hp-50-lts-lc2550b-8,"Documentación primaria:** [ficha Lüsqtoff LC2550B-8](https://www.lusqtoff.com.ar/productos/compresor-de-aire-o-25-hp-50-lts-lc2550b-8), [manual Gamma G2802AR](https://www.gammaherramientas.com.ar/web/wp-content/uploads/compresores_compresor-de-50-litros_G2802AR-102-manual.pdf) y [ficha Einhell TE-AC 270/50 Silent](https://www.einhell.com.ar/p/4010451-te-ac-270-50-silent/)."
/compresores/50-litros/,DESCONOCIDO,revisada,no,https://www.gammaherramientas.com.ar/producto/compresor-de-50-litros/,"Información comercial:** [página Gamma G2802AR](https://www.gammaherramientas.com.ar/producto/compresor-de-50-litros/), usada solo para documentar la discrepancia con el manual."
/compresores/50-litros/,DESCONOCIDO,revisada,no,,Opiniones:** no consultadas para las conclusiones de esta guía.
/compresores/50-litros/,DESCONOCIDO,revisada,no,,"Para comparar otras capacidades y accesorios, volvé al [hub de compresores](/compresores/)."
/compresores/aceite/,DATO VERIFICADO,revisada,no,,**Dato verificado:** las cifras se atribuyen al fabricante o documento indicado en cada tabla. Los cálculos se identifican como **Análisis TallerLab**; lo que no se pudo confirmar queda como **Desconocido**. Esta guía es documental y no incluye prueba física.
/compresores/aceite/,DESCONOCIDO,revisada,no,,Tipo de análisis: documental
/compresores/aceite/,DESCONOCIDO,revisada,no,,Prueba física de TallerLab: no
/compresores/aceite/,DESCONOCIDO,revisada,no,,Especificaciones contrastadas: sí
/compresores/aceite/,DESCONOCIDO,revisada,no,,Opiniones de compradores: no
/compresores/aceite/,DESCONOCIDO,revisada,no,,Fuentes primarias: sí
/compresores/aceite/,DESCONOCIDO,revisada,no,,Última revisión: 27/09/2026
/compresores/aceite/,DESCONOCIDO,revisada,no,,Modelo y documento | Lubricante indicado | Intervalo o control que sí aparece
/compresores/aceite/,DESCONOCIDO,revisada,no,,"Gamma G2802AR, 50 L | SAE 30 o L-DAB 100 sobre 10 °C; SAE 10 o L-DAB 68 bajo 10 °C | Primer cambio a las 10 h; luego cada 500 h"
/compresores/aceite/,DESCONOCIDO,revisada,no,,"Lüsqtoff LC-40100 | Aceite normal 40W, según manual | Cambio después de 50 h de uso"
/compresores/aceite/,DESCONOCIDO,revisada,no,,"Lüsqtoff LC-30100 | El manual consultado indica llenar hasta el punto rojo del visor, pero no fija un grado en el fragmento de mantenimiento revisado | Uso ocasional: cada 6 meses; uso diario: cada 1.000 h, según el manual"
/compresores/aceite/,DATO VERIFICADO,revisada,no,,"**Dato verificado:** estas son instrucciones de los manuales de los modelos citados, no equivalencias creadas por TallerLab. Gamma establece grados distintos según temperatura; Lüsqtoff también presenta pautas que dependen del modelo. Un SAE no se debe convertir automáticamente a ISO VG con una tabla genérica para decidir qué poner en un equipo."
/compresores/aceite/,ANÁLISIS TALLERLAB,revisada,no,,"**Análisis TallerLab:** la diferencia entre manuales basta para descartar «ISO VG 100» o «SAE 30» como respuesta universal. Para comprar, prevalece el manual del código y revisión exactos. Si la etiqueta, el manual disponible y el aceite recomendado por el servicio técnico difieren, registrá el código de serie y pedí confirmación al fabricante antes de rellenar."
/compresores/aceite/,ANÁLISIS TALLERLAB,revisada,no,,Paso | Qué cotejar | Límite
/compresores/aceite/,ANÁLISIS TALLERLAB,revisada,no,,"Identificar el equipo | Marca, código y si la bomba requiere lubricación | “Compresor de 50 litros” no identifica por sí solo el lubricante"
/compresores/aceite/,ANÁLISIS TALLERLAB,revisada,no,,"Consultar el manual | Grado, temperatura ambiente, nivel y primer cambio | No extrapolar intervalos de otro modelo"
/compresores/aceite/,ANÁLISIS TALLERLAB,revisada,no,,Revisar el visor | Posición de nivel que especifica el manual | No llenar por volumen supuesto
/compresores/aceite/,ANÁLISIS TALLERLAB,revisada,no,,Desechar y mantener | Procedimiento de cambio y drenaje indicado para ese equipo | Esta guía no sustituye el procedimiento seguro del fabricante
/compresores/aceite/,DESCONOCIDO,revisada,no,,"**Desconocido:** no confirmamos una regla general sobre aceites detergentes, volúmenes en mililitros ni equivalencias SAE/ISO para todos los compresores. El manual LC-30100 consultado explica el nivel y los intervalos, pero no respalda por sí solo un grado que no aparece en esa instrucción."
/compresores/aceite/,DESCONOCIDO,revisada,no,https://www.gammaherramientas.com.ar/web/wp-content/uploads/compresores_compresor-de-50-litros_G2802AR-102-manual.pdf,Documentación primaria:** [manual Gamma G2802AR](https://www.gammaherramientas.com.ar/web/wp-content/uploads/compresores_compresor-de-50-litros_G2802AR-102-manual.pdf); [manual Lüsqtoff LC-40100](https://lusqtoff.com.ar/2023/uploads/Productos/16.%20COMPRESORES/LC-40100/MANUAL/LC-40100.pdf); [manual Lüsqtoff LC-30100](https://lusqtoff.com.ar/2023/uploads/Productos/16.%20COMPRESORES/LC-30100/MANUAL/LC-30100.pdf).
/compresores/aceite/,DESCONOCIDO,revisada,no,,Opiniones de compradores:** no se revisó una muestra verificable.
/compresores/aceite/,DESCONOCIDO,revisada,no,,Para seguir comparando: [compresor Gamma de 50 litros](/compresores/gamma-50-litros/).
/compresores/aceite/,DESCONOCIDO,revisada,no,,Para conocer el criterio editorial: [Cómo trabajamos](/como-trabajamos/).
/compresores/aceite/,DESCONOCIDO,revisada,no,,Para explorar la categoría: [guías de compresores](/compresores/).
/compresores/acoples-rapidos/,DATO VERIFICADO,revisada,no,,**Dato verificado:** las cifras se atribuyen al fabricante o documento indicado en cada tabla. Los cálculos se identifican como **Análisis TallerLab**; lo que no se pudo confirmar queda como **Desconocido**. Esta guía es documental y no incluye prueba física.
/compresores/acoples-rapidos/,DESCONOCIDO,revisada,no,,Tipo de análisis: documental
/compresores/acoples-rapidos/,DESCONOCIDO,revisada,no,,Prueba física de TallerLab: no
/compresores/acoples-rapidos/,DESCONOCIDO,revisada,no,,Especificaciones contrastadas: sí
/compresores/acoples-rapidos/,DESCONOCIDO,revisada,no,,Opiniones de compradores: no
/compresores/acoples-rapidos/,DESCONOCIDO,revisada,no,,Fuentes primarias: sí
/compresores/acoples-rapidos/,DESCONOCIDO,revisada,no,,Última revisión: 27/09/2026
/compresores/acoples-rapidos/,DESCONOCIDO,revisada,no,,Elemento que debe coincidir | Ejemplo documentado | Qué no se deduce
/compresores/acoples-rapidos/,DESCONOCIDO,revisada,no,,Perfil del enchufe y del acople | Parker publica tablas de intercambio de perfiles neumáticos; CEJN identifica perfiles y series específicas | La palabra “europeo” o el aspecto exterior no confirma compatibilidad
/compresores/acoples-rapidos/,DESCONOCIDO,revisada,no,,Diámetro nominal de la conexión | BTA ofrece el conector tipo italiano hembra 279106 de Ø 1/4″ | Ø 1/4″ no identifica por sí solo el perfil de enchufe ni la rosca
/compresores/acoples-rapidos/,DESCONOCIDO,revisada,no,,"Rosca de montaje | Debe cotejarse en la ficha de cada pieza (por ejemplo, BSPP, BSPT o NPT) | No inferir NPT/BSP por el diámetro exterior aproximado"
/compresores/acoples-rapidos/,DESCONOCIDO,revisada,no,,Válvula y desconexión | CEJN eSafe Series 300 describe un acople con descarga de presión antes de separar | No todas las hembras tienen función de descarga de seguridad
/compresores/acoples-rapidos/,DATO VERIFICADO,revisada,no,,"**Dato verificado:** Parker y CEJN documentan varios perfiles de acople neumático. La ficha BTA del código 279106 identifica un conector hembra tipo italiano Ø 1/4″, lo que ofrece una referencia de producto local concreta; no certifica compatibilidad con cualquier macho comercializado como “universal”."
/compresores/acoples-rapidos/,ANÁLISIS TALLERLAB,revisada,no,,"**Análisis TallerLab:** para comprobar una pareja hacen falta al menos dos identificadores independientes: perfil de acople y tipo/medida de rosca. Una rosca compatible no hace coincidir perfiles distintos, y un perfil compatible no resuelve una rosca incorrecta. La tabla de intercambio del fabricante del acople es la referencia; una prueba de ajuste sin presión no demuestra estanqueidad bajo servicio."
/compresores/acoples-rapidos/,ANÁLISIS TALLERLAB,revisada,no,,Orden | Comprobación | Evidencia que conviene guardar
/compresores/acoples-rapidos/,ANÁLISIS TALLERLAB,revisada,no,,"1 | Leer marca, código y perfil marcado en ambas piezas | Ficha o catálogo del fabricante"
/compresores/acoples-rapidos/,ANÁLISIS TALLERLAB,revisada,no,,2 | Confirmar rosca y género en cada extremo | Especificación del racor y del acople
/compresores/acoples-rapidos/,ANÁLISIS TALLERLAB,revisada,no,,3 | Revisar presión nominal y mecanismo de cierre | Marcado/manual de los dos componentes
/compresores/acoples-rapidos/,ANÁLISIS TALLERLAB,revisada,no,,4 | Despresurizar antes de desconectar | Procedimiento del equipo y del fabricante del acople
/compresores/acoples-rapidos/,DESCONOCIDO,revisada,no,,**Desconocido:** no se declara qué perfil domina en todas las herramientas vendidas en Argentina ni qué combinación concreta encaja con una pieza sin código. Tampoco se asigna una rosca a partir de fotos o nombres comerciales.
/compresores/acoples-rapidos/,DESCONOCIDO,revisada,no,https://www.parker.com/content/dam/Parker-com/Divisions-2011/Quick-Coupling-Division/SupportAssets/PneuInterchgChart.pdf,"Documentación primaria:** [Parker, tabla de intercambio de acoples neumáticos](https://www.parker.com/content/dam/Parker-com/Divisions-2011/Quick-Coupling-Division/SupportAssets/PneuInterchgChart.pdf); [CEJN, guía de identificación de niples](https://prod.cejn.com/en-us/guides-support/toolbox/compressed-air-nipple-guide/); [catálogo BTA 2026/27, conector tipo italiano 279106](https://btatools.com.ar/catalogo/catalogo-bta-2026-27-1.pdf); [CEJN, eSafe Series 300](https://www.cejn.com/globalassets/"
/compresores/acoples-rapidos/,DESCONOCIDO,revisada,no,,Seguridad:** despresurizar y seguir instrucciones de acople y herramienta antes de separar una conexión.
/compresores/acoples-rapidos/,DESCONOCIDO,revisada,no,,Opiniones de compradores:** no se revisó una muestra verificable.
/compresores/acoples-rapidos/,DESCONOCIDO,revisada,no,,Para seguir comparando: [kits de accesorios para compresor](/compresores/kits-accesorios/).
/compresores/acoples-rapidos/,DESCONOCIDO,revisada,no,,Para conocer el criterio editorial: [Cómo trabajamos](/como-trabajamos/).
/compresores/acoples-rapidos/,DESCONOCIDO,revisada,no,,Para explorar la categoría: [guías de compresores](/compresores/).
/compresores/bta-25-litros/,DATO VERIFICADO,revisada,no,,**Dato verificado:** las cifras se atribuyen al fabricante o documento indicado en cada tabla. Los cálculos se identifican como **Análisis TallerLab**; lo que no se pudo confirmar queda como **Desconocido**. Esta guía es documental y no incluye prueba física.
/compresores/bta-25-litros/,DESCONOCIDO,revisada,no,,Tipo de análisis: documental
/compresores/bta-25-litros/,DESCONOCIDO,revisada,no,,Prueba física de TallerLab: no
/compresores/bta-25-litros/,DESCONOCIDO,revisada,no,,Especificaciones contrastadas: sí
/compresores/bta-25-litros/,DESCONOCIDO,revisada,no,,Opiniones de compradores: no
/compresores/bta-25-litros/,DESCONOCIDO,revisada,no,,Fuentes primarias: sí
/compresores/bta-25-litros/,DESCONOCIDO,revisada,no,,Última revisión: 27/09/2026
/compresores/bta-25-litros/,DESCONOCIDO,revisada,no,,Modelo BTA | Código/modelo | Potencia | Tanque | Presión máx. | Caudal que declara BTA
/compresores/bta-25-litros/,DESCONOCIDO,revisada,no,,"Compresor 25 L | 272057.1 / D-CA1-25-6 | 1,5 kW (2 HP) | 25 L | 8 bar | Admisión: 206 L/min"
/compresores/bta-25-litros/,DESCONOCIDO,revisada,no,,"Compresor portátil sin aceite 24 L | 272005 | 1,5 kW (2 HP) | 24 L | 8 bar | Admisión: 170 L/min en ficha consultada"
/compresores/bta-25-litros/,DATO VERIFICADO,revisada,no,,"**Dato verificado:** la ficha BTA del 25 L especifica 220 V~50 Hz, 2.850 rpm, admisión de 206 L/min y tanque de 25 L. BTA presenta el 24 L como una variante portátil sin aceite; sus cifras describen esa ficha y no se transfieren al equipo de 25 L."
/compresores/bta-25-litros/,ANÁLISIS TALLERLAB,revisada,no,,"**Análisis TallerLab:** el modelo de 25 L declara 36 L/min más de admisión que el 24 L (21,2 % respecto de 170 L/min), pero no se publica una condición común de medición ni un caudal efectivo de salida a presión de trabajo. La resta sirve para comparar lo impreso en las fichas; no permite asegurar tiempos de inflado o aptitud para una herramienta neumática continua."
/compresores/bta-25-litros/,ANÁLISIS TALLERLAB,revisada,no,,Pregunta | Respuesta con la evidencia disponible
/compresores/bta-25-litros/,ANÁLISIS TALLERLAB,revisada,no,,"¿Es un tanque de 25 L? | Sí, la ficha del código 272057.1 declara 25 L"
/compresores/bta-25-litros/,ANÁLISIS TALLERLAB,revisada,no,,"¿Qué motor declara? | 1,5 kW / 2 HP, 220 V~50 Hz"
/compresores/bta-25-litros/,ANÁLISIS TALLERLAB,revisada,no,,¿Cuánto aire entrega bajo carga? | No se localizó un valor de FAD comparable; 206 L/min es admisión declarada
/compresores/bta-25-litros/,ANÁLISIS TALLERLAB,revisada,no,,¿Se verificó el paquete y su garantía? | El catálogo vigente muestra el modelo; confirmar contenido y términos en el vendedor y documentación entregada
/compresores/bta-25-litros/,ANÁLISIS TALLERLAB,revisada,no,,¿Hay experiencia propia u opiniones resumidas? | No; no se probó la unidad ni se analizó una muestra de reseñas
/compresores/bta-25-litros/,DESCONOCIDO,revisada,no,,"**Desconocido:** las fichas consultadas no bastan para recomendarlo para pintura continua, ni para declarar ciclos, ruido, tiempo de recuperación o repuestos disponibles. Compará el caudal de salida bajo una presión común con el consumo de la herramienta y usá la especificación del modelo exacto."
/compresores/bta-25-litros/,DESCONOCIDO,revisada,no,https://btatools.com.ar/producto/compresor-de-aire-25-litros-2-0-hp,"Documentación primaria:** [BTA, ficha del modelo D-CA1-25-6](https://btatools.com.ar/producto/compresor-de-aire-25-litros-2-0-hp); [catálogo BTA 2026/27](https://btatools.com.ar/catalogo/catalogo-bta-2026-27-1.pdf); [BTA, compresor portátil sin aceite 24 L](https://btatools.com.ar/producto/compresor-de-aire-24-litros-2-0-hp-portatil-sin-aceite)."
/compresores/bta-25-litros/,DESCONOCIDO,revisada,no,,Opiniones de compradores:** no se revisó una muestra verificable.
/compresores/bta-25-litros/,DESCONOCIDO,revisada,no,,Para seguir comparando: [compresor de 24 litros](/compresores/24-litros/).
/compresores/bta-25-litros/,DESCONOCIDO,revisada,no,,Para conocer el criterio editorial: [Cómo trabajamos](/como-trabajamos/).
/compresores/bta-25-litros/,DESCONOCIDO,revisada,no,,Para explorar la categoría: [guías de compresores](/compresores/).
/compresores/filtros/,DATO VERIFICADO,revisada,no,,**Dato verificado:** las cifras se atribuyen al fabricante o documento indicado en cada tabla. Los cálculos se identifican como **Análisis TallerLab**; lo que no se pudo confirmar queda como **Desconocido**. Esta guía es documental y no incluye prueba física.
/compresores/filtros/,DESCONOCIDO,revisada,no,,Tipo de análisis: documental
/compresores/filtros/,DESCONOCIDO,revisada,no,,Prueba física de TallerLab: no
/compresores/filtros/,DESCONOCIDO,revisada,no,,Especificaciones contrastadas: sí
/compresores/filtros/,DESCONOCIDO,revisada,no,,Opiniones de compradores: no
/compresores/filtros/,DESCONOCIDO,revisada,no,,Fuentes primarias: sí
/compresores/filtros/,DESCONOCIDO,revisada,no,,Última revisión: 27/09/2026
/compresores/filtros/,DESCONOCIDO,revisada,no,,Componente | Dónde trabaja | Dato de fabricante | Límite de lectura
/compresores/filtros/,DESCONOCIDO,revisada,no,,Filtro de admisión del compresor | Entrada de aire de la bomba | El manual Gamma G2802AR ordena revisar y mantener limpio el filtro de admisión | No es el conjunto de tratamiento de línea
/compresores/filtros/,DESCONOCIDO,revisada,no,,"Filtro-regulador-lubricador BTA AA-2040I, código 802834.1 | Línea neumática aguas abajo del tanque | Conexión 1/2″; elemento filtrante de 5–40 µm; drenaje automático/manual; presión máxima 145 psi | La ficha muestra 50 NI/min como “pulverizado (caudal)” y 4.000 NI/min como caudal mínimo de goteo"
/compresores/filtros/,DATO VERIFICADO,revisada,no,,"**Dato verificado:** el AA-2040I no es un repuesto de admisión: BTA lo describe como conjunto de filtro, regulador y lubricador para la línea de aire. Su propia ficha publica dos valores de caudal con rótulos distintos (50 y 4.000 NI/min), así que los transcribimos sin interpretarlos como una única capacidad de servicio."
/compresores/filtros/,ANÁLISIS TALLERLAB,revisada,no,,"**Análisis TallerLab:** la selección empieza por la ubicación y función del componente. El filtro de admisión protege la entrada indicada por el fabricante del compresor; el conjunto de línea trata el aire y regula la presión después del tanque. Una rosca de 1/2″, una filtración en micrones y un caudal son campos diferentes y ninguno sustituye a los otros."
/compresores/filtros/,ANÁLISIS TALLERLAB,revisada,no,,Necesidad | Dato a cotejar
/compresores/filtros/,ANÁLISIS TALLERLAB,revisada,no,,Reemplazar el elemento de entrada | Código del compresor y referencia de filtro indicada en su manual
/compresores/filtros/,ANÁLISIS TALLERLAB,revisada,no,,"Instalar tratamiento de línea | Rosca, presión nominal, sentido de flujo y caudal requerido de la unidad FRL"
/compresores/filtros/,ANÁLISIS TALLERLAB,revisada,no,,Filtrar partículas | Micronaje especificado y contaminante objetivo; no inferir pureza respirable
/compresores/filtros/,ANÁLISIS TALLERLAB,revisada,no,,Lubricar herramienta | Confirmar si la herramienta requiere lubricación y el lubricante indicado
/compresores/filtros/,DESCONOCIDO,revisada,no,,"**Desconocido:** BTA no aclara en la ficha consultada cómo se relacionan sus dos cifras de caudal ni las condiciones de medición. No deducimos que el conjunto quite toda el agua o todo contaminante, ni lo recomendamos para aire respirable o aplicaciones sensibles."
/compresores/filtros/,DESCONOCIDO,revisada,no,https://btatools.com.ar/producto/filtro-regulador-y-lubricador-de-aire-1-2,"Documentación primaria:** [BTA, filtro-regulador-lubricador AA-2040I](https://btatools.com.ar/producto/filtro-regulador-y-lubricador-de-aire-1-2); [manual Gamma G2802AR, mantenimiento del filtro de admisión](https://www.gammaherramientas.com.ar/web/wp-content/uploads/compresores_compresor-de-50-litros_G2802AR-102-manual.pdf); [catálogo BTA 2026/27](https://btatools.com.ar/catalogo/catalogo-bta-2026-27-1.pdf)."
/compresores/filtros/,DESCONOCIDO,revisada,no,,Seguridad:** instalar y mantener cada componente según su manual y la presión permitida.
/compresores/filtros/,DESCONOCIDO,revisada,no,,Opiniones de compradores:** no se revisó una muestra verificable.
/compresores/filtros/,DESCONOCIDO,revisada,no,,Para seguir comparando: [acoples rápidos para compresor](/compresores/acoples-rapidos/).
/compresores/filtros/,DESCONOCIDO,revisada,no,,Para conocer el criterio editorial: [Cómo trabajamos](/como-trabajamos/).
/compresores/filtros/,DESCONOCIDO,revisada,no,,Para explorar la categoría: [guías de compresores](/compresores/).
/compresores/gamma-50-litros/,DATO VERIFICADO,revisada,no,,**Dato verificado:** las cifras se atribuyen al fabricante o documento indicado en cada tabla. Los cálculos se identifican como **Análisis TallerLab**; lo que no se pudo confirmar queda como **Desconocido**. Esta guía es documental y no incluye prueba física.
/compresores/gamma-50-litros/,DESCONOCIDO,revisada,no,,Tipo de análisis: documental
/compresores/gamma-50-litros/,DESCONOCIDO,revisada,no,,Prueba física de TallerLab: no
/compresores/gamma-50-litros/,DESCONOCIDO,revisada,no,,Especificaciones contrastadas: sí
/compresores/gamma-50-litros/,DESCONOCIDO,revisada,no,,Opiniones de compradores: no
/compresores/gamma-50-litros/,DESCONOCIDO,revisada,no,,Fuentes primarias: sí
/compresores/gamma-50-litros/,DESCONOCIDO,revisada,no,,Última revisión: 27/09/2026
/compresores/gamma-50-litros/,DESCONOCIDO,revisada,no,,Documento/producto | Tanque | Potencia publicada | Otros datos identificados
/compresores/gamma-50-litros/,DESCONOCIDO,revisada,no,,"Gamma G2802AR, página de producto | 50 L | Título: 2,5 HP; tabla técnica: 2 HP | 220 V–50 Hz; 2.850 rpm; 27 kg"
/compresores/gamma-50-litros/,DESCONOCIDO,revisada,no,,"Gamma G2802AR, manual | 50 L | 2,5 HP | Manual compartido para las variantes 25 L (2,2 HP) y 50 L (2,5 HP)"
/compresores/gamma-50-litros/,DESCONOCIDO,revisada,no,,"Gamma G2802KAR, versión en kit | 50 L | 2,5 HP | La página presenta accesorios incluidos; confirmar su lista en la oferta concreta"
/compresores/gamma-50-litros/,DATO VERIFICADO,revisada,no,,"**Dato verificado:** la página Gamma del G2802AR presenta ambas cifras de potencia: “2.5 HP” en su título y “2 HP” en la tabla. El manual del fabricante identifica 2,5 HP para la variante de 50 L. Esa diferencia queda visible; no se promedian ni se oculta. El G2802KAR es la presentación en kit identificada en otra página Gamma."
/compresores/gamma-50-litros/,ANÁLISIS TALLERLAB,revisada,no,,"**Análisis TallerLab:** para describir la variante de 50 L, el manual respalda 2,5 HP, mientras la tabla online conserva un valor contradictorio de 2 HP. La ficha disponible registra 27 kg, 220 V–50 Hz y 2.850 rpm. Antes de aplicar estas especificaciones a una unidad, cotejá placa y código completos; el sufijo KAR afecta la presentación del paquete."
/compresores/gamma-50-litros/,ANÁLISIS TALLERLAB,revisada,no,,Campo | G2802AR | G2802KAR | Qué falta confirmar
/compresores/gamma-50-litros/,ANÁLISIS TALLERLAB,revisada,no,,Presentación | Compresor G2802AR | Compresor comercializado como kit | El contenido exacto del vendedor
/compresores/gamma-50-litros/,ANÁLISIS TALLERLAB,revisada,no,,Capacidad | 50 L | 50 L | Que placa y embalaje coincidan con el código
/compresores/gamma-50-litros/,ANÁLISIS TALLERLAB,revisada,no,,"Potencia | Manual: 2,5 HP; tabla de web: 2 HP | Página de kit: 2,5 HP | La cifra de la página técnica general es contradictoria"
/compresores/gamma-50-litros/,ANÁLISIS TALLERLAB,revisada,no,,Caudal útil/FAD | No establecido en la página citada | No se usa para declarar herramienta compatible | Requerir condición comparable y presión de trabajo
/compresores/gamma-50-litros/,DESCONOCIDO,revisada,no,,"**Desconocido:** no afirmamos caudal efectivo, ciclo continuo, nivel sonoro medido, compatibilidad universal con pintura ni disponibilidad de repuestos. Las expresiones comerciales sobre usos no sustituyen al cotejo de consumo, presión y ciclo del accesorio neumático."
/compresores/gamma-50-litros/,DESCONOCIDO,revisada,no,https://www.gammaherramientas.com.ar/producto/compresor-de-50-litros/,"Documentación primaria:** [Gamma G2802AR, ficha y descargas](https://www.gammaherramientas.com.ar/producto/compresor-de-50-litros/); [manual Gamma G2802AR](https://www.gammaherramientas.com.ar/web/wp-content/uploads/compresores_compresor-de-50-litros_G2802AR-102-manual.pdf); [Gamma G2802KAR, versión en kit](https://www.gammaherramientas.com.ar/producto/compresor-de-50-litros-en-kit/)."
/compresores/gamma-50-litros/,DESCONOCIDO,revisada,no,,Opiniones de compradores:** no se revisó una muestra verificable.
/compresores/gamma-50-litros/,DESCONOCIDO,revisada,no,,Para seguir comparando: [compresor BTA de 25 litros](/compresores/bta-25-litros/).
/compresores/gamma-50-litros/,DESCONOCIDO,revisada,no,,Para conocer el criterio editorial: [Cómo trabajamos](/como-trabajamos/).
/compresores/gamma-50-litros/,DESCONOCIDO,revisada,no,,Para explorar la categoría: [guías de compresores](/compresores/).
/compresores/inalambricos/,DATO VERIFICADO,revisada,no,,**Dato verificado:** las cifras se atribuyen al fabricante o documento indicado en cada tabla. Los cálculos se identifican como **Análisis TallerLab**; lo que no se pudo confirmar queda como **Desconocido**. Esta guía es documental y no incluye prueba física.
/compresores/inalambricos/,DESCONOCIDO,revisada,no,,Tipo de análisis: documental
/compresores/inalambricos/,DESCONOCIDO,revisada,no,,Prueba física de TallerLab: no
/compresores/inalambricos/,DESCONOCIDO,revisada,no,,Especificaciones contrastadas: sí
/compresores/inalambricos/,DESCONOCIDO,revisada,no,,Opiniones de compradores: no
/compresores/inalambricos/,DESCONOCIDO,revisada,no,,Fuentes primarias: sí
/compresores/inalambricos/,DESCONOCIDO,revisada,no,,Última revisión: 27/09/2026
/compresores/inalambricos/,DESCONOCIDO,revisada,no,,Modelo a batería | Presión máxima | Caudal declarado | Tanque | Peso publicado
/compresores/inalambricos/,DESCONOCIDO,revisada,no,,"Einhell PRESSITO 18/25 | 11 bar | Aspiración 25 L/min; entrega 17 / 11 / 9 L/min a 0 / 4 / 7 bar | 0 L | 2,28 kg"
/compresores/inalambricos/,DESCONOCIDO,revisada,no,,"Einhell PRESSITO 18/21 | 10,5 bar | Aspiración 21 L/min; entrega 14 / 9 / 6 L/min a 0 / 4 / 7 bar | 0 L | 2,06 kg"
/compresores/inalambricos/,DESCONOCIDO,revisada,no,,"Makita DMP180Z | 8,3 bar | 12 / 8 / 7 L/min a 200 / 700 / 830 kPa | 0 L | 1,7 kg"
/compresores/inalambricos/,DATO VERIFICADO,revisada,no,,**Dato verificado:** Einhell identifica ambos PRESSITO como equipos Power X-Change de 18 V sin batería ni cargador incluidos en las configuraciones citadas; sus fichas publican tanque de 0 L. Makita DMP180Z es también un inflador portátil de batería con valores de caudal publicados por presión. No se confunden con compresores con calderín.
/compresores/inalambricos/,ANÁLISIS TALLERLAB,revisada,no,,"**Análisis TallerLab:** los caudales bajan al aumentar la presión en cada ficha, por lo que la cifra de aspiración no describe el caudal a presión alta. PRESSITO 18/25 declara 3 L/min más que 18/21 a 7 bar (50 % respecto de 6 L/min), pero no se usa esa diferencia para afirmar un tiempo real de inflado: condiciones, batería y medición no son un ensayo común. Tanque cero significa que estas fichas no respaldan su uso como depósito para alimentar de forma continua herramientas neumáticas."
/compresores/inalambricos/,ANÁLISIS TALLERLAB,revisada,no,,Si necesitás… | Evidencia que importa
/compresores/inalambricos/,ANÁLISIS TALLERLAB,revisada,no,,Inflar un neumático o balón | Presión objetivo y caudal a esa presión
/compresores/inalambricos/,ANÁLISIS TALLERLAB,revisada,no,,"Llevar el equipo en el vehículo | Batería compatible, accesorios y método de carga/energía"
/compresores/inalambricos/,ANÁLISIS TALLERLAB,revisada,no,,Alimentar una herramienta neumática | Caudal continuo a presión de trabajo y reserva; los tres ejemplos de esta tabla no tienen tanque
/compresores/inalambricos/,ANÁLISIS TALLERLAB,revisada,no,,"Comprar un kit listo para usar | Verificar si el código incluye batería, cargador, adaptadores y manguera"
/compresores/inalambricos/,DESCONOCIDO,revisada,no,,"**Desconocido:** no se compararon autonomía, tiempo de inflado por rueda, ruido o rendimiento con una batería común. Tampoco se afirma que la etiqueta “inalámbrico” implique tanque o compatibilidad con herramientas de taller."
/compresores/inalambricos/,DESCONOCIDO,revisada,no,https://www.einhell.com.ar/p/4020420-pressito-18-25/,Documentación primaria:** [Einhell Argentina PRESSITO 18/25](https://www.einhell.com.ar/p/4020420-pressito-18-25/); [Einhell Argentina PRESSITO 18/21](https://www.einhell.com.ar/p/4020467-pressito-18-21/); [Makita Argentina DMP180Z](https://makita.com.ar/producto/978-inflador-inalambrico/); [catálogo Makita Argentina 2025](https://makita.com.ar/wp-content/uploads/2025/09/CATALOGO-2025-v2.pdf).
/compresores/inalambricos/,DESCONOCIDO,revisada,no,,Opiniones de compradores:** no se revisó una muestra verificable.
/compresores/inalambricos/,DESCONOCIDO,revisada,no,,Para seguir comparando: [inflador portátil para neumáticos](/compresores/inflador-neumaticos-portatil/).
/compresores/inalambricos/,DESCONOCIDO,revisada,no,,Para conocer el criterio editorial: [Cómo trabajamos](/como-trabajamos/).
/compresores/inalambricos/,DESCONOCIDO,revisada,no,,Para explorar la categoría: [guías de compresores](/compresores/).
/compresores/inflador-neumaticos-portatil/,DATO VERIFICADO,revisada,no,,**Dato verificado:** las cifras se atribuyen al fabricante o documento indicado en cada tabla. Los cálculos se identifican como **Análisis TallerLab**; lo que no se pudo confirmar queda como **Desconocido**. Esta guía es documental y no incluye prueba física.
/compresores/inflador-neumaticos-portatil/,DESCONOCIDO,revisada,no,,Tipo de análisis: documental
/compresores/inflador-neumaticos-portatil/,DESCONOCIDO,revisada,no,,Prueba física de TallerLab: no
/compresores/inflador-neumaticos-portatil/,DESCONOCIDO,revisada,no,,Especificaciones contrastadas: sí
/compresores/inflador-neumaticos-portatil/,DESCONOCIDO,revisada,no,,Opiniones de compradores: no
/compresores/inflador-neumaticos-portatil/,DESCONOCIDO,revisada,no,,Fuentes primarias: sí
/compresores/inflador-neumaticos-portatil/,DESCONOCIDO,revisada,no,,Última revisión: 27/09/2026
/compresores/inflador-neumaticos-portatil/,DESCONOCIDO,revisada,no,,Modelo | Alimentación | Presión máxima | Caudal publicado | Peso
/compresores/inflador-neumaticos-portatil/,DESCONOCIDO,revisada,no,,"Gadnic AV000009 | 12 V, conexión a batería | 150 PSI | 85 L/min en página; condición de presión no detallada junto al valor | 2,54 kg"
/compresores/inflador-neumaticos-portatil/,DESCONOCIDO,revisada,no,,"Makita DMP180Z | Batería 18 V | 8,3 bar | 12 L/min a 200 kPa; 8 a 700 kPa; 7 a 830 kPa | 1,7 kg"
/compresores/inflador-neumaticos-portatil/,DATO VERIFICADO,revisada,no,,"**Dato verificado:** Gadnic lista también 23 A máximos, doble cilindro y ciclo recomendado de 30 minutos, con un máximo de 40 minutos en su página. Makita publica caudales por presión y recomienda cotejar la configuración comercial, porque el sufijo Z corresponde al cuerpo de herramienta sin batería/cargador en la nomenclatura de esa ficha."
/compresores/inflador-neumaticos-portatil/,ANÁLISIS TALLERLAB,revisada,no,,"**Análisis TallerLab:** no es válida una clasificación simple entre 85 L/min de Gadnic y 7 L/min de Makita: la ficha Gadnic no presenta la condición de presión junto a su caudal, mientras Makita separa valores por presión. La tabla muestra qué dato falta para una comparación de tiempo de inflado: mismo volumen inicial/final, misma presión objetivo, fuente de energía y método de medición."
/compresores/inflador-neumaticos-portatil/,ANÁLISIS TALLERLAB,revisada,no,,Comprobación | Qué buscar en la ficha/manual
/compresores/inflador-neumaticos-portatil/,ANÁLISIS TALLERLAB,revisada,no,,"Alimentación | Tensión, batería o conexión directa; corriente requerida"
/compresores/inflador-neumaticos-portatil/,ANÁLISIS TALLERLAB,revisada,no,,"Presión | Límite máximo y ajuste de corte, si está documentado"
/compresores/inflador-neumaticos-portatil/,ANÁLISIS TALLERLAB,revisada,no,,"Caudal | Valor asociado a una presión concreta, no solo un máximo promocional"
/compresores/inflador-neumaticos-portatil/,ANÁLISIS TALLERLAB,revisada,no,,Ciclo | Tiempo de marcha y pausa definidos para el modelo
/compresores/inflador-neumaticos-portatil/,ANÁLISIS TALLERLAB,revisada,no,,"Accesorios | Longitud de manguera, adaptadores y compatibilidad con la válvula"
/compresores/inflador-neumaticos-portatil/,DESCONOCIDO,revisada,no,,**Desconocido:** no se midieron los minutos que tarda cada modelo en inflar una cubierta concreta ni su temperatura en marcha. No extrapolamos el ciclo Gadnic a otros infladores y no se analizó una muestra de reseñas de compradores.
/compresores/inflador-neumaticos-portatil/,DESCONOCIDO,revisada,no,https://www.gadnic.com.ar/infladores-y-compresores/compresor-de-aire-12v-85l-min,Información de producto:** [Gadnic AV000009](https://www.gadnic.com.ar/infladores-y-compresores/compresor-de-aire-12v-85l-min).
/compresores/inflador-neumaticos-portatil/,DESCONOCIDO,revisada,no,https://makita.com.ar/producto/978-inflador-inalambrico/,Documentación primaria:** [Makita Argentina DMP180Z](https://makita.com.ar/producto/978-inflador-inalambrico/); [catálogo Makita Argentina 2025](https://makita.com.ar/wp-content/uploads/2025/09/CATALOGO-2025-v2.pdf).
/compresores/inflador-neumaticos-portatil/,DESCONOCIDO,revisada,no,,"Opiniones de compradores:** hay contenido comercial en la página Gadnic, pero no se extrajo ni evaluó una muestra; no se atribuye un patrón de opinión a TallerLab."
/compresores/inflador-neumaticos-portatil/,DESCONOCIDO,revisada,no,,Para seguir comparando: [infladores inalámbricos](/compresores/inalambricos/).
/compresores/inflador-neumaticos-portatil/,DESCONOCIDO,revisada,no,,Para conocer el criterio editorial: [Cómo trabajamos](/como-trabajamos/).
/compresores/inflador-neumaticos-portatil/,DESCONOCIDO,revisada,no,,Para explorar la categoría: [guías de compresores](/compresores/).
/compresores/kits-accesorios/,DATO VERIFICADO,revisada,no,,**Dato verificado:** las cifras se atribuyen al fabricante o documento indicado en cada tabla. Los cálculos se identifican como **Análisis TallerLab**; lo que no se pudo confirmar queda como **Desconocido**. Esta guía es documental y no incluye prueba física.
/compresores/kits-accesorios/,DESCONOCIDO,revisada,no,,Tipo de análisis: documental
/compresores/kits-accesorios/,DESCONOCIDO,revisada,no,,Prueba física de TallerLab: no
/compresores/kits-accesorios/,DESCONOCIDO,revisada,no,,Especificaciones contrastadas: sí
/compresores/kits-accesorios/,DESCONOCIDO,revisada,no,,Opiniones de compradores: no
/compresores/kits-accesorios/,DESCONOCIDO,revisada,no,,Fuentes primarias: sí
/compresores/kits-accesorios/,DESCONOCIDO,revisada,no,,Última revisión: 27/09/2026
/compresores/kits-accesorios/,DESCONOCIDO,revisada,no,,"BTA, código | Alimentación de pistola | Datos publicados | Elementos del conjunto que lista el catálogo"
/compresores/kits-accesorios/,DESCONOCIDO,revisada,no,,"279010 | Gravedad | Entrada 1/4″; 90 PSI sugeridos; compresor sugerido 2 HP | Pistola 600 cc con pico 1,5 mm, inflador con manómetro, soplete, pistola de lavado, manguera espiral de 5 m"
/compresores/kits-accesorios/,DESCONOCIDO,revisada,no,,279013 | Succión | Entrada 1/4″; 90 PSI sugeridos; compresor sugerido 2 HP | Pistola 750 cc con alimentación por succión y los accesorios de aire listados en el kit
/compresores/kits-accesorios/,DATO VERIFICADO,revisada,no,,"**Dato verificado:** BTA distingue sus kits multiuso por el mecanismo de alimentación de la pistola: gravedad para el código 279010 y succión para el 279013. El catálogo identifica accesorios compartidos y sugiere 2 HP/90 PSI; son valores publicados por BTA, no una medición de TallerLab."
/compresores/kits-accesorios/,ANÁLISIS TALLERLAB,revisada,no,,"**Análisis TallerLab:** elegir “kit para compresor” requiere revisar la herramienta concreta incluida, no solo contar piezas. Los depósitos de 600 y 750 cc pertenecen a pistolas con sistemas de alimentación diferentes; no implican que una tenga mayor caudal de aire ni que ambas sean intercambiables. La sugerencia de potencia/presión del catálogo tampoco demuestra que cualquier compresor de 2 HP mantenga el caudal que una pistola necesita."
/compresores/kits-accesorios/,ANÁLISIS TALLERLAB,revisada,no,,Variable | Confirmación necesaria
/compresores/kits-accesorios/,ANÁLISIS TALLERLAB,revisada,no,,Código del kit | 279010 o 279013 y lista de componentes coincidente
/compresores/kits-accesorios/,ANÁLISIS TALLERLAB,revisada,no,,"Pistola incluida | Tipo de alimentación, capacidad y pico declarados"
/compresores/kits-accesorios/,ANÁLISIS TALLERLAB,revisada,no,,"Compresor | Caudal disponible a presión de trabajo, además de potencia"
/compresores/kits-accesorios/,ANÁLISIS TALLERLAB,revisada,no,,Conexión | Rosca/perfil de acople de manguera y herramienta
/compresores/kits-accesorios/,ANÁLISIS TALLERLAB,revisada,no,,Garantía | Plazo y cobertura en la unidad vendida por el distribuidor
/compresores/kits-accesorios/,DESCONOCIDO,revisada,no,,**Desconocido:** el catálogo no demuestra cobertura con todos los compresores ni define tiempo de trabajo continuo para cada accesorio. No afirmamos resultados de acabado ni ausencia de pérdidas sin una prueba o fuente específica.
/compresores/kits-accesorios/,DESCONOCIDO,revisada,no,https://btatools.com.ar/catalogo/catalogo-bta-2026-27-1.pdf,"Documentación primaria:** [catálogo BTA 2026/27](https://btatools.com.ar/catalogo/catalogo-bta-2026-27-1.pdf); [BTA, catálogo de productos para pintura](https://btatools.com.ar/producto-segmento/pintura?85441e4f_page=1); [BTA, compresor D-CA1-25-6 de referencia 2 HP](https://btatools.com.ar/producto/compresor-de-aire-25-litros-2-0-hp)."
/compresores/kits-accesorios/,DESCONOCIDO,revisada,no,,Opiniones de compradores:** no se revisó una muestra verificable.
/compresores/kits-accesorios/,DESCONOCIDO,revisada,no,,Para seguir comparando: [filtros y tratamiento de aire](/compresores/filtros/).
/compresores/kits-accesorios/,DESCONOCIDO,revisada,no,,Para conocer el criterio editorial: [Cómo trabajamos](/como-trabajamos/).
/compresores/kits-accesorios/,DESCONOCIDO,revisada,no,,Para explorar la categoría: [guías de compresores](/compresores/).
/compresores/kits-aerografo/,DATO VERIFICADO,revisada,no,,**Dato verificado:** las cifras se atribuyen al fabricante o documento indicado en cada tabla. Los cálculos se identifican como **Análisis TallerLab**; lo que no se pudo confirmar queda como **Desconocido**. Esta guía es documental y no incluye prueba física.
/compresores/kits-aerografo/,DESCONOCIDO,revisada,no,,Tipo de análisis: documental
/compresores/kits-aerografo/,DESCONOCIDO,revisada,no,,Prueba física de TallerLab: no
/compresores/kits-aerografo/,DESCONOCIDO,revisada,no,,Especificaciones contrastadas: sí
/compresores/kits-aerografo/,DESCONOCIDO,revisada,no,,Opiniones de compradores: no
/compresores/kits-aerografo/,DESCONOCIDO,revisada,no,,Fuentes primarias: sí
/compresores/kits-aerografo/,DESCONOCIDO,revisada,no,,Última revisión: 27/09/2026
/compresores/kits-aerografo/,DESCONOCIDO,revisada,no,,Configuración | Qué incluye o declara el fabricante | Lo que queda fuera
/compresores/kits-aerografo/,DESCONOCIDO,revisada,no,,"BTA AP8, código 279004.1 | Aerógrafo, manguera, soporte, frasco de preparación, conector a línea y vaso pequeño; presión máxima publicada 10 bar; compresor sugerido 2 HP | La lista no incluye compresor ni especifica caudal de aire"
/compresores/kits-aerografo/,DESCONOCIDO,revisada,no,,"Badger 180-15 | Compresor para aerografía sin aceite; 1/6 HP, 20–23 L/min, rango 0–4 bar; manguera/conexiones según manual | No es el BTA AP8 y no se presenta como un paquete combinado con ese aerógrafo"
/compresores/kits-aerografo/,DATO VERIFICADO,revisada,no,,"**Dato verificado:** la ficha BTA del AP8 enumera los componentes del kit y sugiere un compresor de 2 HP; el compresor no aparece en el contenido incluido. El manual Badger describe un compresor distinto, con sus propios límites de caudal y presión. No se ha confirmado una pareja de estos dos productos."
/compresores/kits-aerografo/,ANÁLISIS TALLERLAB,revisada,no,,"**Análisis TallerLab:** antes de comparar precios de “aerógrafo con compresor”, separá el aerógrafo, la manguera y el suministro de aire. La potencia sugerida por BTA no basta para confirmar compatibilidad con un compresor sin conocer presión y consumo requeridos por el aerógrafo en uso. Una ficha de otro fabricante tampoco cubre el dato ausente del AP8."
/compresores/kits-aerografo/,ANÁLISIS TALLERLAB,revisada,no,,Componente | ¿BTA AP8 lo lista? | Qué revisar si se compra separado
/compresores/kits-aerografo/,ANÁLISIS TALLERLAB,revisada,no,,"Aerógrafo | Sí | Boquilla, acción y repuestos del modelo exacto; no aparecen todos esos datos en la ficha consultada"
/compresores/kits-aerografo/,ANÁLISIS TALLERLAB,revisada,no,,Manguera y conector | Sí | Tipo de rosca y adaptadores necesarios
/compresores/kits-aerografo/,ANÁLISIS TALLERLAB,revisada,no,,"Compresor | No | Caudal y presión de trabajo compatibles, método de regulación y ciclo"
/compresores/kits-aerografo/,ANÁLISIS TALLERLAB,revisada,no,,Filtro/regulador | No identificado en la lista del AP8 | Compatibilidad de conexiones y mantenimiento
/compresores/kits-aerografo/,DESCONOCIDO,revisada,no,,"**Desconocido:** no se encontró una especificación de consumo de aire para AP8 que permita validar el Badger 180-15 o cualquier otro compresor como combinación. Tampoco se presentan resultados de pulverización, ruido o acabado probados por TallerLab."
/compresores/kits-aerografo/,DESCONOCIDO,revisada,no,https://btatools.com.ar/producto/aerografo-profesional,"Documentación primaria:** [BTA, aerógrafo AP8 279004.1](https://btatools.com.ar/producto/aerografo-profesional); [manual Badger 180-15](https://www.badgerairbrush.com/PDF/New%20180-15%20Instruction%20Book.pdf); [BTA, filtro-regulador-lubricador](https://btatools.com.ar/producto/filtro-regulador-y-lubricador-de-aire-1-2)."
/compresores/kits-aerografo/,DESCONOCIDO,revisada,no,,Opiniones de compradores:** no se revisó una muestra verificable.
/compresores/kits-aerografo/,DESCONOCIDO,revisada,no,,Para seguir comparando: [kits de accesorios para compresor](/compresores/kits-accesorios/).
/compresores/kits-aerografo/,DESCONOCIDO,revisada,no,,Para conocer el criterio editorial: [Cómo trabajamos](/como-trabajamos/).
/compresores/kits-aerografo/,DESCONOCIDO,revisada,no,,Para explorar la categoría: [guías de compresores](/compresores/).
/compresores/lusqtoff-100-litros/,DATO VERIFICADO,revisada,no,,**Dato verificado:** las cifras se atribuyen al fabricante o documento indicado en cada tabla. Los cálculos se identifican como **Análisis TallerLab**; lo que no se pudo confirmar queda como **Desconocido**. Esta guía es documental y no incluye prueba física.
/compresores/lusqtoff-100-litros/,DESCONOCIDO,revisada,no,,Tipo de análisis: documental
/compresores/lusqtoff-100-litros/,DESCONOCIDO,revisada,no,,Prueba física de TallerLab: no
/compresores/lusqtoff-100-litros/,DESCONOCIDO,revisada,no,,Especificaciones contrastadas: sí
/compresores/lusqtoff-100-litros/,DESCONOCIDO,revisada,no,,Opiniones de compradores: no
/compresores/lusqtoff-100-litros/,DESCONOCIDO,revisada,no,,Fuentes primarias: sí
/compresores/lusqtoff-100-litros/,DESCONOCIDO,revisada,no,,Última revisión: 27/09/2026
/compresores/lusqtoff-100-litros/,DESCONOCIDO,revisada,no,,Modelo Lüsqtoff | Configuración | Potencia/capacidad | Caudal publicado | Peso y estado de evidencia
/compresores/lusqtoff-100-litros/,DESCONOCIDO,revisada,no,,LC-30100 / LC30100-8 | Bicilíndrico a correa | 3 HP; tanque 100 L | 335 L/min | Manual: 115 kg; catálogos anteriores: 78–85 kg
/compresores/lusqtoff-100-litros/,DESCONOCIDO,revisada,no,,"LC-40100 / LC40100-8 | Mando directo, dos cilindros | 4 HP; tanque 100 L | 360 L/min en manual y catálogo 2020/21 | Manual: 58 kg; la revisión actual de catálogo no confirma si sigue idéntico"
/compresores/lusqtoff-100-litros/,DESCONOCIDO,revisada,no,,"LCS100-8 | Sin aceite, 100 L | La gama actual lista el código, pero no se verificó una ficha técnica primaria completa | Desconocido | No asignamos valores de modelos discontinuados"
/compresores/lusqtoff-100-litros/,DATO VERIFICADO,revisada,no,,"**Dato verificado:** el manual LC-30100 publica 3 HP, 2.200 W, 100 L, 115 PSI y 335 L/min. El mismo manual declara 115 kg, mientras catálogos previos de Lüsqtoff muestran 78–85 kg. Para LC-40100, el manual consultado informa 4 HP, 100 L, 360 L/min y 58 kg; su catálogo 2020/21 registra 56,8 kg. El catálogo actual de la marca lista LC30100-8, LC40100-8 y LCS100-8 como referencias de gama."
/compresores/lusqtoff-100-litros/,ANÁLISIS TALLERLAB,revisada,no,,"**Análisis TallerLab:** las diferencias de peso del LC-30100 (30–37 kg entre documentos) son demasiado grandes para colapsarlas en una cifra única; podrían reflejar documento/modelo distinto, y la evidencia consultada no lo resuelve. Los caudales de LC-30100 y LC-40100 son cifras nominales documentadas en generaciones distintas; no calculamos una ventaja de entrega efectiva ni presumimos que todas las revisiones actuales coincidan."
/compresores/lusqtoff-100-litros/,ANÁLISIS TALLERLAB,revisada,no,,Verificación | Por qué importa
/compresores/lusqtoff-100-litros/,ANÁLISIS TALLERLAB,revisada,no,,"Código completo en placa y catálogo | Distingue correa, mando directo y versiones sin aceite"
/compresores/lusqtoff-100-litros/,ANÁLISIS TALLERLAB,revisada,no,,Peso del documento de esa revisión | El LC-30100 presenta valores discordantes según manual/catálogo
/compresores/lusqtoff-100-litros/,ANÁLISIS TALLERLAB,revisada,no,,Caudal y condición de medición | L/min nominal no equivale a FAD bajo una presión dada
/compresores/lusqtoff-100-litros/,ANÁLISIS TALLERLAB,revisada,no,,Alimentación y fase | Confirmar con la placa y la instalación existente
/compresores/lusqtoff-100-litros/,ANÁLISIS TALLERLAB,revisada,no,,Mantenimiento y aceite | Seguir el manual del código exacto; no transferir instrucciones de otro modelo
/compresores/lusqtoff-100-litros/,DESCONOCIDO,revisada,no,,"**Desconocido:** no se encontraron datos suficientes para publicar especificaciones del LCS100-8 ni para resolver peso de placa actual de LC-30100-8. Se retiraron del borrador los valores FAD, ruido, RPM y compatibilidad con herramientas que no contaban con documentación primaria localizada."
/compresores/lusqtoff-100-litros/,DESCONOCIDO,revisada,no,https://lusqtoff.com.ar/2023/uploads/Productos/16.%20COMPRESORES/LC-30100/MANUAL/LC-30100.pdf,Documentación primaria:** [manual Lüsqtoff LC-30100](https://lusqtoff.com.ar/2023/uploads/Productos/16.%20COMPRESORES/LC-30100/MANUAL/LC-30100.pdf); [manual Lüsqtoff LC-40100](https://lusqtoff.com.ar/2023/uploads/Productos/16.%20COMPRESORES/LC-40100/MANUAL/LC-40100.pdf); [catálogo Lüsqtoff 2020/21](https://lusqtoff.com.ar/files/Catalogo_Lusqtoff_2020.pdf); [catálogo Lüsqtoff 2022/23](https://www.lusqtoff.com.ar/files/catalogo-lq-2022-2023.pdf); [gama actual de compresores Lüsqtoff](https://lusqt
/compresores/lusqtoff-100-litros/,DESCONOCIDO,revisada,no,,"Seguridad:** seguir placa y manual del modelo en instalación, lubricación y mantenimiento."
/compresores/lusqtoff-100-litros/,DESCONOCIDO,revisada,no,,Opiniones de compradores:** no se revisó una muestra verificable.
/compresores/lusqtoff-100-litros/,DESCONOCIDO,revisada,no,,Para seguir comparando: [compresores de 100 litros](/compresores/100-litros/).
/compresores/lusqtoff-100-litros/,DESCONOCIDO,revisada,no,,Para conocer el criterio editorial: [Cómo trabajamos](/como-trabajamos/).
/compresores/lusqtoff-100-litros/,DESCONOCIDO,revisada,no,,Para explorar la categoría: [guías de compresores](/compresores/).
/compresores/lusqtoff-50-litros/,DATO VERIFICADO,revisada,no,,**Dato verificado:** las cifras se atribuyen al documento indicado en cada tabla. Los cálculos se identifican como **Análisis TallerLab**; lo no confirmado queda como **Desconocido**. Esta guía es documental y no incluye prueba física.
/compresores/lusqtoff-50-litros/,DESCONOCIDO,revisada,no,,Tipo de análisis: documental
/compresores/lusqtoff-50-litros/,DESCONOCIDO,revisada,no,,Prueba física de TallerLab: no
/compresores/lusqtoff-50-litros/,DESCONOCIDO,revisada,no,,Especificaciones contrastadas: sí
/compresores/lusqtoff-50-litros/,DESCONOCIDO,revisada,no,,Opiniones de compradores: no
/compresores/lusqtoff-50-litros/,DESCONOCIDO,revisada,no,,Fuentes primarias: sí
/compresores/lusqtoff-50-litros/,DESCONOCIDO,revisada,no,,Última revisión: 27/09/2026
/compresores/lusqtoff-50-litros/,DESCONOCIDO,revisada,no,,Modelo | Configuración documentada | Potencia | Caudal publicado | Peso | Límite documental
/compresores/lusqtoff-50-litros/,DESCONOCIDO,revisada,no,,"LC2550B-8 | Lubricado, 50 L | 2,5 HP / 1.750 W | 206 L/min | 30 kg | La ficha no identifica método de medición del flujo"
/compresores/lusqtoff-50-litros/,DESCONOCIDO,revisada,no,,"LC2550VS | Sin aceite, 50 L | 2,5 HP / 1.750 W | 230 L/min | No publicado en la ficha consultada | La presión acústica indicada es 72 dB; no se compara sin condiciones equivalentes"
/compresores/lusqtoff-50-litros/,DESCONOCIDO,revisada,no,,LCS50-8 | La gama actual lista el código como compresor sin aceite de 50 L | Desconocida | Desconocido | Desconocido | No se localizó ficha primaria completa del código
/compresores/lusqtoff-50-litros/,DATO VERIFICADO,revisada,no,,"**Dato verificado:** Lüsqtoff publica para el LC2550B-8 220 V–50 Hz, 115 psi, 206 L/min, tanque de 50 L y 30 kg. Para el LC2550VS publica el mismo tanque y potencia nominal, 115 psi y 230 L/min. Son datos de fichas distintas; la marca no explica en ellas una condición común para medir ambos caudales."
/compresores/lusqtoff-50-litros/,ANÁLISIS TALLERLAB,revisada,no,,"**Análisis TallerLab:** la resta entre los flujos impresos es 24 L/min (11,7 % sobre 206), pero no demuestra que el VS entregue más aire útil bajo carga: no hay FAD ni método de medición común indicado. El LC2550B-8 y LC2550VS comparten capacidad y potencia declaradas, aunque difieren en lubricación y en los caudales publicados. Para LCS50-8 no transferimos cifras de otros modelos de 50 L."
/compresores/lusqtoff-50-litros/,DESCONOCIDO,revisada,no,,"**Desconocido:** la documentación consultada no confirma caudal efectivo, peso del LC2550VS, ni especificaciones completas del LCS50-8. Tampoco permite deducir desempeño continuo o compatibilidad con una herramienta solo por potencia y capacidad del tanque."
/compresores/lusqtoff-50-litros/,DESCONOCIDO,revisada,no,https://www.lusqtoff.com.ar/productos/compresor-de-aire-o-25-hp-50-lts-lc2550b-8,Documentación primaria:** [ficha Lüsqtoff LC2550B-8](https://www.lusqtoff.com.ar/productos/compresor-de-aire-o-25-hp-50-lts-lc2550b-8); [ficha Lüsqtoff LC2550VS](https://lusqtoff.com.ar/ver-producto/LC-2550VS); [gama actual de compresores Lüsqtoff](https://lusqtoff.com.ar/ver-productos/16-compresores-de-aire); [manual LC2550VS](https://www.lusqtoff.com.ar/2023/uploads/Productos/NUEVOS/COMPRESORES_DE_AIRE/LC-2550VS/MANUAL/LC-2550VS.pdf).
/compresores/lusqtoff-50-litros/,DESCONOCIDO,revisada,no,,Opiniones de compradores:** no se revisó una muestra verificable.
/compresores/lusqtoff-50-litros/,DESCONOCIDO,revisada,no,,Para seguir comparando: [compresor Lüsqtoff de 100 litros](/compresores/100-litros/).
/compresores/lusqtoff-50-litros/,DESCONOCIDO,revisada,no,,Para conocer el criterio editorial: [Ver metodología de TallerLab](/como-trabajamos/).
/compresores/lusqtoff-50-litros/,DESCONOCIDO,revisada,no,,Para explorar la categoría: [guías relacionadas](/compresores/).
/compresores/manguera/,DATO VERIFICADO,revisada,no,,**Dato verificado:** las cifras se atribuyen al documento indicado en cada tabla. Los cálculos se identifican como **Análisis TallerLab**; lo no confirmado queda como **Desconocido**. Esta guía es documental y no incluye prueba física.
/compresores/manguera/,DESCONOCIDO,revisada,no,,Tipo de análisis: documental
/compresores/manguera/,DESCONOCIDO,revisada,no,,Prueba física de TallerLab: no
/compresores/manguera/,DESCONOCIDO,revisada,no,,Especificaciones contrastadas: sí
/compresores/manguera/,DESCONOCIDO,revisada,no,,Opiniones de compradores: no
/compresores/manguera/,DESCONOCIDO,revisada,no,,Fuentes primarias: sí
/compresores/manguera/,DESCONOCIDO,revisada,no,,Última revisión: 27/09/2026
/compresores/manguera/,DESCONOCIDO,revisada,no,,Conexión indicada por Parker | Largo de manguera | Diámetro interno mínimo | Presión mínima de la tabla | Caudal a 6 bar publicado
/compresores/manguera/,DESCONOCIDO,revisada,no,,1/4″ | 0–10 m | 7 mm | 4 bar | 480 L/min
/compresores/manguera/,DESCONOCIDO,revisada,no,,1/4″ | 10–20 m | 8 mm | 4 bar | 480 L/min
/compresores/manguera/,DESCONOCIDO,revisada,no,,3/8″ | 0–10 m | 10 mm | 4 bar | 1.100 L/min
/compresores/manguera/,DESCONOCIDO,revisada,no,,3/8″ | 10–20 m | 12 mm | 4 bar | 1.100 L/min
/compresores/manguera/,DESCONOCIDO,revisada,no,,1/2″ | 0–10 m | 12 mm | 4 bar | 2.000 L/min
/compresores/manguera/,DESCONOCIDO,revisada,no,,1/2″ | 10–20 m | 14 mm | 4 bar | 2.000 L/min
/compresores/manguera/,DATO VERIFICADO,revisada,no,,**Dato verificado:** la tabla Parker «Dimensioning of Compressed Air Hoses and Equipment» publica esos mínimos y caudales bajo sus propias condiciones de dimensionamiento. En esa tabla el tamaño de conexión y el diámetro interior de la manguera son columnas distintas; no se deben tratar como la misma medida.
/compresores/manguera/,ANÁLISIS TALLERLAB,revisada,no,,"**Análisis TallerLab:** entre los tramos de hasta 10 m y los de 10–20 m, Parker aumenta 1 mm el diámetro mínimo indicado para conexión de 1/4″, y 2 mm para 3/8″ y 1/2″. Es una diferencia documental de dimensionamiento, no una medición de pérdida de presión de una manguera cualquiera. Para elegir también hay que cotejar el consumo y la presión exigidos por el equipo conectado, además de racores, longitud real y presión nominal de cada componente."
/compresores/manguera/,DESCONOCIDO,revisada,no,,"**Desconocido:** no hay un diámetro universal para toda herramienta neumática ni una conversión directa entre diámetro de conexión nominal y diámetro interior. Los caudales Parker de esta tabla no certifican el caudal de una manguera sin marca, largo y construcción identificados."
/compresores/manguera/,DESCONOCIDO,revisada,no,https://www.parker.com/content/dam/Parker-com/Literature/Literature-Files/pneumatic/UPD_2010/Catalog_0726-E.pdf,"Documentación técnica primaria:** [Parker, catálogo neumático 0726-E, tabla de dimensionamiento de mangueras y equipos](https://www.parker.com/content/dam/Parker-com/Literature/Literature-Files/pneumatic/UPD_2010/Catalog_0726-E.pdf); [Parker, catálogo de mangueras industriales 4401UK](https://www.parker.com/static_content/parkerimages/euro_hpd/CAT_4401UK.pdf)."
/compresores/manguera/,DESCONOCIDO,revisada,no,,Opiniones de compradores:** no se revisó una muestra verificable.
/compresores/manguera/,DESCONOCIDO,revisada,no,,Para seguir comparando: [kits y accesorios para compresor](/compresores/kits-accesorios/).
/compresores/manguera/,DESCONOCIDO,revisada,no,,Para conocer el criterio editorial: [Ver metodología de TallerLab](/como-trabajamos/).
/compresores/manguera/,DESCONOCIDO,revisada,no,,Para explorar la categoría: [guías relacionadas](/compresores/).
/compresores/para-aerografo/,DATO VERIFICADO,revisada,no,,**Dato verificado:** las cifras se atribuyen al documento indicado en cada tabla. Los cálculos se identifican como **Análisis TallerLab**; lo no confirmado queda como **Desconocido**. Esta guía es documental y no incluye prueba física.
/compresores/para-aerografo/,DESCONOCIDO,revisada,no,,Tipo de análisis: documental
/compresores/para-aerografo/,DESCONOCIDO,revisada,no,,Prueba física de TallerLab: no
/compresores/para-aerografo/,DESCONOCIDO,revisada,no,,Especificaciones contrastadas: sí
/compresores/para-aerografo/,DESCONOCIDO,revisada,no,,Opiniones de compradores: no
/compresores/para-aerografo/,DESCONOCIDO,revisada,no,,Fuentes primarias: sí
/compresores/para-aerografo/,DESCONOCIDO,revisada,no,,Última revisión: 27/09/2026
/compresores/para-aerografo/,DESCONOCIDO,revisada,no,,Producto | Qué documenta la fuente | Tanque | Presión/caudal publicados | Qué falta para confirmar una pareja
/compresores/para-aerografo/,DESCONOCIDO,revisada,no,,"BTA AP8, código 279004.1 | Aerógrafo, manguera, soporte y accesorios; sugiere compresor de 2 HP | No incluye | Presión máxima 10 bar; consumo de aire no indicado | Caudal requerido por el aerógrafo y contenido final del paquete"
/compresores/para-aerografo/,DESCONOCIDO,revisada,no,,"Fengda AS-186 / FD-186 | Compresor para aerografía, sin aceite, un pistón | 3 L | Aire libre sin carga 20–23 L/min; arranque 3 bar y corte 4 bar | Compatibilidad concreta con AP8 no declarada por los fabricantes"
/compresores/para-aerografo/,DATO VERIFICADO,revisada,no,,"**Dato verificado:** la lista de BTA para el AP8 incluye componentes de aerografía, pero no el compresor; «sugerido 2 HP» es la recomendación publicada, no una medición del consumo. Fengda publica para el AS-186 un tanque de 3 L, 20–23 L/min sin carga y control automático entre 3 y 4 bar."
/compresores/para-aerografo/,ANÁLISIS TALLERLAB,revisada,no,,"**Análisis TallerLab:** las cifras no permiten declarar compatible al Fengda con el AP8: uno de los datos esenciales, el consumo de aire del aerógrafo, no está publicado en la ficha BTA consultada. Además, los 20–23 L/min de Fengda están identificados como flujo sin carga y no se comparan directamente con caudal requerido bajo pulverización. Antes de comprar un conjunto, pedí consumo a la presión de trabajo y compatibilidad de roscas/adaptadores para los códigos exactos."
/compresores/para-aerografo/,DESCONOCIDO,revisada,no,,"**Desconocido:** no se documentaron patrón de pulverización, acabado, nivel sonoro comparativo ni una prueba con ambos modelos. No inferimos que todo compresor con tanque pequeño sirva para cualquier aerógrafo."
/compresores/para-aerografo/,DESCONOCIDO,revisada,no,https://btatools.com.ar/producto/aerografo-profesional,"Documentación primaria/comercial del producto:** [BTA, aerógrafo AP8](https://btatools.com.ar/producto/aerografo-profesional); [Fengda Europe, AS-186 / FD-186](http://www.fengda-europe.com/Airbrush-mini-compressor-with-air-tank-Fengda-AS-186%28FD-186%29?Lng=en)."
/compresores/para-aerografo/,DESCONOCIDO,revisada,no,,Opiniones de compradores:** no se revisó una muestra verificable.
/compresores/para-aerografo/,DESCONOCIDO,revisada,no,,Para seguir comparando: [guías de compresores](/compresores/).
/compresores/para-aerografo/,DESCONOCIDO,revisada,no,,Para conocer el criterio editorial: [Ver metodología de TallerLab](/como-trabajamos/).
/compresores/para-aerografo/,DESCONOCIDO,revisada,no,,Para explorar la categoría: [guías relacionadas](/compresores/).
/compresores/para-auto/,DATO VERIFICADO,revisada,no,,**Dato verificado:** las cifras se atribuyen al documento indicado en cada tabla. Los cálculos se identifican como **Análisis TallerLab**; lo no confirmado queda como **Desconocido**. Esta guía es documental y no incluye prueba física.
/compresores/para-auto/,DESCONOCIDO,revisada,no,,Tipo de análisis: documental
/compresores/para-auto/,DESCONOCIDO,revisada,no,,Prueba física de TallerLab: no
/compresores/para-auto/,DESCONOCIDO,revisada,no,,Especificaciones contrastadas: sí
/compresores/para-auto/,DESCONOCIDO,revisada,no,,Opiniones de compradores: no
/compresores/para-auto/,DESCONOCIDO,revisada,no,,Fuentes primarias: sí
/compresores/para-auto/,DESCONOCIDO,revisada,no,,Última revisión: 27/09/2026
/compresores/para-auto/,DESCONOCIDO,revisada,no,,Modelo | Alimentación | Presión máxima publicada | Caudal publicado | Datos adicionales de ficha
/compresores/para-auto/,DESCONOCIDO,revisada,no,,"Lüsqtoff MCL150-8 | 12 V; 275 W | 150 psi | 60 L/min | Doble pistón; 2,63 kg; parada automática, luz LED y manómetro digital"
/compresores/para-auto/,DESCONOCIDO,revisada,no,,"Gadnic AV000009 | 12 V | 150 psi | 85 L/min | La página comercial indica 23 A y peso de 2,54 kg; no informa condición de medición del caudal"
/compresores/para-auto/,DATO VERIFICADO,revisada,no,,"**Dato verificado:** Lüsqtoff declara para MCL150-8 12 V, 275 W, máximo de 150 psi y flujo de 60 L/min. Gadnic publica 150 psi y 85 L/min para AV000009, pero no indica una condición de presión para ese caudal. Las fichas no usan un método de medición compartido que permita concluir que un modelo infla más rápido."
/compresores/para-auto/,ANÁLISIS TALLERLAB,revisada,no,,"**Análisis TallerLab:** el número 150 psi describe la presión máxima del inflador, no la presión objetivo de un neumático. Michelin indica tomar la presión recomendada por el fabricante del vehículo, que suele estar en la etiqueta del vehículo o su manual, y comprobarla con los neumáticos fríos. Por eso, la comparación útil es primero de alimentación, manómetro, parada automática, accesorios y datos de caudal comparables; no basta con elegir el mayor máximo impreso."
/compresores/para-auto/,ANÁLISIS TALLERLAB,revisada,no,,Decisión | Verificación documental
/compresores/para-auto/,ANÁLISIS TALLERLAB,revisada,no,,Presión objetivo | Etiqueta/manual del vehículo; no usar como objetivo el máximo del inflador
/compresores/para-auto/,ANÁLISIS TALLERLAB,revisada,no,,"Conexión eléctrica | Confirmar toma, consumo y protección del vehículo"
/compresores/para-auto/,ANÁLISIS TALLERLAB,revisada,no,,Caudal | Pedir flujo a una presión declarada y método común antes de comparar tiempos
/compresores/para-auto/,ANÁLISIS TALLERLAB,revisada,no,,"Accesorios | Revisar manguera, válvula, cable, fusible y adaptadores del código exacto"
/compresores/para-auto/,DESCONOCIDO,revisada,no,,**Desconocido:** no comparamos tiempos de inflado ni exactitud de manómetros; no hay ensayo de TallerLab ni caudal de ambos equipos medido a una misma presión. La recomendación de presión depende del vehículo y de su condición de carga.
/compresores/para-auto/,DESCONOCIDO,revisada,no,https://lusqtoff.com.ar/ver-producto/MCL150-8,"Documentación primaria:** [Lüsqtoff, ficha MCL150-8](https://lusqtoff.com.ar/ver-producto/MCL150-8)."
/compresores/para-auto/,DESCONOCIDO,revisada,no,https://www.gadnic.com.ar/infladores-y-compresores/compresor-de-aire-12v-85l-min,"Información comercial:** [Gadnic, inflador 12 V AV000009](https://www.gadnic.com.ar/infladores-y-compresores/compresor-de-aire-12v-85l-min)."
/compresores/para-auto/,DESCONOCIDO,revisada,no,https://middle-east.michelin.com/en/auto/advice/tyre-pressure/inflate-tyres,"Seguridad/información del fabricante del neumático:** [Michelin, cómo comprobar e inflar neumáticos](https://middle-east.michelin.com/en/auto/advice/tyre-pressure/inflate-tyres)."
/compresores/para-auto/,DESCONOCIDO,revisada,no,,Opiniones de compradores:** no se revisó una muestra verificable.
/compresores/para-auto/,DESCONOCIDO,revisada,no,,Para seguir comparando: [compresores de 12 V](/compresores/12v/).
/compresores/para-auto/,DESCONOCIDO,revisada,no,,Para conocer el criterio editorial: [Ver metodología de TallerLab](/como-trabajamos/).
/compresores/para-auto/,DESCONOCIDO,revisada,no,,Para explorar la categoría: [guías relacionadas](/compresores/).
/compresores/para-pintar/,DATO VERIFICADO,revisada,no,,**Dato verificado:** las cifras se atribuyen al documento indicado en cada tabla. Los cálculos se identifican como **Análisis TallerLab**; lo no confirmado queda como **Desconocido**. Esta guía es documental y no incluye prueba física.
/compresores/para-pintar/,DESCONOCIDO,revisada,no,,Tipo de análisis: documental
/compresores/para-pintar/,DESCONOCIDO,revisada,no,,Prueba física de TallerLab: no
/compresores/para-pintar/,DESCONOCIDO,revisada,no,,Especificaciones contrastadas: sí
/compresores/para-pintar/,DESCONOCIDO,revisada,no,,Opiniones de compradores: no
/compresores/para-pintar/,DESCONOCIDO,revisada,no,,Fuentes primarias: sí
/compresores/para-pintar/,DESCONOCIDO,revisada,no,,Última revisión: 27/09/2026
/compresores/para-pintar/,DESCONOCIDO,revisada,no,,Equipo / código | Requisito o dato publicado | Comparación permitida
/compresores/para-pintar/,DESCONOCIDO,revisada,no,,"Pistola BTA AS-1021, 279064.1 | 85 L/min aprox.; 10–40 psi; copa 1 L | El fabricante publica consumo aproximado y rango de presión"
/compresores/para-pintar/,DESCONOCIDO,revisada,no,,"Pistola BTA ASP1070, 279063 | 119–201 L/min; presión recomendada 29–51 psi; copa 1.000 cm³ | Rango publicado; el catálogo sugiere compresor de 2 HP"
/compresores/para-pintar/,DESCONOCIDO,revisada,no,,"Compresor BTA 25 L, D-CA1-25-6 | Admisión 206 L/min; 2 HP; 8 bar | Admisión de la bomba, no caudal efectivo de salida"
/compresores/para-pintar/,DESCONOCIDO,revisada,no,,"Compresor BTA 24 L sin aceite, 272005 | Admisión 170 L/min; 2 HP; 8 bar | Admisión publicada; no usar como FAD"
/compresores/para-pintar/,DATO VERIFICADO,revisada,no,,"**Dato verificado:** BTA especifica consumos distintos para las pistolas AS-1021 y ASP1070. En fichas separadas publica 206 L/min de admisión para el compresor de 25 L y 170 L/min para el de 24 L sin aceite. Los valores de pistola y compresor provienen de fichas/catálogo del mismo fabricante, pero el catálogo no presenta caudal de salida de ambos compresores medido bajo la presión de pulverización."
/compresores/para-pintar/,ANÁLISIS TALLERLAB,revisada,no,,"**Análisis TallerLab:** el caudal de admisión del compresor de 25 L supera en 2 L/min el extremo alto publicado para ASP1070 y en 87 L/min su extremo bajo; esas restas no prueban suministro suficiente porque comparan admisión con consumo de herramienta y no incluyen pérdida ni condición de presión. Para AS-1021, la resta frente a 206 L/min también es solo una comparación nominal. Confirmá caudal efectivo (FAD) a la presión de trabajo y régimen de uso con el fabricante antes de afirmar continuida"
/compresores/para-pintar/,DESCONOCIDO,revisada,no,,"**Desconocido:** las fuentes no documentan el resultado de pintar con estas combinaciones, recuperación entre pasadas ni el tiempo que cada compresor sostiene ese caudal. Los HP sugeridos o la capacidad del tanque, por sí solos, no contestan esas preguntas."
/compresores/para-pintar/,DESCONOCIDO,revisada,no,https://btatools.com.ar/producto/pistola-para-pintar-baja-presion,"Documentación primaria:** [BTA, pistola AS-1021](https://btatools.com.ar/producto/pistola-para-pintar-baja-presion); [catálogo BTA 2026/27, pistola ASP1070](https://btatools.com.ar/catalogo/catalogo-bta-2026-27-1.pdf); [BTA, compresor 25 L](https://btatools.com.ar/producto/compresor-de-aire-25-litros-2-0-hp); [BTA, compresor 24 L sin aceite](https://btatools.com.ar/producto/compresor-de-aire-24-litros-2-0-hp-portatil-sin-aceite)."
/compresores/para-pintar/,DESCONOCIDO,revisada,no,,Opiniones de compradores:** no se revisó una muestra verificable.
/compresores/para-pintar/,DESCONOCIDO,revisada,no,,Para seguir comparando: [pistolas para pintar con compresor](/compresores/pistola-para-pintar/).
/compresores/para-pintar/,DESCONOCIDO,revisada,no,,Para conocer el criterio editorial: [Ver metodología de TallerLab](/como-trabajamos/).
/compresores/para-pintar/,DESCONOCIDO,revisada,no,,Para explorar la categoría: [guías relacionadas](/compresores/).
/compresores/pistola-para-pintar/,DATO VERIFICADO,revisada,no,,**Dato verificado:** las cifras se atribuyen al documento indicado en cada tabla. Los cálculos se identifican como **Análisis TallerLab**; lo no confirmado queda como **Desconocido**. Esta guía es documental y no incluye prueba física.
/compresores/pistola-para-pintar/,DESCONOCIDO,revisada,no,,Tipo de análisis: documental
/compresores/pistola-para-pintar/,DESCONOCIDO,revisada,no,,Prueba física de TallerLab: no
/compresores/pistola-para-pintar/,DESCONOCIDO,revisada,no,,Especificaciones contrastadas: sí
/compresores/pistola-para-pintar/,DESCONOCIDO,revisada,no,,Opiniones de compradores: no
/compresores/pistola-para-pintar/,DESCONOCIDO,revisada,no,,Fuentes primarias: sí
/compresores/pistola-para-pintar/,DESCONOCIDO,revisada,no,,Última revisión: 27/09/2026
/compresores/pistola-para-pintar/,DESCONOCIDO,revisada,no,,Código / modelo BTA | Alimentación / sistema | Consumo de aire publicado | Presión publicada | Copa
/compresores/pistola-para-pintar/,DESCONOCIDO,revisada,no,,279064.1 / AS-1021 | Baja presión; ficha de producto | Aprox. 85 L/min | 10–40 psi | 1 L
/compresores/pistola-para-pintar/,DESCONOCIDO,revisada,no,,"279063 / ASP1070 | Succión, HVLP | 119–201 L/min | Recomendada 29–51 psi; máxima 120 psi | 1.000 cm³"
/compresores/pistola-para-pintar/,DESCONOCIDO,revisada,no,,"279068 / ASPM1070 | Gravedad, alta presión; retoques | 68 L/min | Recomendada 43,5–58 psi; máxima 120 psi | 200 cm³"
/compresores/pistola-para-pintar/,DATO VERIFICADO,revisada,no,,"**Dato verificado:** el catálogo BTA 2026/27 identifica ASP1070 y ASPM1070 por códigos distintos y especifica sistemas de alimentación, presión, copa y consumo. La ficha de AS-1021 publica cerca de 85 L/min. En el catálogo, BTA sugiere compresor de 2 HP para ASP1070 y ASPM1070; esa recomendación aparece como campo del fabricante."
/compresores/pistola-para-pintar/,ANÁLISIS TALLERLAB,revisada,no,,"**Análisis TallerLab:** la diferencia numérica entre los consumos publicados de ASP1070 (119–201 L/min) y ASPM1070 (68 L/min) es de 51–133 L/min, según el extremo del rango ASP1070 que se tome. No permite declarar mayor eficiencia: los documentos no explican una condición de medición común ni miden cobertura o transferencia de pintura. También cambia la aplicación declarada y el volumen de copa, así que primero corresponde emparejar proceso, presión y consumo, luego cotejar el FAD del compresor "
/compresores/pistola-para-pintar/,DESCONOCIDO,revisada,no,,"**Desconocido:** el catálogo no prueba qué compresor sostiene cada pistola en uso continuo, ni el acabado, desperdicio o superficie por hora. La sugerencia de 2 HP no sustituye el caudal de salida medido."
/compresores/pistola-para-pintar/,DESCONOCIDO,revisada,no,https://btatools.com.ar/catalogo/catalogo-bta-2026-27-1.pdf,Documentación primaria:** [catálogo BTA 2026/27](https://btatools.com.ar/catalogo/catalogo-bta-2026-27-1.pdf); [ficha BTA AS-1021](https://btatools.com.ar/producto/pistola-para-pintar-baja-presion).
/compresores/pistola-para-pintar/,DESCONOCIDO,revisada,no,,Opiniones de compradores:** no se revisó una muestra verificable.
/compresores/pistola-para-pintar/,DESCONOCIDO,revisada,no,,Para seguir comparando: [compresores para pintar](/compresores/para-pintar/).
/compresores/pistola-para-pintar/,DESCONOCIDO,revisada,no,,Para conocer el criterio editorial: [Ver metodología de TallerLab](/como-trabajamos/).
/compresores/pistola-para-pintar/,DESCONOCIDO,revisada,no,,Para explorar la categoría: [guías relacionadas](/compresores/).
/compresores/sin-aceite/,DATO VERIFICADO,revisada,no,,**Dato verificado:** las cifras se atribuyen al documento indicado en cada tabla. Los cálculos se identifican como **Análisis TallerLab**; lo no confirmado queda como **Desconocido**. Esta guía es documental y no incluye prueba física.
/compresores/sin-aceite/,DESCONOCIDO,revisada,no,,Tipo de análisis: documental
/compresores/sin-aceite/,DESCONOCIDO,revisada,no,,Prueba física de TallerLab: no
/compresores/sin-aceite/,DESCONOCIDO,revisada,no,,Especificaciones contrastadas: sí
/compresores/sin-aceite/,DESCONOCIDO,revisada,no,,Opiniones de compradores: no
/compresores/sin-aceite/,DESCONOCIDO,revisada,no,,Fuentes primarias: sí
/compresores/sin-aceite/,DESCONOCIDO,revisada,no,,Última revisión: 27/09/2026
/compresores/sin-aceite/,DESCONOCIDO,revisada,no,,Modelo | Tanque | Potencia publicada | Admisión publicada | Presión publicada
/compresores/sin-aceite/,DESCONOCIDO,revisada,no,,"BTA CSA-24, código 272005 | 24 L | 2 HP / 1.500 W | 170 L/min | 8 bar"
/compresores/sin-aceite/,DESCONOCIDO,revisada,no,,"BTA CSA-50-2, código 272009.2 | 50 L | 1,5 HP / 1.100 W | 260 L/min | 8 bar"
/compresores/sin-aceite/,DESCONOCIDO,revisada,no,,Lüsqtoff LC-0122 | 24 L | 1 HP / 750 W | 180 L/min | 115 psi
/compresores/sin-aceite/,DATO VERIFICADO,revisada,no,,"**Dato verificado:** las fichas identifican los tres como modelos sin aceite y publican los valores resumidos en la tabla. BTA declara 2.850 rpm para CSA-50-2 y 3.750 rpm para CSA-24; Lüsqtoff indica 24 kg para LC-0122. Las cifras de litros por minuto son de admisión publicadas por cada marca, no caudal efectivo de salida bajo presión."
/compresores/sin-aceite/,ANÁLISIS TALLERLAB,revisada,no,,"**Análisis TallerLab:** el CSA-50-2 declara 90 L/min más de admisión que el CSA-24, equivalente a 52,9 % respecto de 170 L/min, mientras su tanque duplica la capacidad nominal menos 2 L (50 frente a 24 L). Esa comparación describe fichas y no acredita mayor caudal entregado por minuto durante un uso real. Frente a LC-0122, las dos fichas de 24 L declaran admisiones de 170 y 180 L/min, pero sus potencias son distintas y no hay método común de medición publicado."
/compresores/sin-aceite/,DESCONOCIDO,revisada,no,,"«Sin aceite» describe la lubricación de la bomba en estos modelos. **Desconocido:** no constituye por sí solo certificación de aire respirable, médico, alimentario o libre de contaminantes; tampoco confirma ruido, vida útil o servicio continuo. Para esos usos se requiere especificación y certificación apropiada del sistema completo."
/compresores/sin-aceite/,DESCONOCIDO,revisada,no,https://btatools.com.ar/producto/compresor-de-aire-24-litros-2-0-hp-portatil-sin-aceite,"Documentación primaria:** [BTA CSA-24, 24 L sin aceite](https://btatools.com.ar/producto/compresor-de-aire-24-litros-2-0-hp-portatil-sin-aceite); [BTA CSA-50-2, 50 L sin aceite](https://btatools.com.ar/producto/compresor-de-aire-50-litros-1-5-hp-silenciado-sin-aceite); [Lüsqtoff LC-0122](https://lusqtoff.com.ar/ver-producto/LC-0122)."
/compresores/sin-aceite/,DESCONOCIDO,revisada,no,,Opiniones de compradores:** no se revisó una muestra verificable.
/compresores/sin-aceite/,DESCONOCIDO,revisada,no,,Para seguir comparando: [compresor Lüsqtoff de 50 litros](/compresores/lusqtoff-50-litros/).
/compresores/sin-aceite/,DESCONOCIDO,revisada,no,,Para conocer el criterio editorial: [Ver metodología de TallerLab](/como-trabajamos/).
/compresores/sin-aceite/,DESCONOCIDO,revisada,no,,Para explorar la categoría: [guías relacionadas](/compresores/).
/compresores/stanley/,DATO VERIFICADO,revisada,no,,**Dato verificado:** las cifras se atribuyen al documento indicado en cada tabla. Los cálculos se identifican como **Análisis TallerLab**; lo no confirmado queda como **Desconocido**. Esta guía es documental y no incluye prueba física.
/compresores/stanley/,DESCONOCIDO,revisada,no,,Tipo de análisis: documental
/compresores/stanley/,DESCONOCIDO,revisada,no,,Prueba física de TallerLab: no
/compresores/stanley/,DESCONOCIDO,revisada,no,,Especificaciones contrastadas: sí
/compresores/stanley/,DESCONOCIDO,revisada,no,,Opiniones de compradores: no
/compresores/stanley/,DESCONOCIDO,revisada,no,,Fuentes primarias: sí
/compresores/stanley/,DESCONOCIDO,revisada,no,,Última revisión: 27/09/2026
/compresores/stanley/,DESCONOCIDO,revisada,no,,Dato de catálogo Stanley | D210/8/24 | D210/8/50
/compresores/stanley/,DESCONOCIDO,revisada,no,,Tanque | 24 L | 50 L
/compresores/stanley/,DESCONOCIDO,revisada,no,,"Motor declarado | 2 HP / 1,5 kW | 2 HP / 1,5 kW"
/compresores/stanley/,DESCONOCIDO,revisada,no,,Presión máxima | 8 bar / 116 psi | 8 bar / 116 psi
/compresores/stanley/,DESCONOCIDO,revisada,no,,Desplazamiento de aire declarado | 222 L/min | 222 L/min
/compresores/stanley/,DESCONOCIDO,revisada,no,,Velocidad | 2.850 rpm | 2.850 rpm
/compresores/stanley/,DESCONOCIDO,revisada,no,,Peso bruto de catálogo | 24 kg | 36 kg
/compresores/stanley/,DESCONOCIDO,revisada,no,,Lubricación | Aceitado | Aceitado
/compresores/stanley/,DATO VERIFICADO,revisada,no,,"**Dato verificado:** el catálogo Stanley para la serie D210/8 publica la misma potencia, presión, velocidad y desplazamiento para las variantes de 24 y 50 L. Cambia el tanque y el peso bruto de catálogo. El documento es un catálogo regional europeo alojado por un distribuidor; no prueba la disponibilidad, revisión ni garantía argentina de una unidad ofrecida hoy."
/compresores/stanley/,ANÁLISIS TALLERLAB,revisada,no,,"**Análisis TallerLab:** el tanque aumenta 26 L (108,3 % sobre 24 L), mientras el peso bruto informado aumenta 12 kg (50 % sobre 24 kg). El desplazamiento publicado no aumenta junto con el tanque; ese dato no equivale a FAD ni permite comparar tiempo de recuperación sin curva y presión común. La tabla sirve para diferenciar capacidad de reserva de aire y tamaño del conjunto, no para afirmar rendimiento de taller."
/compresores/stanley/,DESCONOCIDO,revisada,no,,"**Desconocido:** no se confirmó caudal efectivo, estado actual de la línea D210/8 ni servicio/repuestos en Argentina. Antes de comprar, cotejar código de placa, manual correspondiente y condiciones escritas de garantía del vendedor local."
/compresores/stanley/,DESCONOCIDO,revisada,no,https://www.nuair.pt/images/katalogi/Catalogo-STANLEY-2017.pdf,"Documentación del fabricante/catálogo de línea:** [catálogo Stanley de compresores D210/8](https://www.nuair.pt/images/katalogi/Catalogo-STANLEY-2017.pdf); [Stanley Black & Decker, centro de soporte](https://support.stanleytools.com/hc/en-us/article_attachments/360012470297) (manual de compresores; confirmar que la revisión corresponda al código de placa)."
/compresores/stanley/,DESCONOCIDO,revisada,no,,Opiniones de compradores:** no se revisó una muestra verificable.
/compresores/stanley/,DESCONOCIDO,revisada,no,,Para seguir comparando: [compresor Lüsqtoff de 50 litros](/compresores/lusqtoff-50-litros/).
/compresores/stanley/,DESCONOCIDO,revisada,no,,Para conocer el criterio editorial: [Ver metodología de TallerLab](/como-trabajamos/).
/compresores/stanley/,DESCONOCIDO,revisada,no,,Para explorar la categoría: [guías relacionadas](/compresores/).
/generadores/a-gas/,DATO VERIFICADO,revisada,no,,**Dato verificado:** las cifras se atribuyen al documento indicado en cada tabla. Los cálculos se identifican como **Análisis TallerLab**; lo no confirmado queda como **Desconocido**. Esta guía es documental y no incluye prueba física.
/generadores/a-gas/,DESCONOCIDO,revisada,no,,Tipo de análisis: documental
/generadores/a-gas/,DESCONOCIDO,revisada,no,,Prueba física de TallerLab: no
/generadores/a-gas/,DESCONOCIDO,revisada,no,,Especificaciones contrastadas: sí
/generadores/a-gas/,DESCONOCIDO,revisada,no,,Opiniones de compradores: no
/generadores/a-gas/,DESCONOCIDO,revisada,no,,Fuentes primarias: sí
/generadores/a-gas/,DESCONOCIDO,revisada,no,,Última revisión: 27/09/2026
/generadores/a-gas/,DESCONOCIDO,revisada,no,,Caso documentado | Combustible/configuración | Potencia publicada | Qué muestra la fuente
/generadores/a-gas/,DESCONOCIDO,revisada,no,,"Generac Guardian residencial, 8 kVA | Configuración para LP y gas natural | 8.000 VA máximo continuo en LP; 7.000 VA en gas natural | Ficha técnica de una familia diseñada para ambos combustibles"
/generadores/a-gas/,DESCONOCIDO,revisada,no,,"Kit Lüsqtoff K1 | Conversión a gas envasado para motores compatibles | La ficha indica aplicación en motores de 5,5; 6,5 y 7 HP | Es un accesorio de conversión y no una autorización universal"
/generadores/a-gas/,DATO VERIFICADO,revisada,no,,"**Dato verificado:** para el Guardian 8 kVA, la ficha Generac publica distinta potencia continua máxima según combustible: 8 kVA con LP y 7 kVA con gas natural. También especifica consumos y presiones de entrada por gas y carga. Lüsqtoff describe el kit K1 para ciertas potencias de motor; esos motores y el generador Guardian son categorías distintas y no se deben mezclar como si compartieran kit."
/generadores/a-gas/,ANÁLISIS TALLERLAB,revisada,no,,**Análisis TallerLab:** “generador a gas” puede referirse a un equipo configurado de fábrica para gas o a un motor adaptado con un kit concreto. La ficha Guardian compara dos combustibles en una familia determinada; el K1 se limita a los motores que Lüsqtoff enumera. No deducimos que un generador cualquiera acepte gas ni extrapolamos la potencia nominal de nafta a gas.
/generadores/a-gas/,DESCONOCIDO,revisada,no,,"**Seguridad:** las conexiones, dimensionamiento y puesta en marcha de una instalación de gas requieren intervención de personal matriculado y aprobación según normativa y fabricante. Generac Argentina indica instalación profesional para sus equipos; ENARGAS señala la intervención de instalador matriculado para modificaciones de la instalación. Esta guía no es una instrucción de conversión."
/generadores/a-gas/,DESCONOCIDO,revisada,no,,"**Desconocido:** la ficha de K1 no valida todos los códigos de generadores, la potencia final en cada aplicación ni los requisitos de instalación de cada localidad. Antes de comprar, exigir compatibilidad escrita del fabricante para código y combustible exactos."
/generadores/a-gas/,DESCONOCIDO,revisada,no,https://www.generac.com.ar/_files/ugd/31f31b_3460fa12940846e3b3cb0df69786d423.pdf,"Documentación primaria:** [Generac Argentina, ficha Guardian 8/10/13 kVA](https://www.generac.com.ar/_files/ugd/31f31b_3460fa12940846e3b3cb0df69786d423.pdf); [Lüsqtoff, kit de conversión K1](https://www.lusqtoff.com.ar/productos/K1); [Generac Argentina, instaladores](https://www.generac.com.ar/instaladores)."
/generadores/a-gas/,DESCONOCIDO,revisada,no,https://www.enargas.gob.ar/secciones/seguridad-en-el-hogar/preguntas-frecuentes.php,"Seguridad/normativa:** [ENARGAS, preguntas frecuentes sobre instalaciones de gas](https://www.enargas.gob.ar/secciones/seguridad-en-el-hogar/preguntas-frecuentes.php)."
/generadores/a-gas/,DESCONOCIDO,revisada,no,,Opiniones de compradores:** no se revisó una muestra verificable.
/generadores/a-gas/,DESCONOCIDO,revisada,no,,Para seguir comparando: [generadores a nafta](/generadores/a-nafta/).
/generadores/a-gas/,DESCONOCIDO,revisada,no,,Para conocer el criterio editorial: [Ver metodología de TallerLab](/como-trabajamos/).
/generadores/a-gas/,DESCONOCIDO,revisada,no,,Para explorar la categoría: [guías relacionadas](/generadores/).
/generadores/a-nafta/,DATO VERIFICADO,revisada,no,,**Dato verificado:** las cifras se atribuyen al documento indicado en cada tabla. Los cálculos se identifican como **Análisis TallerLab**; lo no confirmado queda como **Desconocido**. Esta guía es documental y no incluye prueba física.
/generadores/a-nafta/,DESCONOCIDO,revisada,no,,Tipo de análisis: documental
/generadores/a-nafta/,DESCONOCIDO,revisada,no,,Prueba física de TallerLab: no
/generadores/a-nafta/,DESCONOCIDO,revisada,no,,Especificaciones contrastadas: sí
/generadores/a-nafta/,DESCONOCIDO,revisada,no,,Opiniones de compradores: no
/generadores/a-nafta/,DESCONOCIDO,revisada,no,,Fuentes primarias: sí
/generadores/a-nafta/,DESCONOCIDO,revisada,no,,Última revisión: 27/09/2026
/generadores/a-nafta/,DESCONOCIDO,revisada,no,,Modelo | Potencia continua/nominal publicada | Máxima publicada | Tanque / autonomía | Observación documental
/generadores/a-nafta/,DESCONOCIDO,revisada,no,,LG3500EX | 2.450 W nominales | 3.500 W | 15 L; aprox. 6–8 h según ficha | Motor 4 tiempos; 45 kg
/generadores/a-nafta/,DESCONOCIDO,revisada,no,,LG3500EXI | No especificada en la ficha consultada | 3.500 W | 15 L; 11 h declaradas | Inverter; autonomía sin condición de carga detallada en la ficha
/generadores/a-nafta/,DESCONOCIDO,revisada,no,,"LGI3.8-8 | 3,5 kW | 3,8 kW | 8 L | Página: 223 cm³ y 28 kg; manual: 233 cm³ y 27 kg"
/generadores/a-nafta/,DESCONOCIDO,revisada,no,,"LG3000 | 2,5 kVA | 2,8 kVA | 15 L; 12 h declaradas | La misma página también imprime 4,8 kW como “potencia máxima de salida”"
/generadores/a-nafta/,DATO VERIFICADO,revisada,no,,"**Dato verificado:** las fichas oficiales Lüsqtoff publican los valores resumidos. En LGI3.8-8, página de producto y manual discrepan en cilindrada (223/233 cm³) y peso (28/27 kg). En LG3000, los campos de 2,5 kVA nominal y 2,8 kVA máximo coexisten en la ficha con otro campo que dice 4,8 kW máximo. No resolvemos esas diferencias sin aclaración de la marca."
/generadores/a-nafta/,ANÁLISIS TALLERLAB,revisada,no,,"**Análisis TallerLab:** estos casos muestran por qué hay que comparar potencia nominal con nominal y máxima con máxima, además de distinguir W de VA. Para LG3000, 4,8 kW no concuerda con el campo máximo de 2,8 kVA tal como está publicado; se deja registrada la inconsistencia sin elegir arbitrariamente una cifra. Las autonomías de 6–8, 11 y 12 horas tampoco son comparables sin carga y procedimiento equivalentes."
/generadores/a-nafta/,DESCONOCIDO,revisada,no,,"**Desconocido:** no se convierte el consumo LG3000 de 360 g/kWh a litros por hora sin conocer potencia entregada y densidad del combustible en la condición de ensayo. La evidencia consultada tampoco confirma autonomía con una carga específica, contenido de kit, garantía vigente o potencia recomendada para cada artefacto."
/generadores/a-nafta/,DESCONOCIDO,revisada,no,https://lusqtoff.com.ar/ver-producto/LG3500EX,Documentación primaria:** [Lüsqtoff LG3500EX](https://lusqtoff.com.ar/ver-producto/LG3500EX); [Lüsqtoff LG3500EXI](https://www.lusqtoff.com.ar/ver-producto/LG3500EXI); [Lüsqtoff LGI3.8-8](https://www.lusqtoff.com.ar/ver-producto/LGI3.8-8); [manual Lüsqtoff LGI3.8-8](https://www.lusqtoff.com.ar/2023/uploads/Productos/NUEVOS/GRUPOS_ELECTROGENES/LGI38-8/LGI3-8-8.pdf); [Lüsqtoff LG3000](https://lusqtoff.com.ar/ver-producto/LG3000).
/generadores/a-nafta/,DESCONOCIDO,revisada,no,,Opiniones de compradores:** no se revisó una muestra verificable.
/generadores/a-nafta/,DESCONOCIDO,revisada,no,,Para seguir comparando: [generadores a gas](/generadores/a-gas/).
/generadores/a-nafta/,DESCONOCIDO,revisada,no,,Para conocer el criterio editorial: [Ver metodología de TallerLab](/como-trabajamos/).
/generadores/a-nafta/,DESCONOCIDO,revisada,no,,Para explorar la categoría: [guías relacionadas](/generadores/).
/generadores/chicos/,DATO VERIFICADO,revisada,no,,**Dato verificado:** las cifras se atribuyen al documento indicado en cada tabla. Los cálculos se identifican como **Análisis TallerLab**; lo no confirmado queda como **Desconocido**. Esta guía es documental y no incluye prueba física.
/generadores/chicos/,DESCONOCIDO,revisada,no,,Tipo de análisis: documental
/generadores/chicos/,DESCONOCIDO,revisada,no,,Prueba física de TallerLab: no
/generadores/chicos/,DESCONOCIDO,revisada,no,,Especificaciones contrastadas: sí
/generadores/chicos/,DESCONOCIDO,revisada,no,,Opiniones de compradores: no
/generadores/chicos/,DESCONOCIDO,revisada,no,,Fuentes primarias: sí
/generadores/chicos/,DESCONOCIDO,revisada,no,,Última revisión: 27/09/2026
/generadores/chicos/,DESCONOCIDO,revisada,no,,Modelo | Potencia nominal publicada | Potencia máxima publicada | Motor / datos disponibles | Estado de la evidencia
/generadores/chicos/,DESCONOCIDO,revisada,no,,"Pektra GPK980 | 650 W | 720 W | La publicación comercial lo identifica como 2 tiempos, mezcla, 220 V y arranque manual | Publicación de vendedor; no se halló manual o ficha del fabricante que confirme esos campos"
/generadores/chicos/,DESCONOCIDO,revisada,no,,"Konan KGE/800 | 650 W | 800 W | 2 tiempos, 63 cm³, 220 V–50 Hz, tanque 4 L y 4,5 h declaradas | Sitio del representante exclusivo publica ficha y manual"
/generadores/chicos/,DESCONOCIDO,revisada,no,,"Gamma GE3441AR / 950 | El fabricante llama al campo «energía generada contenida»: 0,57 kW | 0,87 kW | 2 tiempos, 63 cm³, producto discontinuado | Ficha oficial; el nombre del campo no se sustituye por «potencia nominal»"
/generadores/chicos/,DATO VERIFICADO,revisada,no,,"**Dato verificado:** Konan informa 650 W nominales y 800 W máximos para KGE/800. Para Pektra GPK980, la fuente consultada es una publicación comercial cuyo título dice 720 W; una página de comercio que reproduce datos del vendedor enumera 650 W nominales y 720 W máximos. No localizamos documentación primaria del fabricante Pektra que confirme esos valores. Gamma publica para el GE3441AR máximo de 0,87 kW y «energía generada contenida» de 0,57 kW."
/generadores/chicos/,ANÁLISIS TALLERLAB,revisada,no,,"**Análisis TallerLab:** en KGE/800, el valor máximo supera el nominal en 150 W (23,1 % sobre 650 W). En Pektra GPK980 la diferencia sería 70 W (10,8 %) si la cifra nominal de 650 W de la publicación comercial se confirma. Estas restas no son una prueba de arranque de motores ni de compatibilidad con una carga concreta; para seleccionar hay que cotejar potencia de funcionamiento y pico de arranque en las placas/manuales de los equipos conectados."
/generadores/chicos/,DESCONOCIDO,revisada,no,,"**Desconocido:** no se verificaron de forma primaria para Pektra el consumo, el peso, la autonomía ni la potencia nominal. En Gamma, la página consultada no rotula 0,57 kW como potencia nominal continua, así que conservamos su nombre original."
/generadores/chicos/,DESCONOCIDO,revisada,no,https://www.konan.com.ar/productos/generador-electrico-kge-800,"Documentación primaria:** [Konan, KGE/800 y especificaciones](https://www.konan.com.ar/productos/generador-electrico-kge-800); [catálogo oficial Konan 2025](https://konan.com.ar/media/descargas/KONAN-Catalogo-2025.pdf); [Gamma, GE3441AR/950 discontinuado](https://www.gammaherramientas.com.ar/producto/grupo-electrogeno-950/)."
/generadores/chicos/,DESCONOCIDO,revisada,no,https://listado.mercadolibre.com.ar/construccion/electricidad/grupos-electrogenos/nuevo/pektra/,Información comercial:** [publicación de Pektra GPK980 en Mercado Libre](https://listado.mercadolibre.com.ar/construccion/electricidad/grupos-electrogenos/nuevo/pektra/); [página comercial que reproduce los campos informados por un vendedor](https://mercadocordoba.com.ar/producto/163). Sus cifras no se atribuyen al fabricante.
/generadores/chicos/,DESCONOCIDO,revisada,no,,Opiniones de compradores:** no se revisó una muestra verificable.
/generadores/chicos/,DESCONOCIDO,revisada,no,,Para seguir comparando: [Gamma 950 y sus límites documentales](/generadores/gamma-950/).
/generadores/chicos/,DESCONOCIDO,revisada,no,,Para conocer el criterio editorial: [Ver metodología de TallerLab](/como-trabajamos/).
/generadores/chicos/,DESCONOCIDO,revisada,no,,Para explorar la categoría: [guías de generadores](/generadores/).
/generadores/comparativa-general/,DATO VERIFICADO,revisada,no,,**Dato verificado:** las cifras se atribuyen al documento indicado en cada tabla. Los cálculos se identifican como **Análisis TallerLab**; lo no confirmado queda como **Desconocido**. Esta guía es documental y no incluye prueba física.
/generadores/comparativa-general/,DESCONOCIDO,revisada,no,,Tipo de análisis: documental
/generadores/comparativa-general/,DESCONOCIDO,revisada,no,,Prueba física de TallerLab: no
/generadores/comparativa-general/,DESCONOCIDO,revisada,no,,Especificaciones contrastadas: sí
/generadores/comparativa-general/,DESCONOCIDO,revisada,no,,Opiniones de compradores: no
/generadores/comparativa-general/,DESCONOCIDO,revisada,no,,Fuentes primarias: sí
/generadores/comparativa-general/,DESCONOCIDO,revisada,no,,Última revisión: 27/09/2026
/generadores/comparativa-general/,DESCONOCIDO,revisada,no,,Modelo / fuente | Potencia nominal | Potencia máxima | Tensión y fase publicados | Dato que no debe confundirse
/generadores/comparativa-general/,DESCONOCIDO,revisada,no,,"Honda EG6500CXS | 5,0 kVA | 5,5 kVA | 220 V, monofásico | El documento expresa potencia aparente en kVA"
/generadores/comparativa-general/,DESCONOCIDO,revisada,no,,"Honda EZ6500CXS | 5,5 kVA | 6,5 kVA | 220 V, monofásico | El pico no es la potencia nominal de servicio"
/generadores/comparativa-general/,DESCONOCIDO,revisada,no,,"Gamma GE3481AR 6000V | 5,5 kW | 6,0 kW | 220 VCA, salida auxiliar 12 VCC | La ficha identifica los valores en kW"
/generadores/comparativa-general/,DATO VERIFICADO,revisada,no,,"**Dato verificado:** las fichas de Honda separan nominal y máximo en kVA; Gamma publica para GE3481AR 5,5 kW de potencia y 6 kW máxima. No convertimos kVA a kW sin el factor de potencia aplicable a la carga."
/generadores/comparativa-general/,DESCONOCIDO,revisada,no,,"El manual Hyundai indica estimar la carga multiplicando voltios × amperes cuando no está impresa la potencia. Por ejemplo, un equipo monofásico rotulado 220 V y 4 A representa 880 VA de potencia aparente; los watts activos dependen del factor de potencia. Si el fabricante informa W directamente, usar ese dato y revisar también el arranque. La suma de las cargas de marcha no debe compararse con el valor máximo breve como si ambos fueran el mismo régimen."
/generadores/comparativa-general/,ANÁLISIS TALLERLAB,revisada,no,,"**Análisis TallerLab:** en el Gamma citado, la diferencia entre 6,0 kW máximos y 5,5 kW publicados como potencia es 0,5 kW (9,1 % sobre 5,5). En Honda EG6500CXS, la diferencia indicada entre nominal y máxima es 0,5 kVA. Las unidades y fuentes difieren, así que los dos resultados no permiten ordenar equipos entre marcas."
/generadores/comparativa-general/,DESCONOCIDO,revisada,no,,"**Desconocido:** el consumo de arranque depende del aparato y no se deduce de su potencia de marcha sin datos del fabricante. Esta guía no afirma que un modelo alimente una heladera, bomba, soldadora o vivienda sin calcular las cargas exactas y revisar tensión, fase, frecuencia y picos."
/generadores/comparativa-general/,DESCONOCIDO,revisada,no,https://pf.honda.com.ar/producto/EG6500CXS,"Documentación primaria:** [Honda EG6500CXS](https://pf.honda.com.ar/producto/EG6500CXS); [Honda EZ6500CXS](https://pf.honda.com.ar/producto/EZ6500CXS); [Gamma GE3481AR, 6000V](https://www.gammaherramientas.com.ar/producto/grupo-electrogeno-6000v/); [manual Hyundai HHY2200F: cálculo de watts y cargas](https://hyundaiherramientas.com.ar/wp-content/uploads/Manuales_Fichas/019-0010.pdf)."
/generadores/comparativa-general/,DESCONOCIDO,revisada,no,,Opiniones de compradores:** no se revisó una muestra verificable.
/generadores/comparativa-general/,DESCONOCIDO,revisada,no,,Para seguir comparando: [generadores diésel: datos y límites](/generadores/diesel/).
/generadores/comparativa-general/,DESCONOCIDO,revisada,no,,Para conocer el criterio editorial: [Ver metodología de TallerLab](/como-trabajamos/).
/generadores/comparativa-general/,DESCONOCIDO,revisada,no,,Para explorar la categoría: [guías de generadores](/generadores/).
/generadores/diesel/,DATO VERIFICADO,revisada,no,,**Dato verificado:** las cifras se atribuyen al documento indicado en cada tabla. Los cálculos se identifican como **Análisis TallerLab**; lo no confirmado queda como **Desconocido**. Esta guía es documental y no incluye prueba física.
/generadores/diesel/,DESCONOCIDO,revisada,no,,Tipo de análisis: documental
/generadores/diesel/,DESCONOCIDO,revisada,no,,Prueba física de TallerLab: no
/generadores/diesel/,DESCONOCIDO,revisada,no,,Especificaciones contrastadas: sí
/generadores/diesel/,DESCONOCIDO,revisada,no,,Opiniones de compradores: no
/generadores/diesel/,DESCONOCIDO,revisada,no,,Fuentes primarias: sí
/generadores/diesel/,DESCONOCIDO,revisada,no,,Última revisión: 27/09/2026
/generadores/diesel/,DESCONOCIDO,revisada,no,,Código publicado | Potencia máxima | Potencia continua publicada | Cilindrada / fase o presentación | Límite de la ficha consultada
/generadores/diesel/,DESCONOCIDO,revisada,no,,Hyundai 070G | 8.000 W | Desconocida | 465 cm³; listado como monofásico | No informa tanque ni consumo en la ficha abierta
/generadores/diesel/,DESCONOCIDO,revisada,no,,"Hyundai 071G | 8.000 W | Desconocida | 465 cm³; insonorizado según título comercial | El campo de uso continuo dice 6,5 h, sin detallar carga"
/generadores/diesel/,DESCONOCIDO,revisada,no,,"Hyundai 073G | 6.400 W | 5.800 W | 456 cm³; insonorizado según título comercial | El vendedor publica 6,5 h, pero no indica carga de ensayo"
/generadores/diesel/,DESCONOCIDO,revisada,no,,Hyundai 080G | 8 kVA máximo | Desconocida | Trifásico; 456 cm³ | La página alterna rótulos kVA y kW en sus datos; confirmar placa
/generadores/diesel/,DATO VERIFICADO,revisada,no,,"**Dato verificado:** el sitio local de Hyundai Herramientas lista los códigos 070G, 071G y 073G en su familia de generadores diésel. Sus fichas comerciales publican 8.000 W máximos para 070G y 071G; para 073G publican 5.800 W continuos y 6.400 W máximos. La ficha del 080G lo titula 8 kVA, mientras otros campos usan W; señalamos esa inconsistencia para cotejo con la placa y manual."
/generadores/diesel/,ANÁLISIS TALLERLAB,revisada,no,,"**Análisis TallerLab:** solo para 073G pueden calcularse ambas potencias desde los datos publicados: 6.400 − 5.800 = 600 W (10,3 % sobre la continua). No asignamos 5.800 W continuos a los códigos 070G o 071G por similitud de cilindrada o presentación. “Uso continuo 6,5 h” es duración declarada sin una carga identificada y no equivale a ciclo de trabajo ilimitado."
/generadores/diesel/,DESCONOCIDO,revisada,no,,"**Desconocido:** no se encontraron en las páginas abiertas consumos en L/h por porcentaje de carga, capacidad de tanque y peso para todos los códigos. La página de 070G/071G/073G advierte consultar el manual para requisitos de energía; estos datos no bastan para calcular costo horario ni dimensionar una instalación."
/generadores/diesel/,DESCONOCIDO,revisada,no,https://hyundaiherramientas.com.ar/producto/generador-diesel-monofasico-8kva-070g/,Información del representante local Hyundai:** [070G diésel monofásico](https://hyundaiherramientas.com.ar/producto/generador-diesel-monofasico-8kva-070g/); [071G diésel insonorizado](https://hyundaiherramientas.com.ar/producto/generador-insonorizado-8-kva-071g/); [073G diésel insonorizado](https://hyundaiherramientas.com.ar/producto/generador-insonorizado-8-kva-073g); [080G diésel trifásico](https://hyundaiherramientas.com.ar/producto/generador-diesel-trifasico-con-arranque-electrico-8-kva-080g
/generadores/diesel/,DESCONOCIDO,revisada,no,,Opiniones de compradores:** no se revisó una muestra verificable.
/generadores/diesel/,DESCONOCIDO,revisada,no,,Para seguir comparando: [generadores Hyundai: modelos y diferencias](/generadores/hyundai/).
/generadores/diesel/,DESCONOCIDO,revisada,no,,Para conocer el criterio editorial: [Ver metodología de TallerLab](/como-trabajamos/).
/generadores/diesel/,DESCONOCIDO,revisada,no,,Para explorar la categoría: [guías de generadores](/generadores/).
/generadores/estacion-de-energia-portatil/,DATO VERIFICADO,revisada,no,,**Dato verificado:** las cifras se atribuyen al documento indicado en cada tabla. Los cálculos se identifican como **Análisis TallerLab**; lo no confirmado queda como **Desconocido**. Esta guía es documental y no incluye prueba física.
/generadores/estacion-de-energia-portatil/,DESCONOCIDO,revisada,no,,Tipo de análisis: documental
/generadores/estacion-de-energia-portatil/,DESCONOCIDO,revisada,no,,Prueba física de TallerLab: no
/generadores/estacion-de-energia-portatil/,DESCONOCIDO,revisada,no,,Especificaciones contrastadas: sí
/generadores/estacion-de-energia-portatil/,DESCONOCIDO,revisada,no,,Opiniones de compradores: no
/generadores/estacion-de-energia-portatil/,DESCONOCIDO,revisada,no,,Fuentes primarias: sí
/generadores/estacion-de-energia-portatil/,DESCONOCIDO,revisada,no,,Última revisión: 27/09/2026
/generadores/estacion-de-energia-portatil/,DESCONOCIDO,revisada,no,,Modelo | Energía nominal almacenada | Salida CA nominal | Pico indicado | Región/documento
/generadores/estacion-de-energia-portatil/,DESCONOCIDO,revisada,no,,"EcoFlow DELTA 2 | 1.024 Wh | 1.800 W | 2.700 W | Manual regional UE, 230 V"
/generadores/estacion-de-energia-portatil/,DESCONOCIDO,revisada,no,,BLUETTI AC70 | 768 Wh | 1.000 W | No se usa aquí un dato de pico | Catálogo del fabricante; variantes de tomacorriente por región
/generadores/estacion-de-energia-portatil/,DATO VERIFICADO,revisada,no,,**Dato verificado:** el manual EcoFlow separa 1.024 Wh de capacidad de batería y 1.800 W de salida CA (2.700 W de pico). El catálogo BLUETTI declara para AC70 768 Wh y 1.000 W. Wh describe energía almacenada; W de salida describe el límite de potencia instantánea declarado.
/generadores/estacion-de-energia-portatil/,DATO VERIFICADO,revisada,no,,Carga constante supuesta | DELTA 2: 1.024 Wh ÷ carga | AC70: 768 Wh ÷ carga
/generadores/estacion-de-energia-portatil/,DATO VERIFICADO,revisada,no,,"100 W | 10,24 h teóricas | 7,68 h teóricas"
/generadores/estacion-de-energia-portatil/,DATO VERIFICADO,revisada,no,,"500 W | 2,05 h teóricas | 1,54 h teóricas"
/generadores/estacion-de-energia-portatil/,ANÁLISIS TALLERLAB,revisada,no,,"**Análisis TallerLab:** las divisiones usan toda la capacidad nominal como si no hubiera pérdidas. Son techos matemáticos, no autonomías medidas ni garantías: salida CA, conversión, temperatura, corte de descarga y comportamiento de la carga modifican el tiempo real. A igual carga de 100 W, la diferencia aritmética de capacidad es 2,56 h ideales; no es una promesa de duración."
/generadores/estacion-de-energia-portatil/,DESCONOCIDO,revisada,no,,"**Desconocido:** no se midieron Wh realmente utilizables en salida CA, consumo propio del inversor ni rendimiento de las unidades. Antes de conectar un equipo, verificar potencia de marcha, pico de arranque, tensión y compatibilidad de enchufe para la región exacta; X-Boost y funciones equivalentes no sustituyen el límite nominal para todos los aparatos."
/generadores/estacion-de-energia-portatil/,DESCONOCIDO,revisada,no,https://manuals.ecoflow.com/eu/product/delta-2-portable-power-station?lang=es_ES,"Documentación primaria:** [manual oficial EcoFlow DELTA 2 en español](https://manuals.ecoflow.com/eu/product/delta-2-portable-power-station?lang=es_ES); [catálogo oficial BLUETTI, AC70](https://bluetti.com/wp-content/uploads/2024/09/%EF%BC%88%E7%94%B5%E5%AD%90%E7%89%88%EF%BC%89Product-Catalog-EN-V4.2-1.pdf); [página BLUETTI AC70](https://www.bluettipower.com/products/ac70)."
/generadores/estacion-de-energia-portatil/,DESCONOCIDO,revisada,no,,Opiniones de compradores:** no se revisó una muestra verificable.
/generadores/estacion-de-energia-portatil/,DESCONOCIDO,revisada,no,,Para seguir comparando: [guías de grupos electrógenos](/generadores/).
/generadores/estacion-de-energia-portatil/,DESCONOCIDO,revisada,no,,Para conocer el criterio editorial: [Ver metodología de TallerLab](/como-trabajamos/).
/generadores/estacion-de-energia-portatil/,DESCONOCIDO,revisada,no,,Para explorar la categoría: [guías de generadores](/generadores/).
/generadores/gamma-6500/,DATO VERIFICADO,revisada,no,,**Dato verificado:** las cifras se atribuyen al documento indicado en cada tabla. Los cálculos se identifican como **Análisis TallerLab**; lo no confirmado queda como **Desconocido**. Esta guía es documental y no incluye prueba física.
/generadores/gamma-6500/,DESCONOCIDO,revisada,no,,Tipo de análisis: documental
/generadores/gamma-6500/,DESCONOCIDO,revisada,no,,Prueba física de TallerLab: no
/generadores/gamma-6500/,DESCONOCIDO,revisada,no,,Especificaciones contrastadas: sí
/generadores/gamma-6500/,DESCONOCIDO,revisada,no,,Opiniones de compradores: no
/generadores/gamma-6500/,DESCONOCIDO,revisada,no,,Fuentes primarias: sí
/generadores/gamma-6500/,DESCONOCIDO,revisada,no,,Última revisión: 27/09/2026
/generadores/gamma-6500/,DESCONOCIDO,revisada,no,,Campo publicado para Gamma 6500V | Dato del código GE3466AR | Lectura editorial
/generadores/gamma-6500/,DESCONOCIDO,revisada,no,,Estado en sitio de Gamma | Discontinuado | No demuestra disponibilidad actual ni soporte de una unidad usada
/generadores/gamma-6500/,DESCONOCIDO,revisada,no,,"Potencia continua publicada | 5,5 kW | Atribuida a la página del fabricante"
/generadores/gamma-6500/,DESCONOCIDO,revisada,no,,"Potencia máxima publicada | 6 kW | Diferencia de 0,5 kW frente al campo continuo"
/generadores/gamma-6500/,DESCONOCIDO,revisada,no,,Motor / tanque | 389 cm³ / 25 L | La ficha lo identifica como naftero de 4 tiempos
/generadores/gamma-6500/,DESCONOCIDO,revisada,no,,Arranque y batería | Eléctrico; batería no incluida | Confirmar batería compatible y estado en la unidad concreta
/generadores/gamma-6500/,DESCONOCIDO,revisada,no,,Autonomía | La página de producto y manuales consultados no ofrecen una condición uniforme | No se publica como duración garantizada a una carga especificada
/generadores/gamma-6500/,DATO VERIFICADO,revisada,no,,"**Dato verificado:** Gamma marca el 6500V como discontinuado y lo identifica como GE3466AR. La ficha del fabricante publica 5,5 kW continuos y 6 kW máximos; informa 389 cm³, tanque de 25 L, arranque eléctrico y aclara que la batería no viene incluida."
/generadores/gamma-6500/,ANÁLISIS TALLERLAB,revisada,no,,"**Análisis TallerLab:** la potencia máxima publicada supera la continua en 500 W, equivalente a 9,1 % de la cifra continua. Para dimensionar una carga, la referencia debe ser la potencia continua y las instrucciones del manual del ejemplar; el margen máximo no se trata como régimen prolongado. Como el producto está discontinuado, una publicación comercial actual no prueba disponibilidad de repuestos, garantía o condición de una unidad usada."
/generadores/gamma-6500/,DESCONOCIDO,revisada,no,,"**Desconocido:** la evidencia revisada no permite fijar autonomía por carga, consumo horario representativo ni compatibilidad de artefactos sin datos de placa y de arranque. Tampoco se verificó soporte de servicio actual para cada región."
/generadores/gamma-6500/,DESCONOCIDO,revisada,no,https://www.gammaherramientas.com.ar/producto/grupo-electrogeno-6500-v-2/,"Documentación primaria:** [Gamma, Grupo Electrógeno 6500V GE3466AR](https://www.gammaherramientas.com.ar/producto/grupo-electrogeno-6500-v-2/); [manual Gamma de grupos serie V](https://www.gammaherramientas.com.ar/web/wp-content/uploads/2023/11/MANUAL-GE-OK_compressed.pdf); [archivo Gamma de productos discontinuados](https://www.gammaherramientas.com.ar/categoria-producto/discontinuos/)."
/generadores/gamma-6500/,DESCONOCIDO,revisada,no,,Opiniones de compradores:** no se revisó una muestra verificable.
/generadores/gamma-6500/,DESCONOCIDO,revisada,no,,Para seguir comparando: [generadores Gamma por modelo](/generadores/gamma/).
/generadores/gamma-6500/,DESCONOCIDO,revisada,no,,Para conocer el criterio editorial: [Ver metodología de TallerLab](/como-trabajamos/).
/generadores/gamma-6500/,DESCONOCIDO,revisada,no,,Para explorar la categoría: [guías de generadores](/generadores/).
/generadores/gamma-950/,DATO VERIFICADO,revisada,no,,**Dato verificado:** las cifras se atribuyen al documento indicado en cada tabla. Los cálculos se identifican como **Análisis TallerLab**; lo no confirmado queda como **Desconocido**. Esta guía es documental y no incluye prueba física.
/generadores/gamma-950/,DESCONOCIDO,revisada,no,,Tipo de análisis: documental
/generadores/gamma-950/,DESCONOCIDO,revisada,no,,Prueba física de TallerLab: no
/generadores/gamma-950/,DESCONOCIDO,revisada,no,,Especificaciones contrastadas: sí
/generadores/gamma-950/,DESCONOCIDO,revisada,no,,Opiniones de compradores: no
/generadores/gamma-950/,DESCONOCIDO,revisada,no,,Fuentes primarias: sí
/generadores/gamma-950/,DESCONOCIDO,revisada,no,,Última revisión: 27/09/2026
/generadores/gamma-950/,DESCONOCIDO,revisada,no,,Campo Gamma para GE3441AR | Valor publicado | Interpretación permitida
/generadores/gamma-950/,DESCONOCIDO,revisada,no,,"Potencia máxima | 0,87 kW | El fabricante lo denomina máximo"
/generadores/gamma-950/,DESCONOCIDO,revisada,no,,"«Energía generada contenida» | 0,57 kW | Se conserva el rótulo; la página no lo define como nominal/continua"
/generadores/gamma-950/,DESCONOCIDO,revisada,no,,Tensión / frecuencia | 220 V / 50 Hz | Dato publicado por Gamma
/generadores/gamma-950/,DESCONOCIDO,revisada,no,,"Motor y combustible | 2 tiempos, 63 cm³ | Gamma indica motor naftero 2T; no inferimos mezcla exacta sin seguir el manual"
/generadores/gamma-950/,DESCONOCIDO,revisada,no,,Estado | Discontinuado | Confirmado en la página oficial Gamma
/generadores/gamma-950/,DATO VERIFICADO,revisada,no,,"**Dato verificado:** Gamma publica para el modelo 950 GE3441AR 0,87 kW de potencia máxima y 0,57 kW bajo el campo «energía generada contenida», además de 220 V–50 Hz, motor naftero de 2 tiempos, tanque de 4,2 L y 22 kg. La marca indica que el producto está discontinuado."
/generadores/gamma-950/,ANÁLISIS TALLERLAB,revisada,no,,"**Análisis TallerLab:** 0,87 − 0,57 = 0,30 kW (300 W); el máximo publicado es 52,6 % mayor que el valor de «energía generada contenida». Ese cálculo deja ver dos cifras distintas en la ficha, pero no determina por sí mismo cuántos watts puede sostener el equipo en uso prolongado: Gamma no define el segundo rótulo en la página consultada. No transformamos esas cifras en recomendación para cargas concretas."
/generadores/gamma-950/,DESCONOCIDO,revisada,no,,"**Desconocido:** no afirmamos una lista de artefactos compatibles, consumo horario ni autonomía a carga determinada a partir del tanque y las horas que aparecen en la ficha. Para una unidad usada, comprobar etiqueta y manual correspondiente."
/generadores/gamma-950/,DESCONOCIDO,revisada,no,https://www.gammaherramientas.com.ar/producto/grupo-electrogeno-950/,"Documentación primaria:** [Gamma, ficha GE3441AR / Grupo Electrógeno 950](https://www.gammaherramientas.com.ar/producto/grupo-electrogeno-950/); [manual Gamma grupos electrógenos](https://www.gammaherramientas.com.ar/web/wp-content/uploads/2023/11/MANUAL-GE-OK_compressed.pdf); [despiece Gamma GE3441AR](https://www.gammaherramientas.com.ar/web/wp-content/uploads/grupos-electrogenos_grupo-electrogeno-950_GE3441AR-103-despiece.pdf)."
/generadores/gamma-950/,DESCONOCIDO,revisada,no,,Opiniones de compradores:** no se revisó una muestra verificable.
/generadores/gamma-950/,DESCONOCIDO,revisada,no,,Para seguir comparando: [generadores chicos: potencias documentadas](/generadores/chicos/).
/generadores/gamma-950/,DESCONOCIDO,revisada,no,,Para conocer el criterio editorial: [Ver metodología de TallerLab](/como-trabajamos/).
/generadores/gamma-950/,DESCONOCIDO,revisada,no,,Para explorar la categoría: [guías de generadores](/generadores/).
/generadores/gamma/,DATO VERIFICADO,revisada,no,,**Dato verificado:** las cifras se atribuyen al documento indicado en cada tabla. Los cálculos se identifican como **Análisis TallerLab**; lo no confirmado queda como **Desconocido**. Esta guía es documental y no incluye prueba física.
/generadores/gamma/,DESCONOCIDO,revisada,no,,Tipo de análisis: documental
/generadores/gamma/,DESCONOCIDO,revisada,no,,Prueba física de TallerLab: no
/generadores/gamma/,DESCONOCIDO,revisada,no,,Especificaciones contrastadas: sí
/generadores/gamma/,DESCONOCIDO,revisada,no,,Opiniones de compradores: no
/generadores/gamma/,DESCONOCIDO,revisada,no,,Fuentes primarias: sí
/generadores/gamma/,DESCONOCIDO,revisada,no,,Última revisión: 27/09/2026
/generadores/gamma/,DESCONOCIDO,revisada,no,,Modelo / artículo | Estado en el sitio Gamma | Potencia continua / máxima publicada | Tanque | Autonomía declarada
/generadores/gamma/,DESCONOCIDO,revisada,no,,"GE3480AR / 3000V | En catálogo actual consultado | 2,7 / 3,0 kW | 15 L | 13 h a 50 %; 8 h a 100 %"
/generadores/gamma/,DESCONOCIDO,revisada,no,,"GE3481AR / 6000V | En catálogo actual consultado | 5,5 / 6,0 kW | 25 L | 10 h a 50 %; 6 h a 100 %"
/generadores/gamma/,DESCONOCIDO,revisada,no,,"GE3464AR / 3500V | Discontinuado | 2,8 / 3,1 kW en manual de serie V | 12 L | No confirmado en la ficha del fabricante abierta"
/generadores/gamma/,DESCONOCIDO,revisada,no,,"GE3466AR / 6500V | Discontinuado | 5,5 / 6,0 kW | 25 L | La página y los documentos consultados no dan una condición homogénea"
/generadores/gamma/,DESCONOCIDO,revisada,no,,"GE3441AR / 950 | Discontinuado | Máx. 0,87 kW; otro campo dice 0,57 kW «energía generada contenida» | 4,2 L | La página indica 2,8 h, sin carga de ensayo explícita"
/generadores/gamma/,DATO VERIFICADO,revisada,no,,"**Dato verificado:** Gamma publica para GE3480AR y GE3481AR potencias, autonomías por carga y tanques distintos. Para los códigos antiguos GE3464AR y GE3466AR, el archivo oficial de discontinuados los identifica como tales y su manual de serie V conserva especificaciones. El manual de GE3464AR expresa dos cifras de potencia, pero la transcripción consultada no conserva de forma clara los rótulos de columna; se muestran como par del documento y no se equiparan con la misma nomenclatura de las fic"
/generadores/gamma/,ANÁLISIS TALLERLAB,revisada,no,,"**Análisis TallerLab:** al pasar de GE3480AR a GE3481AR, el tanque aumenta 10 L (66,7 % respecto de 15 L) y la autonomía publicada a media carga baja de 13 a 10 h. No se debe interpretar como comparación de eficiencia sin mismo procedimiento y salida comparable. En el GE3441AR tampoco convertimos 0,57 kW en potencia nominal, porque Gamma usa otro rótulo."
/generadores/gamma/,DESCONOCIDO,revisada,no,,"**Desconocido:** no hay base en estas páginas para comparar precios actuales, repuestos, garantía, consumo horario entre toda la gama o compatibilidad con una carga concreta. La disponibilidad debe confirmarse por código y vendedor."
/generadores/gamma/,DESCONOCIDO,revisada,no,https://www.gammaherramientas.com.ar/producto/grupo-electrogeno-3000v-ge3480ar/,"Documentación primaria:** [Gamma GE3480AR / 3000V](https://www.gammaherramientas.com.ar/producto/grupo-electrogeno-3000v-ge3480ar/); [Gamma GE3481AR / 6000V](https://www.gammaherramientas.com.ar/producto/grupo-electrogeno-6000v/); [Gamma GE3441AR / 950](https://www.gammaherramientas.com.ar/producto/grupo-electrogeno-950/); [manual Gamma de serie V](https://www.gammaherramientas.com.ar/web/wp-content/uploads/2023/11/MANUAL-GE-OK_compressed.pdf); [Gamma, discontinuados](https://www.gammaherramient"
/generadores/gamma/,DESCONOCIDO,revisada,no,,Opiniones de compradores:** no se revisó una muestra verificable.
/generadores/gamma/,DESCONOCIDO,revisada,no,,Para seguir comparando: [Gamma 6500: ficha y estado de línea](/generadores/gamma-6500/).
/generadores/gamma/,DESCONOCIDO,revisada,no,,Para conocer el criterio editorial: [Ver metodología de TallerLab](/como-trabajamos/).
/generadores/gamma/,DESCONOCIDO,revisada,no,,Para explorar la categoría: [guías de generadores](/generadores/).
/generadores/honda-6500/,DATO VERIFICADO,revisada,no,,**Dato verificado:** las cifras se atribuyen al documento indicado en cada tabla. Los cálculos se identifican como **Análisis TallerLab**; lo no confirmado queda como **Desconocido**. Esta guía es documental y no incluye prueba física.
/generadores/honda-6500/,DESCONOCIDO,revisada,no,,Tipo de análisis: documental
/generadores/honda-6500/,DESCONOCIDO,revisada,no,,Prueba física de TallerLab: no
/generadores/honda-6500/,DESCONOCIDO,revisada,no,,Especificaciones contrastadas: sí
/generadores/honda-6500/,DESCONOCIDO,revisada,no,,Opiniones de compradores: no
/generadores/honda-6500/,DESCONOCIDO,revisada,no,,Fuentes primarias: sí
/generadores/honda-6500/,DESCONOCIDO,revisada,no,,Última revisión: 27/09/2026
/generadores/honda-6500/,DESCONOCIDO,revisada,no,,Campo de ficha | EG6500CXS | EZ6500CXS
/generadores/honda-6500/,DESCONOCIDO,revisada,no,,"Potencia nominal CA | 5,0 kVA | 5,5 kVA"
/generadores/honda-6500/,DESCONOCIDO,revisada,no,,"Potencia máxima CA | 5,5 kVA | 6,5 kVA"
/generadores/honda-6500/,DESCONOCIDO,revisada,no,,"Motor | GX390, 389 cm³, 4 tiempos | GX390, 389 cm³, 4 tiempos"
/generadores/honda-6500/,DESCONOCIDO,revisada,no,,"Combustible / tanque | 24 L | 15,5 L"
/generadores/honda-6500/,DESCONOCIDO,revisada,no,,"Uso continuo publicado | 8,1 h | 5,8 h"
/generadores/honda-6500/,DESCONOCIDO,revisada,no,,Peso en seco | 87 kg | 80 kg
/generadores/honda-6500/,DESCONOCIDO,revisada,no,,Regulación | D-AVR | AVR
/generadores/honda-6500/,DATO VERIFICADO,revisada,no,,"**Dato verificado:** Honda lista para EG6500CXS 5,0 kVA nominales y 5,5 kVA máximos, con tanque de 24 L y 8,1 h declaradas. Para EZ6500CXS publica 5,5 kVA nominales y 6,5 kVA máximos, tanque de 15,5 L y 5,8 h. Ambas fichas informan motor GX390 de 389 cm³ y 220 V–50 Hz."
/generadores/honda-6500/,ANÁLISIS TALLERLAB,revisada,no,,"**Análisis TallerLab:** el EZ6500CXS declara 1,0 kVA más de máximo que el EG6500CXS (18,2 % sobre 5,5 kVA), mientras el EG informa 8 kg más de peso en seco y 8,5 L más de capacidad de combustible. Las autonomías declaradas no permiten comparar rendimiento porque no se especifica una condición de carga equivalente. El número «6500» del EZ no debe sustituir la potencia nominal impresa en la ficha."
/generadores/honda-6500/,DESCONOCIDO,revisada,no,,"**Desconocido:** ninguna ficha citada prueba qué aparatos específicos puede arrancar ni el consumo en todas las cargas. Comprobar factor de potencia, corriente de arranque, tensión/fase y placa del equipo antes de dimensionar."
/generadores/honda-6500/,DESCONOCIDO,revisada,no,https://pf.honda.com.ar/producto/EG6500CXS,Documentación primaria:** [Honda EG6500CXS](https://pf.honda.com.ar/producto/EG6500CXS); [ficha técnica Honda EG6500CXS](https://pf.honda.com.ar/descargar/ficha_tecnica/EG6500.pdf); [Honda EZ6500CXS](https://pf.honda.com.ar/producto/EZ6500CXS); [ficha técnica Honda EZ6500CXS](https://pf.honda.com.ar/descargar/ficha_tecnica/EZ6500CXS.pdf).
/generadores/honda-6500/,DESCONOCIDO,revisada,no,,Opiniones de compradores:** no se revisó una muestra verificable.
/generadores/honda-6500/,DESCONOCIDO,revisada,no,,Para seguir comparando: [generadores Honda por modelo](/generadores/honda/).
/generadores/honda-6500/,DESCONOCIDO,revisada,no,,Para conocer el criterio editorial: [Ver metodología de TallerLab](/como-trabajamos/).
/generadores/honda-6500/,DESCONOCIDO,revisada,no,,Para explorar la categoría: [guías de generadores](/generadores/).
/generadores/honda/,DATO VERIFICADO,revisada,no,,**Dato verificado:** las cifras se atribuyen al documento indicado en cada tabla. Los cálculos se identifican como **Análisis TallerLab**; lo no confirmado queda como **Desconocido**. Esta guía es documental y no incluye prueba física.
/generadores/honda/,DESCONOCIDO,revisada,no,,Tipo de análisis: documental
/generadores/honda/,DESCONOCIDO,revisada,no,,Prueba física de TallerLab: no
/generadores/honda/,DESCONOCIDO,revisada,no,,Especificaciones contrastadas: sí
/generadores/honda/,DESCONOCIDO,revisada,no,,Opiniones de compradores: no
/generadores/honda/,DESCONOCIDO,revisada,no,,Fuentes primarias: sí
/generadores/honda/,DESCONOCIDO,revisada,no,,Última revisión: 27/09/2026
/generadores/honda/,DESCONOCIDO,revisada,no,,Modelo Honda | Potencia nominal CA | Potencia máxima CA | Salida CA / regulación | Masa en seco
/generadores/honda/,DESCONOCIDO,revisada,no,,"EU22i | 1,8 kVA | 2,2 kVA | 220 V monofásica; inverter | 21 kg"
/generadores/honda/,DESCONOCIDO,revisada,no,,"EU30is | 2,8 kVA | 3,0 kVA | 220 V monofásica; inverter | 59 kg"
/generadores/honda/,DESCONOCIDO,revisada,no,,"EG6500CXS | 5,0 kVA | 5,5 kVA | 220 V monofásica; D-AVR | 87 kg"
/generadores/honda/,DESCONOCIDO,revisada,no,,"EZ6500CXS | 5,5 kVA | 6,5 kVA | 220 V monofásica; AVR | 80 kg"
/generadores/honda/,DESCONOCIDO,revisada,no,,"ET12000 | 11 kVA máxima publicada | 12 kVA nominal: desconocido en el fragmento consultado | 220/380 V, monofásico y trifásico; AVR | 162 kg"
/generadores/honda/,DATO VERIFICADO,revisada,no,,"**Dato verificado:** las fichas oficiales de Honda permiten separar EU22i y EU30is, que identifican regulación inverter y potencias distintas, de EG/EZ6500CXS con AVR o D-AVR. La ficha de ET12000 lo describe como salida mono/trifásica 220/380 V y publica 11 kVA máximos. No inventamos una potencia nominal ausente en el fragmento usado."
/generadores/honda/,ANÁLISIS TALLERLAB,revisada,no,,"**Análisis TallerLab:** EU30is declara 1,2 kVA más de potencia máxima que EU22i (54,5 % respecto de 2,2 kVA), y pesa 38 kg más. Esta comparación de ficha no determina autonomía, nivel sonoro en una misma condición ni adecuación a una herramienta. En los modelos rotulados 6500, la potencia nominal tampoco coincide; conviene comparar el código completo, no el número comercial."
/generadores/honda/,DESCONOCIDO,revisada,no,,"**Desconocido:** la categoría de marca no confirma stock, precio, garantía o revisión de cada unidad en Argentina. Para conectar cargas, cotejar potencia nominal, arranque, tensión, frecuencia, fase y factor de potencia; el rótulo inverter por sí solo no valida compatibilidad con todo dispositivo."
/generadores/honda/,DESCONOCIDO,revisada,no,https://pf.honda.com.ar/categoria-producto/generadores,Documentación primaria:** [catálogo de generadores Honda Argentina](https://pf.honda.com.ar/categoria-producto/generadores); [Honda EU22i](https://pf.honda.com.ar/producto/EU22i); [Honda EU30is](https://pf.honda.com.ar/producto/EU30is); [Honda EG6500CXS](https://pf.honda.com.ar/producto/EG6500CXS); [Honda ET12000](https://pf.honda.com.ar/producto/ET12000).
/generadores/honda/,DESCONOCIDO,revisada,no,,Opiniones de compradores:** no se revisó una muestra verificable.
/generadores/honda/,DESCONOCIDO,revisada,no,,Para seguir comparando: [Honda 6500: diferencias entre EG y EZ](/generadores/honda-6500/).
/generadores/honda/,DESCONOCIDO,revisada,no,,Para conocer el criterio editorial: [Ver metodología de TallerLab](/como-trabajamos/).
/generadores/honda/,DESCONOCIDO,revisada,no,,Para explorar la categoría: [guías de generadores](/generadores/).
/generadores/hyundai/,DATO VERIFICADO,revisada,no,,**Dato verificado:** las cifras se atribuyen al documento indicado en cada tabla. Los cálculos se identifican como **Análisis TallerLab**; lo no confirmado queda como **Desconocido**. Esta guía es documental y no incluye prueba física.
/generadores/hyundai/,DESCONOCIDO,revisada,no,,Tipo de análisis: documental
/generadores/hyundai/,DESCONOCIDO,revisada,no,,Prueba física de TallerLab: no
/generadores/hyundai/,DESCONOCIDO,revisada,no,,Especificaciones contrastadas: sí
/generadores/hyundai/,DESCONOCIDO,revisada,no,,Opiniones de compradores: no
/generadores/hyundai/,DESCONOCIDO,revisada,no,,Fuentes primarias: sí
/generadores/hyundai/,DESCONOCIDO,revisada,no,,Última revisión: 27/09/2026
/generadores/hyundai/,DESCONOCIDO,revisada,no,,Modelo | Potencia continua publicada | Potencia máxima publicada | Cilindrada | Uso continuo publicado
/generadores/hyundai/,DESCONOCIDO,revisada,no,,"HYH960A | 720 W | 800 W | 63 cm³ | 6,3 h"
/generadores/hyundai/,DESCONOCIDO,revisada,no,,HHY2200F | 2.000 W | 2.200 W | 210 cm³ | 8 h
/generadores/hyundai/,DESCONOCIDO,revisada,no,,HHY3000FE | 2.500 W | 2.800 W | 210 cm³ | 8 h
/generadores/hyundai/,DATO VERIFICADO,revisada,no,,**Dato verificado:** el representante local Hyundai Herramientas publica para HYH960A 720 W continuos y 800 W máximos; para HHY2200F 2.000/2.200 W; y para HHY3000FE 2.500/2.800 W. Son datos de sus fichas comerciales y deben cotejarse con el manual y la placa de la unidad.
/generadores/hyundai/,ANÁLISIS TALLERLAB,revisada,no,,"**Análisis TallerLab:** las diferencias máxima menos continua son 80 W en HYH960A, 200 W en HHY2200F y 300 W en HHY3000FE. Respecto de su potencia continua, equivalen a 11,1 %, 10 % y 12 %. El porcentaje compara únicamente cada ficha consigo misma; no representa potencia de arranque comprobada ni rendimiento."
/generadores/hyundai/,DESCONOCIDO,revisada,no,,"**Desconocido:** las tres autonomías no tienen porcentaje de carga común documentado en estas páginas, así que no se deben ordenar por duración. No se verificaron con esas fuentes el caudal o pico de motores conectados, la garantía regional de cada código ni el stock actual."
/generadores/hyundai/,DESCONOCIDO,revisada,no,https://hyundaiherramientas.com.ar/producto/generador-800-w-hyh960a/,"Información del representante local Hyundai:** [HYH960A, ficha publicada](https://hyundaiherramientas.com.ar/producto/generador-800-w-hyh960a/); [HHY2200F, ficha publicada](https://hyundaiherramientas.com.ar/producto/generador-2200-w-hhy2200f/); [catálogo/listado de generadores Hyundai](https://hyundaiherramientas.com.ar/categoria-producto/generadores/)."
/generadores/hyundai/,DESCONOCIDO,revisada,no,https://hyundaiherramientas.com.ar/wp-content/uploads/Manuales_Fichas/019-0010.pdf,"Documentación técnica:** [manual de la serie HHY](https://hyundaiherramientas.com.ar/wp-content/uploads/Manuales_Fichas/019-0010.pdf), para instrucciones de suma de cargas; no reemplaza el manual del código específico."
/generadores/hyundai/,DESCONOCIDO,revisada,no,,Opiniones de compradores:** no se revisó una muestra verificable.
/generadores/hyundai/,DESCONOCIDO,revisada,no,,Para seguir comparando: [generadores chicos: potencia continua y máxima](/generadores/chicos/).
/generadores/hyundai/,DESCONOCIDO,revisada,no,,Para conocer el criterio editorial: [Ver metodología de TallerLab](/como-trabajamos/).
/generadores/hyundai/,DESCONOCIDO,revisada,no,,Para explorar la categoría: [guías de generadores](/generadores/).
/generadores/inverter/,DATO VERIFICADO,revisada,no,,**Dato verificado:** las cifras se atribuyen al documento indicado en cada tabla. Los cálculos se identifican como **Análisis TallerLab**; lo no confirmado queda como **Desconocido**. Esta guía es documental y no incluye prueba física.
/generadores/inverter/,DESCONOCIDO,revisada,no,,Tipo de análisis: documental
/generadores/inverter/,DESCONOCIDO,revisada,no,,Prueba física de TallerLab: no
/generadores/inverter/,DESCONOCIDO,revisada,no,,Especificaciones contrastadas: sí
/generadores/inverter/,DESCONOCIDO,revisada,no,,Opiniones de compradores: no
/generadores/inverter/,DESCONOCIDO,revisada,no,,Fuentes primarias: sí
/generadores/inverter/,DESCONOCIDO,revisada,no,,Última revisión: 27/09/2026
/generadores/inverter/,DESCONOCIDO,revisada,no,,Modelo | Tecnología que declara la fuente | Potencia nominal publicada | Potencia máxima publicada | Ruido declarado
/generadores/inverter/,DESCONOCIDO,revisada,no,,"Honda EU22i | Inverter | 1,8 kVA | 2,2 kVA | 57 dB(A) a 7 m y plena carga, según Honda"
/generadores/inverter/,DESCONOCIDO,revisada,no,,"Lüsqtoff LGI3.5-8 | Inverter | No localizada en la ficha consultada | 3,5 kVA | 68 dB, sin condiciones de ensayo en la ficha consultada"
/generadores/inverter/,DESCONOCIDO,revisada,no,,"Lüsqtoff LGI3.8-8 | Inverter | 3,5 kW | 3,8 kW | 75 dB a 7 m, según la ficha Lüsqtoff"
/generadores/inverter/,DESCONOCIDO,revisada,no,,Lüsqtoff LG3500EXI | Inverter | No publicada en la ficha consultada | 3.500 W | La ficha no aporta condición de medición comparable
/generadores/inverter/,DATO VERIFICADO,revisada,no,,"**Dato verificado:** Honda identifica al EU22i como inverter y publica 1,8 kVA nominales, 2,2 kVA máximos y 57 dB(A) a 7 m a plena carga. Lüsqtoff identifica como inverter los modelos de la tabla y publica sus cifras en kVA o kW según modelo. No convertimos kVA a kW sin factor de potencia."
/generadores/inverter/,ANÁLISIS TALLERLAB,revisada,no,,"**Análisis TallerLab:** la tabla muestra que “inverter” no es una medida de potencia: EU22i, LGI3.5-8 y LGI3.8-8 publican magnitudes nominales/máximas diferentes, mientras que la ficha de LG3500EXI solo da el máximo. Tampoco se puede ordenar ruido con estos números: la ficha Honda da distancia y carga; otras fuentes omiten una o ambas condiciones. El tipo de regulación por sí solo no certifica compatibilidad con cualquier carga sensible."
/generadores/inverter/,DESCONOCIDO,revisada,no,,"**Desconocido:** no se compararon distorsión armónica total (THD), consumo a igual carga ni ruido bajo un protocolo común. Para un equipo electrónico, revisar sus límites de tensión/frecuencia y la ficha o certificación del generador exacto; no inferir THD numérica de la palabra inverter."
/generadores/inverter/,DESCONOCIDO,revisada,no,https://pf.honda.com.ar/producto/EU22i,Documentación primaria:** [Honda EU22i](https://pf.honda.com.ar/producto/EU22i); [Lüsqtoff LGI3.5-8](https://lusqtoff.com.ar/productos/generador-inverter-35-kva-lgi35-8); [Lüsqtoff LGI3.8-8](https://lusqtoff.com.ar/ver-producto/LGI3.8-8); [Lüsqtoff LG3500EXI](https://www.lusqtoff.com.ar/ver-producto/LG3500EXI).
/generadores/inverter/,DESCONOCIDO,revisada,no,,Opiniones de compradores:** no se revisó una muestra verificable.
/generadores/inverter/,DESCONOCIDO,revisada,no,,Para seguir comparando: [generadores portátiles: comparar formato y datos](/generadores/portatiles/).
/generadores/inverter/,DESCONOCIDO,revisada,no,,Para conocer el criterio editorial: [Ver metodología de TallerLab](/como-trabajamos/).
/generadores/inverter/,DESCONOCIDO,revisada,no,,Para explorar la categoría: [guías relacionadas](/generadores/).
/generadores/lusqtoff/,DATO VERIFICADO,revisada,no,,**Dato verificado:** las cifras se atribuyen al documento indicado en cada tabla. Los cálculos se identifican como **Análisis TallerLab**; lo no confirmado queda como **Desconocido**. Esta guía es documental y no incluye prueba física.
/generadores/lusqtoff/,DESCONOCIDO,revisada,no,,Tipo de análisis: documental
/generadores/lusqtoff/,DESCONOCIDO,revisada,no,,Prueba física de TallerLab: no
/generadores/lusqtoff/,DESCONOCIDO,revisada,no,,Especificaciones contrastadas: sí
/generadores/lusqtoff/,DESCONOCIDO,revisada,no,,Opiniones de compradores: no
/generadores/lusqtoff/,DESCONOCIDO,revisada,no,,Fuentes primarias: sí
/generadores/lusqtoff/,DESCONOCIDO,revisada,no,,Última revisión: 27/09/2026
/generadores/lusqtoff/,DESCONOCIDO,revisada,no,,Modelo | Tecnología / combustible | Potencia nominal publicada | Máxima publicada | Tanque / autonomía publicada
/generadores/lusqtoff/,DESCONOCIDO,revisada,no,,"LG3500EX | Convencional, nafta | 2.450 W | 3.500 W | 15 L / aprox. 6–8 h, según consumo"
/generadores/lusqtoff/,DESCONOCIDO,revisada,no,,"LG3500EXI | Inverter, nafta | No publicada en ficha consultada | 3.500 W | 15 L / 11 h, sin carga de ensayo indicada allí"
/generadores/lusqtoff/,DESCONOCIDO,revisada,no,,"LGI2.5-8 | Inverter, nafta | 2,2 kW | 2,5 kW | 6 L; no se usa autonomía comparativa sin condición común"
/generadores/lusqtoff/,DESCONOCIDO,revisada,no,,"LGI3.8-8 | Inverter, nafta | Página: 3,5 kW | Página: 3,8 kW | 8 L; catálogo/manual da 27 kg frente a 28 kg en página"
/generadores/lusqtoff/,DATO VERIFICADO,revisada,no,,"**Dato verificado:** la ficha Lüsqtoff de LG3500EX separa 2.450 W nominales de 3.500 W máximos; la de EXI informa 3.500 W máximos, pero no potencia nominal en el bloque consultado. Para LGI2.5-8 el catálogo de la marca informa 2,2/2,5 kW. En LGI3.8-8, página, catálogo/manual consultados discrepan en el peso (28/27 kg); se conserva el valor por documento, sin promediar."
/generadores/lusqtoff/,ANÁLISIS TALLERLAB,revisada,no,,"**Análisis TallerLab:** que LG3500EX y LG3500EXI compartan un máximo impreso de 3.500 W no demuestra igual potencia de servicio; la ficha del EXI consultada no resuelve su nominal. Los valores de autonomía tampoco son comparables sin la carga usada para medirlos. Para elegir, cotejar código de placa, potencia nominal, tensión, salida y manual de la variante vendida."
/generadores/lusqtoff/,DESCONOCIDO,revisada,no,,**Desconocido:** no se contrastó una muestra de precios/garantías/repuestos ni la distorsión THD de los equipos. No asignamos a toda la marca prestaciones de un modelo específico.
/generadores/lusqtoff/,DESCONOCIDO,revisada,no,https://lusqtoff.com.ar/ver-producto/LG3500EX,"Documentación primaria:** [Lüsqtoff LG3500EX](https://lusqtoff.com.ar/ver-producto/LG3500EX); [Lüsqtoff LG3500EXI](https://www.lusqtoff.com.ar/ver-producto/LG3500EXI); [catálogo Lüsqtoff 2024–2025, LGI2.5-8 y LGI3.8-8](https://www.lusqtoff.com.ar/2023/uploads/Catalogos/CAT%C3%81LOGO%20LQ%202024-2025%20-%20web%20%281%29.pdf); [Lüsqtoff LGI3.8-8](https://lusqtoff.com.ar/ver-producto/LGI3.8-8); [manual LGI3.8-8](https://www.lusqtoff.com.ar/2023/uploads/Productos/NUEVOS/GRUPOS_ELECTROGENOS/LGI38-8/L"
/generadores/lusqtoff/,DESCONOCIDO,revisada,no,,Opiniones de compradores:** no se revisó una muestra verificable.
/generadores/lusqtoff/,DESCONOCIDO,revisada,no,,Para seguir comparando: [generadores Niwa por código](/generadores/niwa/).
/generadores/lusqtoff/,DESCONOCIDO,revisada,no,,Para conocer el criterio editorial: [Ver metodología de TallerLab](/como-trabajamos/).
/generadores/lusqtoff/,DESCONOCIDO,revisada,no,,Para explorar la categoría: [guías relacionadas](/generadores/).
/generadores/monofasicos/,DATO VERIFICADO,revisada,no,,**Dato verificado:** las cifras se atribuyen al documento indicado en cada tabla. Los cálculos se identifican como **Análisis TallerLab**; lo no confirmado queda como **Desconocido**. Esta guía es documental y no incluye prueba física.
/generadores/monofasicos/,DESCONOCIDO,revisada,no,,Tipo de análisis: documental
/generadores/monofasicos/,DESCONOCIDO,revisada,no,,Prueba física de TallerLab: no
/generadores/monofasicos/,DESCONOCIDO,revisada,no,,Especificaciones contrastadas: sí
/generadores/monofasicos/,DESCONOCIDO,revisada,no,,Opiniones de compradores: no
/generadores/monofasicos/,DESCONOCIDO,revisada,no,,Fuentes primarias: sí
/generadores/monofasicos/,DESCONOCIDO,revisada,no,,Última revisión: 27/09/2026
/generadores/monofasicos/,DESCONOCIDO,revisada,no,,Modelo documentado | Salida y fase | Potencia publicada | Corriente publicada | Implicación verificable
/generadores/monofasicos/,DESCONOCIDO,revisada,no,,"Honda EG6500CXS | 220 V CA, 50 Hz, monofásico | 5,0 kVA nominal / 5,5 kVA máxima | No en ficha citada | La ficha lo identifica como monofásico"
/generadores/monofasicos/,DESCONOCIDO,revisada,no,,"Gamma GE3481AR / 6000V | 220 V CA, monofásico | 5,5 kW / 6 kW máxima | No en ficha consultada | La ficha aclara salida de 220 V CA y 12 V CC"
/generadores/monofasicos/,DESCONOCIDO,revisada,no,,"Lüsqtoff LG7500EXT | 380 V CA, 50 Hz, trifásico | 6.500 W máximos | No publicada en la ficha consultada | El código es trifásico, aunque la familia también tenga otros modelos"
/generadores/monofasicos/,DATO VERIFICADO,revisada,no,,**Dato verificado:** Honda y Gamma publican los dos primeros modelos como equipos monofásicos de 220 V; Lüsqtoff identifica LG7500EXT como trifásico de 380 V–50 Hz con máximo de 6.500 W. No se infiere compatibilidad con una instalación solo por potencia total.
/generadores/monofasicos/,ANÁLISIS TALLERLAB,revisada,no,,**Análisis TallerLab:** una carga que necesita 220 V monofásicos requiere verificar una salida y protección adecuadas; un generador trifásico distribuye su capacidad entre fases y la corriente/potencia disponible por fase debe comprobarse en su placa y manual. No convertimos potencia aparente kVA de Honda a potencia activa kW de Gamma sin el factor de potencia.
/generadores/monofasicos/,ANÁLISIS TALLERLAB,revisada,no,,Antes de comparar | Dato de placa o instalación que falta
/generadores/monofasicos/,ANÁLISIS TALLERLAB,revisada,no,,Tensión requerida | 220 V o 380 V y esquema de conexión
/generadores/monofasicos/,ANÁLISIS TALLERLAB,revisada,no,,Número de fases de la carga | Monofásica o trifásica
/generadores/monofasicos/,ANÁLISIS TALLERLAB,revisada,no,,Potencia | W/kW o VA/kVA y factor de potencia
/generadores/monofasicos/,ANÁLISIS TALLERLAB,revisada,no,,"Corriente de arranque | Valor del equipo conectado, si aplica"
/generadores/monofasicos/,DESCONOCIDO,revisada,no,,**Desconocido:** las fichas seleccionadas no indican potencia disponible por fase para todo tipo de desbalanceo. No afirmamos que un trifásico pueda alimentar cualquier combinación de cargas monofásicas.
/generadores/monofasicos/,DESCONOCIDO,revisada,no,https://pf.honda.com.ar/producto/EG6500CXS,Documentación primaria:** [Honda EG6500CXS](https://pf.honda.com.ar/producto/EG6500CXS); [Gamma GE3481AR](https://www.gammaherramientas.com.ar/producto/grupo-electrogeno-6000v/); [Lüsqtoff LG7500EXT](https://www.lusqtoff.com.ar/ver-producto/LG7500EXT); [manual Gamma de GE3480AR/GE3481AR](https://www.gammaherramientas.com.ar/web/wp-content/uploads/2023/11/MANUAL-GE-OK_compressed.pdf).
/generadores/monofasicos/,DESCONOCIDO,revisada,no,,Opiniones de compradores:** no se revisó una muestra verificable.
/generadores/monofasicos/,DESCONOCIDO,revisada,no,,Para seguir comparando: [generadores trifásicos: fases y tensión](/generadores/trifasicos/).
/generadores/monofasicos/,DESCONOCIDO,revisada,no,,Para conocer el criterio editorial: [Ver metodología de TallerLab](/como-trabajamos/).
/generadores/monofasicos/,DESCONOCIDO,revisada,no,,Para explorar la categoría: [guías relacionadas](/generadores/).
/generadores/niwa/,DATO VERIFICADO,revisada,no,,**Dato verificado:** las cifras se atribuyen al documento indicado en cada tabla. Los cálculos se identifican como **Análisis TallerLab**; lo no confirmado queda como **Desconocido**. Esta guía es documental y no incluye prueba física.
/generadores/niwa/,DESCONOCIDO,revisada,no,,Tipo de análisis: documental
/generadores/niwa/,DESCONOCIDO,revisada,no,,Prueba física de TallerLab: no
/generadores/niwa/,DESCONOCIDO,revisada,no,,Especificaciones contrastadas: sí
/generadores/niwa/,DESCONOCIDO,revisada,no,,Opiniones de compradores: no
/generadores/niwa/,DESCONOCIDO,revisada,no,,Fuentes primarias: sí
/generadores/niwa/,DESCONOCIDO,revisada,no,,Última revisión: 27/09/2026
/generadores/niwa/,DESCONOCIDO,revisada,no,,Modelo Niwa | Configuración publicada | Potencia promedio/nominal publicada | Máxima | Tanque / peso bruto
/generadores/niwa/,DESCONOCIDO,revisada,no,,"GNW-28-E | Monofásico, arranque eléctrico | 2,5 kVA | 2,8 kVA | 16 L / 43 kg, catálogo consultado"
/generadores/niwa/,DESCONOCIDO,revisada,no,,"GNW-55-ER | Monofásico, eléctrico, ruedas | 5 kVA | 5,5 kVA | 25 L / 93 kg en catálogo; otras fichas dan 92 kg netos"
/generadores/niwa/,DESCONOCIDO,revisada,no,,"GNW-70-ER | Monofásico, eléctrico, ruedas | 6 kVA | 7 kVA | 25 L / 95 kg bruto"
/generadores/niwa/,DATO VERIFICADO,revisada,no,,"**Dato verificado:** el catálogo Niwa distribuido por Grupo Rumbo publica para GNW-55-ER 5 kVA promedio y 5,5 kVA máximo; para GNW-70-ER, 6 kVA promedio y 7 kVA máximo. La ficha del importador identifica motores de 13 y 16 HP, 220 V–50 Hz, 25 L y 8 h de autonomía publicada para ambos. Los pesos cambian de rótulo/documento: 93 kg bruto en catálogo frente a 92 kg netos en otra ficha GNW-55-ER."
/generadores/niwa/,ANÁLISIS TALLERLAB,revisada,no,,"**Análisis TallerLab:** entre GNW-55-ER y GNW-70-ER la potencia promedio publicada aumenta 1 kVA (20 % sobre 5 kVA) y la máxima aumenta 1,5 kVA (27,3 % sobre 5,5 kVA); el tanque se mantiene en 25 L. Esto compara campos del catálogo y no demuestra autonomía equivalente bajo la misma carga. Para peso, se mantiene el rótulo de cada fuente y no se calcula diferencia bruto-neto."
/generadores/niwa/,DESCONOCIDO,revisada,no,,"**Desconocido:** la ficha de GNW-28-E revisada no contiene una condición de carga para las 9–10 h que aparecen en el catálogo; no comparamos esa autonomía con la de modelos mayores. Precio, garantía regional y disponibilidad deben confirmarse por código."
/generadores/niwa/,DESCONOCIDO,revisada,no,https://www.rumbosrl.com.ar/printficha.php?product_id=128,"Documentación del importador y catálogo de línea:** [Grupo Rumbo, ficha GNW-70-ER](https://www.rumbosrl.com.ar/printficha.php?product_id=128); [catálogo Niwa de Grupo Rumbo](https://www.comercialyenergia.com.ar/wp-content/uploads/2020/12/niwa.pdf); [manual Niwa para GNW-28/E, GNW-55/E/ER y GNW-70ER/73ER](https://shesarg.com/uploads/products/pdfs/manuales/1025552_om.pdf)."
/generadores/niwa/,DESCONOCIDO,revisada,no,https://elranquel.com.ar/productos/productos-de-fuerza/generacin/grupos-electrogenos-nafteros/grupo-electrogeno-naftero-niwa-gnw-55-er-1025552,"Información comercial para contraste de peso:** [GNW-55-ER, ficha de distribuidor con peso bruto](https://elranquel.com.ar/productos/productos-de-fuerza/generacin/grupos-electrogenos-nafteros/grupo-electrogeno-naftero-niwa-gnw-55-er-1025552)."
/generadores/niwa/,DESCONOCIDO,revisada,no,,Opiniones de compradores:** no se revisó una muestra verificable.
/generadores/niwa/,DESCONOCIDO,revisada,no,,Para seguir comparando: [modelos Lüsqtoff por código](/generadores/lusqtoff/).
/generadores/niwa/,DESCONOCIDO,revisada,no,,Para conocer el criterio editorial: [Ver metodología de TallerLab](/como-trabajamos/).
/generadores/niwa/,DESCONOCIDO,revisada,no,,Para explorar la categoría: [guías relacionadas](/generadores/).
/generadores/para-casa/,DATO VERIFICADO,revisada,no,,**Dato verificado:** las cifras se atribuyen al documento indicado en cada tabla. Los cálculos se identifican como **Análisis TallerLab**; lo no confirmado queda como **Desconocido**. Esta guía es documental y no incluye prueba física.
/generadores/para-casa/,DESCONOCIDO,revisada,no,,Tipo de análisis: documental
/generadores/para-casa/,DESCONOCIDO,revisada,no,,Prueba física de TallerLab: no
/generadores/para-casa/,DESCONOCIDO,revisada,no,,Especificaciones contrastadas: sí
/generadores/para-casa/,DESCONOCIDO,revisada,no,,Opiniones de compradores: no
/generadores/para-casa/,DESCONOCIDO,revisada,no,,Fuentes primarias: sí
/generadores/para-casa/,DESCONOCIDO,revisada,no,,Última revisión: 27/09/2026
/generadores/para-casa/,DESCONOCIDO,revisada,no,,Carga identificada | Potencia de marcha según placa/manual | Corriente o potencia de arranque | Tensión/fase | Fuente que debe consultarse
/generadores/para-casa/,DESCONOCIDO,revisada,no,,"Iluminación u otra carga resistiva | Dato del aparato | Puede coincidir con marcha solo si placa/manual lo indica | 220 V, si corresponde | Etiqueta del artefacto"
/generadores/para-casa/,DESCONOCIDO,revisada,no,,Heladera o carga con motor | Dato de placa/manual | Consultar pico de arranque; no reemplazarlo por regla universal | Tensión/fase del artefacto | Manual del motor/artefacto
/generadores/para-casa/,DESCONOCIDO,revisada,no,,Bomba o aire acondicionado | Dato de placa/manual | Dato de arranque del fabricante o instalador | Tensión/fase del equipo | Manual y placa exactos
/generadores/para-casa/,DATO VERIFICADO,revisada,no,,**Dato verificado:** el manual Lüsqtoff LG2500 incluye un cuadro de ejemplo donde una heladera de 150 W aparece con 450–750 VA de arranque y 300 VA en trabajo; una lámpara fluorescente de 40 W aparece con 80 VA de arranque y 60 VA en trabajo. El propio manual presenta estas cifras como estimadas. No son valores universales de todas las heladeras o lámparas.
/generadores/para-casa/,DATO VERIFICADO,revisada,no,,Modelo | Salida | Potencia nominal publicada | Potencia máxima publicada
/generadores/para-casa/,DATO VERIFICADO,revisada,no,,"Honda EG6500CXS | 220 V monofásica | 5,0 kVA | 5,5 kVA"
/generadores/para-casa/,DATO VERIFICADO,revisada,no,,"Gamma GE3481AR | 220 V monofásica | 5,5 kW | 6 kW"
/generadores/para-casa/,ANÁLISIS TALLERLAB,revisada,no,,"**Análisis TallerLab:** para armar un escenario de emergencia hay que completar las cuatro columnas de la plantilla con los aparatos reales, sumar las cargas de marcha en unidades compatibles y luego cotejar sus picos con el manual del generador. La tabla Lüsqtoff funciona como advertencia de que un motor puede pedir más potencia aparente al arrancar; no alcanza para prometer que un grupo concreto sostendrá una combinación de cargas domésticas."
/generadores/para-casa/,DESCONOCIDO,revisada,no,,"**Desconocido:** sin inventario, placa, picos de arranque, factor de potencia y tensión de cada vivienda, no existe una potencia única que se pueda recomendar para “una casa”. Esta guía no valida una conexión de generador a la instalación fija; el proyecto de transferencia y protecciones requiere técnico calificado según normativa local."
/generadores/para-casa/,DESCONOCIDO,revisada,no,https://lusqtoff.com.ar/2023/uploads/Productos/9.%20GRUPOS%20ELECTR%C3%93GENOS/LG2500/LG2500.pdf,"Documentación primaria:** [manual Lüsqtoff LG2500, tabla ilustrativa de cargas](https://lusqtoff.com.ar/2023/uploads/Productos/9.%20GRUPOS%20ELECTR%C3%93GENOS/LG2500/LG2500.pdf); [Honda EG6500CXS](https://pf.honda.com.ar/producto/EG6500CXS); [Gamma GE3481AR](https://www.gammaherramientas.com.ar/producto/grupo-electrogeno-6000v/)."
/generadores/para-casa/,DESCONOCIDO,revisada,no,,Opiniones de compradores:** no se revisó una muestra verificable.
/generadores/para-casa/,DESCONOCIDO,revisada,no,,Para seguir comparando: [generadores monofásicos: fase y tensión](/generadores/monofasicos/).
/generadores/para-casa/,DESCONOCIDO,revisada,no,,Para conocer el criterio editorial: [Ver metodología de TallerLab](/como-trabajamos/).
/generadores/para-casa/,DESCONOCIDO,revisada,no,,Para explorar la categoría: [guías relacionadas](/generadores/).
/generadores/portatiles/,DATO VERIFICADO,revisada,no,,**Dato verificado:** las cifras se atribuyen al documento indicado en cada tabla. Los cálculos se identifican como **Análisis TallerLab**; lo no confirmado queda como **Desconocido**. Esta guía es documental y no incluye prueba física.
/generadores/portatiles/,DESCONOCIDO,revisada,no,,Tipo de análisis: documental
/generadores/portatiles/,DESCONOCIDO,revisada,no,,Prueba física de TallerLab: no
/generadores/portatiles/,DESCONOCIDO,revisada,no,,Especificaciones contrastadas: sí
/generadores/portatiles/,DESCONOCIDO,revisada,no,,Opiniones de compradores: no
/generadores/portatiles/,DESCONOCIDO,revisada,no,,Fuentes primarias: sí
/generadores/portatiles/,DESCONOCIDO,revisada,no,,Última revisión: 27/09/2026
/generadores/portatiles/,DESCONOCIDO,revisada,no,,Modelo | Potencia nominal / máxima | Peso en seco | Combustible / tanque | Autonomía publicada
/generadores/portatiles/,DESCONOCIDO,revisada,no,,"Honda EU22i | 1,8 / 2,2 kVA | 21 kg | Nafta, 3,6 L | 8,1 h en ECO-THROTTLE; ficha también indica 3,2 h en otra condición"
/generadores/portatiles/,DESCONOCIDO,revisada,no,,"Honda EU30is | 2,8 / 3,0 kVA | 59 kg | Nafta, 13 L | 20 h en ECO-THROTTLE; 7,1 h en otra condición de la ficha"
/generadores/portatiles/,DATO VERIFICADO,revisada,no,,"**Dato verificado:** ambas fichas Honda identifican modelos portátiles monofásicos, con salida de 220 V y tecnología inverter. EU30is declara 0,8 kVA más de máximo que EU22i, mientras pesa 38 kg más; sus tanques son 13 L y 3,6 L, respectivamente. La marca publica dos valores de uso continuo según condición en cada ficha."
/generadores/portatiles/,ANÁLISIS TALLERLAB,revisada,no,,"**Análisis TallerLab:** esta pareja muestra una compensación documental entre capacidad máxima y masa: la diferencia de peso equivale a 181 % del peso seco del EU22i, mientras el máximo sube 36,4 % respecto de 2,2 kVA. Es una división de datos de ficha, no una medida de facilidad real de traslado o rendimiento por kilogramo. Autonomías y tanque no se ordenan sin una carga común."
/generadores/portatiles/,DESCONOCIDO,revisada,no,,"**Desconocido:** no se estimó una autonomía para camping, motorhome o uso móvil sin conocer cargas, picos, ventilación, combustible disponible y condiciones de operación. Confirmar accesorios, ruido, normativa del sitio de uso y garantía de la unidad ofrecida."
/generadores/portatiles/,DESCONOCIDO,revisada,no,https://pf.honda.com.ar/producto/EU22i,Documentación primaria:** [Honda EU22i](https://pf.honda.com.ar/producto/EU22i); [ficha Honda EU22i](https://pf.honda.com.ar/descargar/ficha_tecnica/EU22i.pdf); [Honda EU30is](https://pf.honda.com.ar/producto/EU30is); [catálogo oficial de generadores Honda Argentina](https://pf.honda.com.ar/categoria-producto/generadores).
/generadores/portatiles/,DESCONOCIDO,revisada,no,,Opiniones de compradores:** no se revisó una muestra verificable.
/generadores/portatiles/,DESCONOCIDO,revisada,no,,Para seguir comparando: [generadores inverter: tecnología y límites](/generadores/inverter/).
/generadores/portatiles/,DESCONOCIDO,revisada,no,,Para conocer el criterio editorial: [Ver metodología de TallerLab](/como-trabajamos/).
/generadores/portatiles/,DESCONOCIDO,revisada,no,,Para explorar la categoría: [guías relacionadas](/generadores/).
/generadores/precios/,DATO VERIFICADO,revisada,no,,**Dato verificado:** las cifras se atribuyen al documento indicado en cada tabla. Los cálculos se identifican como **Análisis TallerLab**; lo no confirmado queda como **Desconocido**. Esta guía es documental y no incluye prueba física.
/generadores/precios/,DESCONOCIDO,revisada,no,,Tipo de análisis: documental
/generadores/precios/,DESCONOCIDO,revisada,no,,Prueba física de TallerLab: no
/generadores/precios/,DESCONOCIDO,revisada,no,,Especificaciones contrastadas: sí
/generadores/precios/,DESCONOCIDO,revisada,no,,Opiniones de compradores: no
/generadores/precios/,DESCONOCIDO,revisada,no,,Fuentes primarias: sí
/generadores/precios/,DESCONOCIDO,revisada,no,,Última revisión: 27/09/2026
/generadores/precios/,DESCONOCIDO,revisada,no,,Modelo que publica Lüsqtoff | Tecnología / combustible | Potencia visible en esa ficha | PVP visto el 27/09/2026 | Límite para comparar
/generadores/precios/,DESCONOCIDO,revisada,no,,"LG3500EX | Convencional, nafta | 2.450 W nominal / 3.500 W máximo | $875.199 | La ficha publica ambos regímenes"
/generadores/precios/,DESCONOCIDO,revisada,no,,"LGI3.8-8 | Inverter, nafta | 3,5 kW nominal / 3,8 kW máximo | $1.049.699 | Otro tanque, formato y documentación"
/generadores/precios/,DESCONOCIDO,revisada,no,,"LGI3.5-8 | Inverter, nafta | 3,5 kVA máximo; nominal no publicado en la página consultada | $1.339.499 | kVA no se convierte a kW sin factor de potencia"
/generadores/precios/,DESCONOCIDO,revisada,no,,"LG3500EXI | Inverter, nafta | 3.500 W máximo; nominal no publicado en la página consultada | $1.968.699 | La ficha no detalla condición del precio ni nominal"
/generadores/precios/,DATO VERIFICADO,revisada,no,,"**Dato verificado:** estos importes aparecen como PVP en las páginas oficiales de Lüsqtoff consultadas durante la revisión indicada. Son una captura de precios publicados para códigos concretos, no una cotización, precio de mercado promedio ni garantía de disponibilidad."
/generadores/precios/,ANÁLISIS TALLERLAB,revisada,no,,"**Análisis TallerLab:** aunque LG3500EX y LG3500EXI muestran 3.500 W máximos, sus fichas difieren en tecnología y no aportan el mismo dato de potencia nominal. Por eso no dividimos precio por watts máximos ni lo presentamos como una comparación de costo por capacidad útil. Las otras dos filas muestran tecnologías/capacidades diferentes y tampoco forman una comparación equivalente."
/generadores/precios/,DESCONOCIDO,revisada,no,,"Al recotizar, registrar fecha y hora, vendedor, código exacto, precio de lista, condición por transferencia, cuotas, envío, stock y garantía. Comparar primero potencia nominal bajo la misma unidad y combustible; separar después instalación, tablero ATS, batería, accesorios y servicio. No combinar PVP del fabricante con precio financiado de un distribuidor como si fueran el mismo tipo de importe."
/generadores/precios/,DESCONOCIDO,revisada,no,,"**Desconocido:** no se muestreó el mercado completo ni se verificó precio final con envío, cuotas, descuento bancario o stock local. Los importes pueden cambiar y deben confirmarse antes de comprar."
/generadores/precios/,DESCONOCIDO,revisada,no,https://lusqtoff.com.ar/ver-producto/LG3500EX,Precios oficiales publicados por fabricante:** [Lüsqtoff LG3500EX](https://lusqtoff.com.ar/ver-producto/LG3500EX); [Lüsqtoff LGI3.8-8](https://lusqtoff.com.ar/ver-producto/LGI3.8-8); [Lüsqtoff LGI3.5-8](https://lusqtoff.com.ar/productos/generador-inverter-35-kva-lgi35-8); [Lüsqtoff LG3500EXI](https://www.lusqtoff.com.ar/ver-producto/LG3500EXI).
/generadores/precios/,DESCONOCIDO,revisada,no,,Opiniones de compradores:** no se revisó una muestra verificable.
/generadores/precios/,DESCONOCIDO,revisada,no,,Para seguir comparando: [generadores Lüsqtoff por código](/generadores/lusqtoff/).
/generadores/precios/,DESCONOCIDO,revisada,no,,Para conocer el criterio editorial: [Ver metodología de TallerLab](/como-trabajamos/).
/generadores/precios/,DESCONOCIDO,revisada,no,,Para explorar la categoría: [guías relacionadas](/generadores/).
/generadores/silenciosos/,DATO VERIFICADO,revisada,no,,**Dato verificado:** las cifras se atribuyen al documento indicado en cada tabla. Los cálculos se identifican como **Análisis TallerLab**; lo no confirmado queda como **Desconocido**. Esta guía es documental y no incluye prueba física.
/generadores/silenciosos/,DESCONOCIDO,revisada,no,,Tipo de análisis: documental
/generadores/silenciosos/,DESCONOCIDO,revisada,no,,Prueba física de TallerLab: no
/generadores/silenciosos/,DESCONOCIDO,revisada,no,,Especificaciones contrastadas: sí
/generadores/silenciosos/,DESCONOCIDO,revisada,no,,Opiniones de compradores: no
/generadores/silenciosos/,DESCONOCIDO,revisada,no,,Fuentes primarias: sí
/generadores/silenciosos/,DESCONOCIDO,revisada,no,,Última revisión: 27/09/2026
/generadores/silenciosos/,DESCONOCIDO,revisada,no,,Modelo | Ruido publicado | Distancia indicada | Carga indicada | Comparabilidad
/generadores/silenciosos/,DESCONOCIDO,revisada,no,,Honda EU22i | 57 dB(A) | 7 m | Plena carga | Condición y distancia explícitas en la página Honda
/generadores/silenciosos/,DESCONOCIDO,revisada,no,,Honda EU30is | 58 dB(A) | La ficha consultada no la identifica en el campo de ruido | No indicada junto al valor | No se declara comparable con EU22i
/generadores/silenciosos/,DESCONOCIDO,revisada,no,,Gamma GE3480AR / 3000V | 70 dB en manual de serie V | No localizada | No localizada | Medición sin geometría/carga publicadas en el fragmento
/generadores/silenciosos/,DESCONOCIDO,revisada,no,,"Lüsqtoff LGI3.8-8 | 75 dB a 7 m | 7 m | No localizada | La distancia aparece, carga no"
/generadores/silenciosos/,DATO VERIFICADO,revisada,no,,"**Dato verificado:** Honda especifica para EU22i 57 dB(A) a 7 m a plena carga. Gamma registra 70 dB para GE3480AR en su manual de serie V, pero el extracto no indica distancia o carga. Lüsqtoff publica 75 dB a 7 m para LGI3.8-8. Conservamos dB/dB(A) tal como aparecen en cada fuente."
/generadores/silenciosos/,ANÁLISIS TALLERLAB,revisada,no,,**Análisis TallerLab:** el dato de EU22i tiene más contexto de medición que las otras filas; una resta directa de 57 frente a 70 o 75 dB no produciría una comparación controlada porque faltan condiciones comunes. Los decibeles son una magnitud logarítmica: tampoco interpretamos una diferencia numérica como porcentaje de “ruido”. La etiqueta comercial “silencioso” no reemplaza el protocolo y la posición de medición.
/generadores/silenciosos/,DESCONOCIDO,revisada,no,,"**Desconocido:** no se obtuvo una serie de mediciones de estos modelos en vacío, media carga y plena carga con el mismo sonómetro, distancia y entorno. Esta guía no evalúa molestia acústica en un domicilio ni normativa municipal."
/generadores/silenciosos/,DESCONOCIDO,revisada,no,https://pf.honda.com.ar/producto/EU22i,Documentación primaria:** [Honda EU22i](https://pf.honda.com.ar/producto/EU22i); [Honda EU30is](https://pf.honda.com.ar/producto/EU30is); [manual Gamma GE3480AR/GE3481AR](https://www.gammaherramientas.com.ar/web/wp-content/uploads/2023/11/MANUAL-GE-OK_compressed.pdf); [Lüsqtoff LGI3.8-8](https://lusqtoff.com.ar/ver-producto/LGI3.8-8).
/generadores/silenciosos/,DESCONOCIDO,revisada,no,,Opiniones de compradores:** no se revisó una muestra verificable.
/generadores/silenciosos/,DESCONOCIDO,revisada,no,,Para seguir comparando: [generadores inverter y sus datos de ruido](/generadores/inverter/).
/generadores/silenciosos/,DESCONOCIDO,revisada,no,,Para conocer el criterio editorial: [Ver metodología de TallerLab](/como-trabajamos/).
/generadores/silenciosos/,DESCONOCIDO,revisada,no,,Para explorar la categoría: [guías relacionadas](/generadores/).
/generadores/trifasicos/,DATO VERIFICADO,revisada,no,,**Dato verificado:** las cifras se atribuyen al documento indicado en cada tabla. Los cálculos se identifican como **Análisis TallerLab**; lo no confirmado queda como **Desconocido**. Esta guía es documental y no incluye prueba física.
/generadores/trifasicos/,DESCONOCIDO,revisada,no,,Tipo de análisis: documental
/generadores/trifasicos/,DESCONOCIDO,revisada,no,,Prueba física de TallerLab: no
/generadores/trifasicos/,DESCONOCIDO,revisada,no,,Especificaciones contrastadas: sí
/generadores/trifasicos/,DESCONOCIDO,revisada,no,,Opiniones de compradores: no
/generadores/trifasicos/,DESCONOCIDO,revisada,no,,Fuentes primarias: sí
/generadores/trifasicos/,DESCONOCIDO,revisada,no,,Última revisión: 27/09/2026
/generadores/trifasicos/,DESCONOCIDO,revisada,no,,Modelo | Combustible | Tensión/fases publicadas | Potencia publicada | Dato adicional
/generadores/trifasicos/,DESCONOCIDO,revisada,no,,"Lüsqtoff LG7500EXT | Nafta | 380 V, 50 Hz, trifásico | 6.500 W máximo | 15 HP; arranque eléctrico; tanque 25 L"
/generadores/trifasicos/,DESCONOCIDO,revisada,no,,Honda ET12000 | Nafta | 380 V y 220 V; trifásico y monofásico | 11 kVA máximo | La ficha no se usa como equivalente directo de 6.500 W
/generadores/trifasicos/,DESCONOCIDO,revisada,no,,"Gamma GE3494AR | Gas natural / GLP | 380 V, tres fases | 17 kW nominal / 18,7 kW máximo con GLP; 16/17,6 kW con GN | Consumo cambia por combustible y carga"
/generadores/trifasicos/,DATO VERIFICADO,revisada,no,,"**Dato verificado:** las páginas de fabricante identifican los códigos anteriores como salidas trifásicas. Gamma GE3494AR distingue expresamente potencia nominal y máxima según gas: 17/18,7 kW con GLP y 16/17,6 kW con GN. Honda ET12000 publica 11 kVA máximo, no kW; Lüsqtoff LG7500EXT especifica 6.500 W máximo a 380 V."
/generadores/trifasicos/,ANÁLISIS TALLERLAB,revisada,no,,"**Análisis TallerLab:** este cuadro evita comparar solo el nombre comercial: las unidades y combustibles cambian, y la potencia trifásica total debe leerse junto con tensión, conexión y corriente por fase que indique la placa. Un tablero con cargas monofásicas también requiere conocer el desbalance permitido; la potencia total publicada no responde sola a esa pregunta."
/generadores/trifasicos/,DESCONOCIDO,revisada,no,,"**Desconocido:** no se igualan kVA de Honda a kW de Gamma/Lüsqtoff sin factor de potencia, ni se infiere potencia disponible por fase a partir de una división simple entre tres. La selección y conexión a una instalación fija debe hacerla personal habilitado conforme a las normas eléctricas locales."
/generadores/trifasicos/,DESCONOCIDO,revisada,no,https://www.lusqtoff.com.ar/ver-producto/LG7500EXT,"Documentación primaria:** [Lüsqtoff LG7500EXT](https://www.lusqtoff.com.ar/ver-producto/LG7500EXT); [Honda ET12000](https://pf.honda.com.ar/producto/ET12000); [Gamma GE3494AR, grupo estacionario 17 kW](https://www.gammaherramientas.com.ar/producto/grupo-estacionario-17kw/); [manual Gamma GE3493AR/GE3494AR](https://gammaherramientas.com.ar/web/wp-content/uploads/2025/12/GE3493AR_GE3494AR_MANUAL_web.pdf)."
/generadores/trifasicos/,DESCONOCIDO,revisada,no,,Opiniones de compradores:** no se revisó una muestra verificable.
/generadores/trifasicos/,DESCONOCIDO,revisada,no,,Para seguir comparando: [grupos monofásicos: cómo distinguir la salida](/generadores/monofasicos/).
/generadores/trifasicos/,DESCONOCIDO,revisada,no,,Para conocer el criterio editorial: [Ver metodología de TallerLab](/como-trabajamos/).
/generadores/trifasicos/,DESCONOCIDO,revisada,no,,Para explorar la categoría: [guías relacionadas](/generadores/).
/hidrolavadoras/150-bar/,DATO VERIFICADO,revisada,no,,**Dato verificado:** las cifras se atribuyen al documento indicado en cada tabla. Los cálculos se identifican como **Análisis TallerLab**; lo no confirmado queda como **Desconocido**. Esta guía es documental y no incluye prueba física.
/hidrolavadoras/150-bar/,DESCONOCIDO,revisada,no,,Tipo de análisis: documental
/hidrolavadoras/150-bar/,DESCONOCIDO,revisada,no,,Prueba física de TallerLab: no
/hidrolavadoras/150-bar/,DESCONOCIDO,revisada,no,,Especificaciones contrastadas: sí
/hidrolavadoras/150-bar/,DESCONOCIDO,revisada,no,,Opiniones de compradores: no
/hidrolavadoras/150-bar/,DESCONOCIDO,revisada,no,,Fuentes primarias: sí
/hidrolavadoras/150-bar/,DESCONOCIDO,revisada,no,,Última revisión: 27/09/2026
/hidrolavadoras/150-bar/,DESCONOCIDO,revisada,no,,Modelo | Cómo nombra los 150 bar | Presión de trabajo publicada | Caudal publicado | Potencia eléctrica
/hidrolavadoras/150-bar/,DESCONOCIDO,revisada,no,,"Lüsqtoff HL100-8 | Máxima permitida: 150 bar | 100 bar | 6,0 L/min de trabajo; 7,5 L/min máximo | 2.000 W"
/hidrolavadoras/150-bar/,DESCONOCIDO,revisada,no,,"Gamma 150 Elite G2514AR | Presión máxima admisible: 150 bar | No localizada en la ficha consultada | 400 L/h (6,67 L/min), sin condición de presión rotulada | 1.800 W"
/hidrolavadoras/150-bar/,DESCONOCIDO,revisada,no,,"Niwa HDNW-700 | Presión máxima: 150 bar | No localizada en la ficha consultada | Máximo 450 L/h (7,5 L/min) | No confirmada en la ficha consultada"
/hidrolavadoras/150-bar/,DATO VERIFICADO,revisada,no,,"**Dato verificado:** las fuentes llaman a 150 bar máximo/máximo permitido, no necesariamente presión de trabajo. El manual Lüsqtoff distingue claramente HL100-8: 100 bar de trabajo, 150 bar permitidos y 6,0 L/min de caudal de trabajo (7,5 L/min máximo). Gamma publica 150 bar máximos y 400 L/h; Grupo Rumbo publica para Niwa HDNW-700 150 bar máximos y 450 L/h."
/hidrolavadoras/150-bar/,ANÁLISIS TALLERLAB,revisada,no,,"**Análisis TallerLab:** las cifras revelan que leer solo «150 bar» oculta diferencias de rotulación: en HL100-8 los 150 bar no son el valor de trabajo; para Gamma y Niwa las fichas consultadas no informan una presión de trabajo comparable. Tampoco ordenamos los caudales porque las dos fichas resumen caudal sin una condición de presión común. Antes de elegir, pedir presión de trabajo y caudal bajo esa presión para el código exacto."
/hidrolavadoras/150-bar/,DESCONOCIDO,revisada,no,,"**Desconocido:** no se compararon unidades de limpieza, cobertura, duración, temperatura del agua ni desempeño sobre una superficie. La cifra máxima no basta para concluir compatibilidad con una tarea; respetar presión/caudal de entrada y límites del manual."
/hidrolavadoras/150-bar/,DESCONOCIDO,revisada,no,https://lusqtoff.com.ar/2023/uploads/Productos/4.%20HIDROLAVADORAS/HL100-8/MANUAL/Manual%20HL100-8-pdf%20curvas_compressed.pdf,"Documentación primaria:** [manual Lüsqtoff HL100-8](https://lusqtoff.com.ar/2023/uploads/Productos/4.%20HIDROLAVADORAS/HL100-8/MANUAL/Manual%20HL100-8-pdf%20curvas_compressed.pdf); [Lüsqtoff, catálogo de hidrolavadoras 2024–2025](https://lusqtoff.com.ar/2023/uploads/Catalogos/CAT%C3%81LOGO%20LQ%202024-2025%20-%20web%20%281%29.pdf); [Gamma 150 Elite G2514AR](https://www.gammaherramientas.com.ar/producto/hidrolavadora-150-elite/)."
/hidrolavadoras/150-bar/,DESCONOCIDO,revisada,no,https://www.rumbosrl.com.ar/productos/productos-de-limpieza/hidrolavadoras-y-accesorios/hidrolavadoras-electricas/hidrolavadora-electrica-niwa-hdnw-700-1040700,"Información del importador Niwa:** [Grupo Rumbo, HDNW-700](https://www.rumbosrl.com.ar/productos/productos-de-limpieza/hidrolavadoras-y-accesorios/hidrolavadoras-electricas/hidrolavadora-electrica-niwa-hdnw-700-1040700)."
/hidrolavadoras/150-bar/,DESCONOCIDO,revisada,no,,Opiniones de compradores:** no se revisó una muestra verificable.
/hidrolavadoras/150-bar/,DESCONOCIDO,revisada,no,,Para seguir comparando: [Lüsqtoff HL-120: especificaciones documentadas del modelo](/hidrolavadoras/lusqtoff-hl-120/).
/hidrolavadoras/150-bar/,DESCONOCIDO,revisada,no,,Para conocer el criterio editorial: [Ver metodología de TallerLab](/como-trabajamos/).
/hidrolavadoras/150-bar/,DESCONOCIDO,revisada,no,,Para explorar la categoría: [guías relacionadas](/hidrolavadoras/).
/hidrolavadoras/200-bar/,DATO VERIFICADO,revisada,no,,**Dato verificado:** las cifras se atribuyen al documento indicado en cada tabla. Los cálculos se identifican como **Análisis TallerLab**; lo no confirmado queda como **Desconocido**. Esta guía es documental y no incluye prueba física.
/hidrolavadoras/200-bar/,DESCONOCIDO,revisada,no,,Tipo de análisis: documental
/hidrolavadoras/200-bar/,DESCONOCIDO,revisada,no,,Prueba física de TallerLab: no
/hidrolavadoras/200-bar/,DESCONOCIDO,revisada,no,,Especificaciones contrastadas: sí
/hidrolavadoras/200-bar/,DESCONOCIDO,revisada,no,,Opiniones de compradores: no
/hidrolavadoras/200-bar/,DESCONOCIDO,revisada,no,,Fuentes primarias: sí
/hidrolavadoras/200-bar/,DESCONOCIDO,revisada,no,,Última revisión: 27/09/2026
/hidrolavadoras/200-bar/,DESCONOCIDO,revisada,no,,Modelo/código | Tipo y alimentación | Presión de trabajo/nominal publicada | Máxima publicada | Caudal publicado
/hidrolavadoras/200-bar/,DESCONOCIDO,revisada,no,,"Comet KM Extra 8.16 16/200 T, C2586AR | Agua caliente, 400 V trifásica | 190 bar nominales hasta 108 °C | 200 bar hasta 108 °C; 32 bar máx. hasta 140 °C | 15 L/min nominales; 16 L/min máx."
/hidrolavadoras/200-bar/,DESCONOCIDO,revisada,no,,"Gamma Omega Hynox 200, G2028AR | Con caldera; alimentación trifásica | La ficha publica 14,5 MPa | 15 MPa (150 bar) | No localizada en ficha consultada"
/hidrolavadoras/200-bar/,DATO VERIFICADO,revisada,no,,"**Dato verificado:** Gamma publica para la Comet KM Extra 8.16 presión nominal de 190 bar y máxima de 200 bar con salida hasta 108 °C; al elevar la temperatura máxima de salida a 140 °C, la ficha indica presión máxima de 32 bar. Para Gamma Omega Hynox 200, la ficha lista 14,5 MPa de presión y 15 MPa de presión máxima (150 bar). El «200» de este segundo nombre no corresponde a una presión de 200 bar en la ficha consultada."
/hidrolavadoras/200-bar/,ANÁLISIS TALLERLAB,revisada,no,,"**Análisis TallerLab:** el cuadro encuentra dos datos que impiden decidir por la cifra del título: la Comet sí publica 200 bar, pero es trifásica y calentadora; la Omega «200» no llega a 200 bar según su ficha. Presión, temperatura, tensión y caudal describen equipos distintos y no son sustitutos entre sí. Para una instalación residencial, comprobar alimentación eléctrica, caudal disponible y manual del código exacto antes de comparar."
/hidrolavadoras/200-bar/,DESCONOCIDO,revisada,no,,**Desconocido:** no se encontró una ficha primaria que confirme una hidrolavadora portátil a nafta de 200 bar para el mercado argentino entre los modelos revisados. No afirmamos que la presión máxima sea adecuada para una superficie concreta ni que la máquina sea compatible con una instalación doméstica.
/hidrolavadoras/200-bar/,DESCONOCIDO,revisada,no,https://www.gammaherramientas.com.ar/producto/hidrolavadora-comet-km-extra-8-16-16-200-t/,"Documentación primaria:** [Gamma/Comet KM Extra 8.16 16/200 T, C2586AR](https://www.gammaherramientas.com.ar/producto/hidrolavadora-comet-km-extra-8-16-16-200-t/); [Gamma Omega Hynox 200, G2028AR](https://www.gammaherramientas.com.ar/producto/hidrolavadora-omega-hynox-200/)."
/hidrolavadoras/200-bar/,DESCONOCIDO,revisada,no,,Opiniones de compradores:** no se revisó una muestra verificable.
/hidrolavadoras/200-bar/,DESCONOCIDO,revisada,no,,Para seguir comparando: [hidrolavadoras de 150 bar: presión de trabajo](/hidrolavadoras/150-bar/).
/hidrolavadoras/200-bar/,DESCONOCIDO,revisada,no,,Para conocer el criterio editorial: [Ver metodología de TallerLab](/como-trabajamos/).
/hidrolavadoras/200-bar/,DESCONOCIDO,revisada,no,,Para explorar la categoría: [guías relacionadas](/hidrolavadoras/150-bar/).
/hidrolavadoras/black-decker/,DATO VERIFICADO,revisada,no,,**Dato verificado:** las cifras se atribuyen al documento indicado en cada tabla. Los cálculos se identifican como **Análisis TallerLab**; lo no confirmado queda como **Desconocido**. Esta guía es documental y no incluye prueba física.
/hidrolavadoras/black-decker/,DESCONOCIDO,revisada,no,,Tipo de análisis: documental
/hidrolavadoras/black-decker/,DESCONOCIDO,revisada,no,,Prueba física de TallerLab: no
/hidrolavadoras/black-decker/,DESCONOCIDO,revisada,no,,Especificaciones contrastadas: sí
/hidrolavadoras/black-decker/,DESCONOCIDO,revisada,no,,Opiniones de compradores: no
/hidrolavadoras/black-decker/,DESCONOCIDO,revisada,no,,Fuentes primarias: sí
/hidrolavadoras/black-decker/,DESCONOCIDO,revisada,no,,Última revisión: 27/09/2026
/hidrolavadoras/black-decker/,DESCONOCIDO,revisada,no,,Modelo | Potencia | Presión de trabajo en manual | Presión máxima | Caudal de trabajo / máximo
/hidrolavadoras/black-decker/,DESCONOCIDO,revisada,no,,"BXPW1300E | 1.300 W | 67 bar | 100 bar | 5 / 6,5 L/min"
/hidrolavadoras/black-decker/,DESCONOCIDO,revisada,no,,"BXPW1400E | 1.400 W | 74 bar | 110 bar | 5 / 6,5 L/min"
/hidrolavadoras/black-decker/,DATO VERIFICADO,revisada,no,,"**Dato verificado:** el manual BLACK+DECKER para la familia BXPW distingue presión de trabajo y máxima. Para 1300E informa 67/100 bar y para 1400E 74/110 bar; ambos indican caudal de trabajo de 5 L/min y máximo de 6,5 L/min. La ficha del 1400E en el sitio de BLACK+DECKER España menciona kit de accesorios y garantía de un año en esa región."
/hidrolavadoras/black-decker/,ANÁLISIS TALLERLAB,revisada,no,,"**Análisis TallerLab:** entre estos dos códigos, el manual aumenta 100 W de potencia y 10 bar en cada campo de presión, mientras conserva los caudales publicados. Es una lectura de cifras de fabricante, no una medición de limpieza ni una prueba de que las versiones comercializadas en Argentina incluyan el mismo kit o garantía. Verificar sufijo, tensión/frecuencia de placa y contenido de caja de la unidad ofrecida."
/hidrolavadoras/black-decker/,DESCONOCIDO,revisada,no,,"**Desconocido:** el manual citado no identifica disponibilidad argentina actual ni equivalencia de accesorios por país. No se compara precio, servicio posventa local ni rendimiento sobre superficies."
/hidrolavadoras/black-decker/,DESCONOCIDO,revisada,no,https://www.blackanddecker.es/GLOBALBOM/QS/BXPW1400PE/1/Instruction_Manual/EN/BXPW1300E_BXPW1400E_BXPW1500E_BXPW1600E_BX1700E_T1_TR.pdf,Documentación primaria:** [manual de la familia BLACK+DECKER BXPW1300E–BXPW1600E](https://www.blackanddecker.es/GLOBALBOM/QS/BXPW1400PE/1/Instruction_Manual/EN/BXPW1300E_BXPW1400E_BXPW1500E_BXPW1600E_BX1700E_T1_TR.pdf); [página BLACK+DECKER BXPW1400E](https://www.blackanddecker.es/producto/bxpw1400e/1400w-hidrolimpiadora-de-alta-presion).
/hidrolavadoras/black-decker/,DESCONOCIDO,revisada,no,,Opiniones de compradores:** no se revisó una muestra verificable.
/hidrolavadoras/black-decker/,DESCONOCIDO,revisada,no,,Para seguir comparando: [comparativa de hidrolavadoras: presión y caudal](/hidrolavadoras/comparativa-general/).
/hidrolavadoras/black-decker/,DESCONOCIDO,revisada,no,,Para conocer el criterio editorial: [Ver metodología de TallerLab](/como-trabajamos/).
/hidrolavadoras/black-decker/,DESCONOCIDO,revisada,no,,Para explorar la categoría: [guías relacionadas](/hidrolavadoras/bosch/).
/hidrolavadoras/bosch/,DATO VERIFICADO,revisada,no,,**Dato verificado:** las cifras se atribuyen al documento indicado en cada tabla. Los cálculos se identifican como **Análisis TallerLab**; lo no confirmado queda como **Desconocido**. Esta guía es documental y no incluye prueba física.
/hidrolavadoras/bosch/,DESCONOCIDO,revisada,no,,Tipo de análisis: documental
/hidrolavadoras/bosch/,DESCONOCIDO,revisada,no,,Prueba física de TallerLab: no
/hidrolavadoras/bosch/,DESCONOCIDO,revisada,no,,Especificaciones contrastadas: sí
/hidrolavadoras/bosch/,DESCONOCIDO,revisada,no,,Opiniones de compradores: no
/hidrolavadoras/bosch/,DESCONOCIDO,revisada,no,,Fuentes primarias: sí
/hidrolavadoras/bosch/,DESCONOCIDO,revisada,no,,Última revisión: 27/09/2026
/hidrolavadoras/bosch/,DESCONOCIDO,revisada,no,,Código/modelo Bosch | Potencia | Presión máx. publicada | Caudal máx. | Peso publicado | Temp. máx. de entrada
/hidrolavadoras/bosch/,DESCONOCIDO,revisada,no,,"EasyAquatak 120, 06008A7901 | 1.500 W | 120 bar | 5,8 L/min | 5,1 kg (máquina) | 40 °C"
/hidrolavadoras/bosch/,DESCONOCIDO,revisada,no,,"UniversalAquatak 130 | 1.700 W | 130 bar | 7 L/min | 8,4 kg | No indicada en la ficha de familia consultada"
/hidrolavadoras/bosch/,DESCONOCIDO,revisada,no,,"AdvancedAquatak 150 | 2.200 W | 150 bar | 8,5 L/min | 22,1 kg | No indicada en la ficha de familia consultada"
/hidrolavadoras/bosch/,DATO VERIFICADO,revisada,no,,"**Dato verificado:** la página oficial Bosch DIY España publica los datos de la tabla. Para EasyAquatak 120, la página de producto identifica el número de pedido 06008A7901 e incluye manguera de 5 m y boquillas variable, rotativa y de detergente de alta presión. Los valores de presión/caudal del cuadro son máximos publicados; no se rotulan como presión de trabajo."
/hidrolavadoras/bosch/,ANÁLISIS TALLERLAB,revisada,no,,"**Análisis TallerLab:** en esta selección la cifra máxima sube de 120 a 150 bar, pero también cambian caudal, peso y configuración. Las fichas consultadas corresponden al catálogo español: no confirman que códigos, tensión, accesorios, garantía o disponibilidad sean idénticos en Argentina. La comparación sirve para discriminar códigos y campos; no determina cuál limpia mejor una superficie."
/hidrolavadoras/bosch/,DESCONOCIDO,revisada,no,,**Desconocido:** no se contrastó garantía argentina ni kits locales de UniversalAquatak 130 y AdvancedAquatak 150. No se atribuyen especificaciones a modelos Bosch con el mismo nombre comercial pero distinto número de pedido.
/hidrolavadoras/bosch/,DESCONOCIDO,revisada,no,https://www.bosch-diy.com/es/es/p/easyaquatak-120-06008a7901,"Documentación primaria:** [Bosch EasyAquatak 120, ficha de producto](https://www.bosch-diy.com/es/es/p/easyaquatak-120-06008a7901); [catálogo oficial Bosch DIY de hidrolimpiadoras](https://www.bosch-diy.com/es/es/herramientas-de-limpieza/limpiadoras-de-alta-presion); [manual Bosch UniversalAquatak 130](https://www.bosch-diy.com/storage/en-sa/universalaquat-135-100043728-original-pdf-404665-en-sa.pdf)."
/hidrolavadoras/bosch/,DESCONOCIDO,revisada,no,,Opiniones de compradores:** no se revisó una muestra verificable.
/hidrolavadoras/bosch/,DESCONOCIDO,revisada,no,,Para seguir comparando: [Einhell: comparación de modelos por ficha](/hidrolavadoras/einhell/).
/hidrolavadoras/bosch/,DESCONOCIDO,revisada,no,,Para conocer el criterio editorial: [Ver metodología de TallerLab](/como-trabajamos/).
/hidrolavadoras/bosch/,DESCONOCIDO,revisada,no,,Para explorar la categoría: [guías relacionadas](/hidrolavadoras/comparativa-general/).
/hidrolavadoras/comparativa-general/,DATO VERIFICADO,revisada,no,,**Dato verificado:** las cifras se atribuyen al documento indicado en cada tabla. Los cálculos se identifican como **Análisis TallerLab**; lo no confirmado queda como **Desconocido**. Esta guía es documental y no incluye prueba física.
/hidrolavadoras/comparativa-general/,DESCONOCIDO,revisada,no,,Tipo de análisis: documental
/hidrolavadoras/comparativa-general/,DESCONOCIDO,revisada,no,,Prueba física de TallerLab: no
/hidrolavadoras/comparativa-general/,DESCONOCIDO,revisada,no,,Especificaciones contrastadas: sí
/hidrolavadoras/comparativa-general/,DESCONOCIDO,revisada,no,,Opiniones de compradores: no
/hidrolavadoras/comparativa-general/,DESCONOCIDO,revisada,no,,Fuentes primarias: sí
/hidrolavadoras/comparativa-general/,DESCONOCIDO,revisada,no,,Última revisión: 27/09/2026
/hidrolavadoras/comparativa-general/,DESCONOCIDO,revisada,no,,Modelo y código | Potencia | Máxima admisible publicada | Máxima de servicio publicada | Caudal
/hidrolavadoras/comparativa-general/,DESCONOCIDO,revisada,no,,"Gamma 127 Red Line, G2509AR | 1.400 W | 100 bar | 65 bar | 330 L/h (5,5 L/min)"
/hidrolavadoras/comparativa-general/,DESCONOCIDO,revisada,no,,"Gamma 130 Red Line, G2513AR | 1.600 W | 130 bar | 90 bar | 360 L/h (6 L/min)"
/hidrolavadoras/comparativa-general/,DESCONOCIDO,revisada,no,,"Gamma 150 Red Line, G2514AR | 1.800 W | 150 bar | 100 bar | 400 L/h (6,67 L/min)"
/hidrolavadoras/comparativa-general/,DESCONOCIDO,revisada,no,,"Gamma 170 Elite, G2515AR | No localizada en página consultada | 170 bar | No localizada | 400 L/h (6,67 L/min)"
/hidrolavadoras/comparativa-general/,DATO VERIFICADO,revisada,no,,"**Dato verificado:** los manuales de Gamma 127, 130 y 150 usan dos campos distintos: máxima admisible y máxima de servicio. En los códigos citados, el valor de servicio es inferior al máximo admisible. Para Gamma 170, la página de producto publica 170 bar máximos admisibles y 400 L/h, pero no se halló allí el campo de servicio."
/hidrolavadoras/comparativa-general/,ANÁLISIS TALLERLAB,revisada,no,,"**Análisis TallerLab:** del modelo 127 al 150, la potencia publicada aumenta 400 W y el caudal 70 L/h; la presión máxima de servicio pasa de 65 a 100 bar. En el 170, la cifra de 170 bar no alcanza para calcular el valor de servicio. Esta comparación entre documentos no demuestra superioridad ni predice el resultado sobre una tarea. El número del nombre comercial no es una escala común de presión de trabajo."
/hidrolavadoras/comparativa-general/,ANÁLISIS TALLERLAB,revisada,no,,Antes de elegir | Dato que debe verificarse
/hidrolavadoras/comparativa-general/,ANÁLISIS TALLERLAB,revisada,no,,Presión | Si el valor es nominal/de servicio o máximo admisible
/hidrolavadoras/comparativa-general/,ANÁLISIS TALLERLAB,revisada,no,,"Caudal | Si es nominal, de trabajo o máximo"
/hidrolavadoras/comparativa-general/,ANÁLISIS TALLERLAB,revisada,no,,Conexión | Tensión y frecuencia de la variante exacta
/hidrolavadoras/comparativa-general/,ANÁLISIS TALLERLAB,revisada,no,,Accesorios | Boquilla y longitud de manguera incluidas para ese código
/hidrolavadoras/comparativa-general/,DESCONOCIDO,revisada,no,,"**Desconocido:** no se compararon precios vigentes, repuestos, niveles sonoros ni pruebas de limpieza bajo una superficie y método iguales."
/hidrolavadoras/comparativa-general/,DESCONOCIDO,revisada,no,https://www.gammaherramientas.com.ar/web/wp-content/uploads/hidrolavadoras-para-agua-fria_hidrolavadora-127-gamma-elite_G2509AR-102-manual.pdf,"Documentación primaria:** [manual Gamma 127, G2509AR](https://www.gammaherramientas.com.ar/web/wp-content/uploads/hidrolavadoras-para-agua-fria_hidrolavadora-127-gamma-elite_G2509AR-102-manual.pdf); [manual Gamma 130, G2513AR](https://www.gammaherramientas.com.ar/web/wp-content/uploads/hidrolavadoras-para-agua-fria_hidrolavadora-130-elite_G2513AR-102-manual.pdf); [manual Gamma 150, G2514AR](https://www.gammaherramientas.com.ar/web/wp-content/uploads/hidrolavadoras-para-agua-fria_hidrolavadora-15"
/hidrolavadoras/comparativa-general/,DESCONOCIDO,revisada,no,,Opiniones de compradores:** no se revisó una muestra verificable.
/hidrolavadoras/comparativa-general/,DESCONOCIDO,revisada,no,,Para seguir comparando: [Gamma: códigos y campos de presión](/hidrolavadoras/gamma/).
/hidrolavadoras/comparativa-general/,DESCONOCIDO,revisada,no,,Para conocer el criterio editorial: [Ver metodología de TallerLab](/como-trabajamos/).
/hidrolavadoras/comparativa-general/,DESCONOCIDO,revisada,no,,Para explorar la categoría: [guías relacionadas](/hidrolavadoras/150-bar/).
/hidrolavadoras/einhell/,DATO VERIFICADO,revisada,no,,**Dato verificado:** las cifras se atribuyen al documento indicado en cada tabla. Los cálculos se identifican como **Análisis TallerLab**; lo no confirmado queda como **Desconocido**. Esta guía es documental y no incluye prueba física.
/hidrolavadoras/einhell/,DESCONOCIDO,revisada,no,,Tipo de análisis: documental
/hidrolavadoras/einhell/,DESCONOCIDO,revisada,no,,Prueba física de TallerLab: no
/hidrolavadoras/einhell/,DESCONOCIDO,revisada,no,,Especificaciones contrastadas: sí
/hidrolavadoras/einhell/,DESCONOCIDO,revisada,no,,Opiniones de compradores: no
/hidrolavadoras/einhell/,DESCONOCIDO,revisada,no,,Fuentes primarias: sí
/hidrolavadoras/einhell/,DESCONOCIDO,revisada,no,,Última revisión: 27/09/2026
/hidrolavadoras/einhell/,DESCONOCIDO,revisada,no,,Modelo | Potencia | Presión máxima admisible | Presión de trabajo máxima | Caudal máx. | Manguera / peso
/hidrolavadoras/einhell/,DESCONOCIDO,revisada,no,,"TC-HP 90, art. 4140740 | 1.200 W | 90 bar | No publicada en ficha consultada | 372 L/h | 3 m / 4,3 kg"
/hidrolavadoras/einhell/,DESCONOCIDO,revisada,no,,"TE-HP 140, art. 4140760 | 1.900 W | 140 bar | 100 bar | 420 L/h | 5 m / 10,56 kg"
/hidrolavadoras/einhell/,DATO VERIFICADO,revisada,no,,"**Dato verificado:** las hojas de producto Einhell identifican para TC-HP 90 el artículo 4140740, 90 bar máximos, 372 L/h, manguera de 3 m y peso de 4,3 kg. La página oficial de TE-HP 140 distingue 140 bar máximos admisibles de 100 bar de trabajo, publica 420 L/h y 1.900 W, y enumera manguera de 5 m y peso de producto de 10,56 kg."
/hidrolavadoras/einhell/,ANÁLISIS TALLERLAB,revisada,no,,"**Análisis TallerLab:** los códigos comparados difieren en 700 W, 50 bar de máximo admisible, 48 L/h de caudal máximo, 2 m de manguera y 6,26 kg de peso declarado. El manual/ficha consultados no dan una presión de trabajo para TC-HP 90, por eso no se enfrenta ese campo con los 100 bar de TE-HP 140. El caudal y presión máximos no representan necesariamente el mismo punto de funcionamiento."
/hidrolavadoras/einhell/,DESCONOCIDO,revisada,no,,"**Desconocido:** las fichas consultadas son de Einhell Europa y no prueban disponibilidad, kit o garantía argentina. La referencia «Power X-Change» no se aplica a estos dos modelos con cable; esta tabla no cubre una variante a batería."
/hidrolavadoras/einhell/,DESCONOCIDO,revisada,no,https://www.data.einhell.nl/productsheet/4140740.pdf,Documentación primaria:** [hoja de datos Einhell TC-HP 90](https://www.data.einhell.nl/productsheet/4140740.pdf); [página y datos técnicos Einhell TE-HP 140](https://www.einhell.de/en/p/4140760-te-hp-140/).
/hidrolavadoras/einhell/,DESCONOCIDO,revisada,no,,Opiniones de compradores:** no se revisó una muestra verificable.
/hidrolavadoras/einhell/,DESCONOCIDO,revisada,no,,Para seguir comparando: [Bosch: comparación por modelo y código](/hidrolavadoras/bosch/).
/hidrolavadoras/einhell/,DESCONOCIDO,revisada,no,,Para conocer el criterio editorial: [Ver metodología de TallerLab](/como-trabajamos/).
/hidrolavadoras/einhell/,DESCONOCIDO,revisada,no,,Para explorar la categoría: [guías relacionadas](/hidrolavadoras/gamma-130/).
/hidrolavadoras/gamma-130/,DATO VERIFICADO,revisada,no,,**Dato verificado:** las cifras se atribuyen al documento indicado en cada tabla. Los cálculos se identifican como **Análisis TallerLab**; lo no confirmado queda como **Desconocido**. Esta guía es documental y no incluye prueba física.
/hidrolavadoras/gamma-130/,DESCONOCIDO,revisada,no,,Tipo de análisis: documental
/hidrolavadoras/gamma-130/,DESCONOCIDO,revisada,no,,Prueba física de TallerLab: no
/hidrolavadoras/gamma-130/,DESCONOCIDO,revisada,no,,Especificaciones contrastadas: sí
/hidrolavadoras/gamma-130/,DESCONOCIDO,revisada,no,,Opiniones de compradores: no
/hidrolavadoras/gamma-130/,DESCONOCIDO,revisada,no,,Fuentes primarias: sí
/hidrolavadoras/gamma-130/,DESCONOCIDO,revisada,no,,Última revisión: 27/09/2026
/hidrolavadoras/gamma-130/,DESCONOCIDO,revisada,no,,Modelo/código | Potencia | Presión máxima admisible | Presión máxima de servicio | Caudal
/hidrolavadoras/gamma-130/,DESCONOCIDO,revisada,no,,"Gamma 130 Red Line, G2513AR | 1.600 W | 130 bar | 90 bar | 360 L/h (6 L/min)"
/hidrolavadoras/gamma-130/,DESCONOCIDO,revisada,no,,"Gamma 150 Red Line, G2514AR | 1.800 W | 150 bar | 100 bar | 400 L/h (6,67 L/min)"
/hidrolavadoras/gamma-130/,DATO VERIFICADO,revisada,no,,**Dato verificado:** los manuales Gamma asignan 130/90 bar (admisible/servicio) al G2513AR y 150/100 bar al G2514AR. También publican 1.600 frente a 1.800 W y 360 frente a 400 L/h. Ambos documentos permiten agua de entrada entre 5 °C y 35 °C e indican manguera de 5 m.
/hidrolavadoras/gamma-130/,ANÁLISIS TALLERLAB,revisada,no,,"**Análisis TallerLab:** respecto del G2513AR, el G2514AR agrega 200 W, 20 bar de máximo admisible, 10 bar de presión de servicio y 40 L/h de caudal publicado. Las diferencias son cálculos sobre valores del fabricante; no significan que el equipo «150» limpie 20 bar mejor en una condición real. El dato de presión de servicio sigue siendo distinto del límite máximo admisible."
/hidrolavadoras/gamma-130/,DESCONOCIDO,revisada,no,,"**Desconocido:** no se verificaron con la misma medición consumos, duración, repuestos ni resultados por tipo de superficie. Antes de comprar, confirmar que la placa diga G2513AR y revisar boquillas y kit incluidos."
/hidrolavadoras/gamma-130/,DESCONOCIDO,revisada,no,https://www.gammaherramientas.com.ar/web/wp-content/uploads/hidrolavadoras-para-agua-fria_hidrolavadora-130-elite_G2513AR-102-manual.pdf,"Documentación primaria:** [manual Gamma 130, G2513AR](https://www.gammaherramientas.com.ar/web/wp-content/uploads/hidrolavadoras-para-agua-fria_hidrolavadora-130-elite_G2513AR-102-manual.pdf); [manual Gamma 150, G2514AR](https://www.gammaherramientas.com.ar/web/wp-content/uploads/hidrolavadoras-para-agua-fria_hidrolavadora-150-elite_G2514AR-102-manual.pdf); [Gamma 130 Elite, catálogo de producto](https://www.gammaherramientas.com.ar/categoria-producto/hidrolavadoras/)."
/hidrolavadoras/gamma-130/,DESCONOCIDO,revisada,no,,Opiniones de compradores:** no se revisó una muestra verificable.
/hidrolavadoras/gamma-130/,DESCONOCIDO,revisada,no,,Para seguir comparando: [Gamma 150: diferencias documentadas con Gamma 130](/hidrolavadoras/gamma-150/).
/hidrolavadoras/gamma-130/,DESCONOCIDO,revisada,no,,Para conocer el criterio editorial: [Ver metodología de TallerLab](/como-trabajamos/).
/hidrolavadoras/gamma-130/,DESCONOCIDO,revisada,no,,Para explorar la categoría: [guías relacionadas](/hidrolavadoras/gamma/).
/hidrolavadoras/gamma-150/,DATO VERIFICADO,revisada,no,,**Dato verificado:** las cifras se atribuyen al documento indicado en cada tabla. Los cálculos se identifican como **Análisis TallerLab**; lo no confirmado queda como **Desconocido**. Esta guía es documental y no incluye prueba física.
/hidrolavadoras/gamma-150/,DESCONOCIDO,revisada,no,,Tipo de análisis: documental
/hidrolavadoras/gamma-150/,DESCONOCIDO,revisada,no,,Prueba física de TallerLab: no
/hidrolavadoras/gamma-150/,DESCONOCIDO,revisada,no,,Especificaciones contrastadas: sí
/hidrolavadoras/gamma-150/,DESCONOCIDO,revisada,no,,Opiniones de compradores: no
/hidrolavadoras/gamma-150/,DESCONOCIDO,revisada,no,,Fuentes primarias: sí
/hidrolavadoras/gamma-150/,DESCONOCIDO,revisada,no,,Última revisión: 27/09/2026
/hidrolavadoras/gamma-150/,DESCONOCIDO,revisada,no,,Código | Potencia | Presión máxima admisible | Presión máxima de servicio | Caudal publicado
/hidrolavadoras/gamma-150/,DESCONOCIDO,revisada,no,,Gamma 130 Red Line G2513AR | 1.600 W | 130 bar | 90 bar | 360 L/h (6 L/min)
/hidrolavadoras/gamma-150/,DESCONOCIDO,revisada,no,,"Gamma 150 Red Line G2514AR | 1.800 W | 150 bar | 100 bar | 400 L/h (6,67 L/min)"
/hidrolavadoras/gamma-150/,DATO VERIFICADO,revisada,no,,"**Dato verificado:** el manual del Gamma 150 G2514AR define 150 bar como presión máxima admisible y 100 bar como presión máxima de servicio. También informa motor de 1.800 W, caudal de 400 L/h, alimentación 220 VCA–50 Hz, agua de entrada entre 5 °C y 35 °C y manguera de 5 m. La tabla reproduce el manual de Gamma 130 para la fila comparativa."
/hidrolavadoras/gamma-150/,ANÁLISIS TALLERLAB,revisada,no,,"**Análisis TallerLab:** llamar al equipo «Gamma 150» no equivale a decir que trabaje continuamente a 150 bar: el propio manual separa ese límite de los 100 bar de servicio. Frente al G2513AR, el código G2514AR declara 200 W y 40 L/h más, y 10 bar más de servicio. Son diferencias entre fichas, no evidencia de un resultado de limpieza ni del tiempo de vida."
/hidrolavadoras/gamma-150/,DESCONOCIDO,revisada,no,,"**Desconocido:** la documentación consultada no determina cuál sirve mejor para un material o una suciedad concreta, ni establece precio final o garantía vigente de una oferta. Verificar código, accesorios y condiciones de venta local."
/hidrolavadoras/gamma-150/,DESCONOCIDO,revisada,no,https://www.gammaherramientas.com.ar/web/wp-content/uploads/hidrolavadoras-para-agua-fria_hidrolavadora-150-elite_G2514AR-102-manual.pdf,"Documentación primaria:** [manual Gamma 150 Red Line, G2514AR](https://www.gammaherramientas.com.ar/web/wp-content/uploads/hidrolavadoras-para-agua-fria_hidrolavadora-150-elite_G2514AR-102-manual.pdf); [manual Gamma 130 Red Line, G2513AR](https://www.gammaherramientas.com.ar/web/wp-content/uploads/hidrolavadoras-para-agua-fria_hidrolavadora-130-elite_G2513AR-102-manual.pdf); [Gamma 150 Elite, página oficial](https://www.gammaherramientas.com.ar/producto/hidrolavadora-150-elite/)."
/hidrolavadoras/gamma-150/,DESCONOCIDO,revisada,no,,Opiniones de compradores:** no se revisó una muestra verificable.
/hidrolavadoras/gamma-150/,DESCONOCIDO,revisada,no,,Para seguir comparando: [Gamma: comparación de varios códigos](/hidrolavadoras/gamma/).
/hidrolavadoras/gamma-150/,DESCONOCIDO,revisada,no,,Para conocer el criterio editorial: [Ver metodología de TallerLab](/como-trabajamos/).
/hidrolavadoras/gamma-150/,DESCONOCIDO,revisada,no,,Para explorar la categoría: [guías relacionadas](/hidrolavadoras/gamma-130/).
/hidrolavadoras/gamma/,DATO VERIFICADO,revisada,no,,**Dato verificado:** las cifras se atribuyen al documento indicado en cada tabla. Los cálculos se identifican como **Análisis TallerLab**; lo no confirmado queda como **Desconocido**. Esta guía es documental y no incluye prueba física.
/hidrolavadoras/gamma/,DESCONOCIDO,revisada,no,,Tipo de análisis: documental
/hidrolavadoras/gamma/,DESCONOCIDO,revisada,no,,Prueba física de TallerLab: no
/hidrolavadoras/gamma/,DESCONOCIDO,revisada,no,,Especificaciones contrastadas: sí
/hidrolavadoras/gamma/,DESCONOCIDO,revisada,no,,Opiniones de compradores: no
/hidrolavadoras/gamma/,DESCONOCIDO,revisada,no,,Fuentes primarias: sí
/hidrolavadoras/gamma/,DESCONOCIDO,revisada,no,,Última revisión: 27/09/2026
/hidrolavadoras/gamma/,DESCONOCIDO,revisada,no,,Modelo/código | Potencia | Máxima admisible | Máxima de servicio | Caudal publicado
/hidrolavadoras/gamma/,DESCONOCIDO,revisada,no,,Gamma 127 Red Line G2509AR | 1.400 W | 100 bar | 65 bar | 330 L/h
/hidrolavadoras/gamma/,DESCONOCIDO,revisada,no,,Gamma 130 Red Line G2513AR | 1.600 W | 130 bar | 90 bar | 360 L/h
/hidrolavadoras/gamma/,DESCONOCIDO,revisada,no,,Gamma 150 Red Line G2514AR | 1.800 W | 150 bar | 100 bar | 400 L/h
/hidrolavadoras/gamma/,DESCONOCIDO,revisada,no,,Gamma 170 Elite G2515AR | No localizada | 170 bar | No localizada | 400 L/h
/hidrolavadoras/gamma/,DATO VERIFICADO,revisada,no,,"**Dato verificado:** los manuales de los modelos 127, 130 y 150 distinguen dos presiones: máxima admisible y máxima de servicio. La página oficial del modelo 170 publica 170 bar admisibles y 400 L/h; la ficha consultada no da el valor de servicio. Las cifras corresponden a códigos y documentos específicos, no a todas las hidrolavadoras Gamma."
/hidrolavadoras/gamma/,ANÁLISIS TALLERLAB,revisada,no,,"**Análisis TallerLab:** al recorrer G2509AR, G2513AR y G2514AR suben los valores de potencia (1.400, 1.600 y 1.800 W), caudal (330, 360 y 400 L/h) y presión de servicio (65, 90 y 100 bar). El modelo 170 publica 400 L/h, igual que el 150, pero no aporta presión de servicio en la página revisada. No hay base aquí para deducir que el 170 entregue mayor caudal ni para comparar limpieza real."
/hidrolavadoras/gamma/,DESCONOCIDO,revisada,no,,"**Desconocido:** precios, disponibilidad, garantía por vendedor, repuestos y duración no se verificaron. Tampoco se compararon modelos discontinuados con ofertas activas."
/hidrolavadoras/gamma/,DESCONOCIDO,revisada,no,https://www.gammaherramientas.com.ar/web/wp-content/uploads/hidrolavadoras-para-agua-fria_hidrolavadora-127-gamma-elite_G2509AR-102-manual.pdf,Documentación primaria:** [manual Gamma 127 G2509AR](https://www.gammaherramientas.com.ar/web/wp-content/uploads/hidrolavadoras-para-agua-fria_hidrolavadora-127-gamma-elite_G2509AR-102-manual.pdf); [manual Gamma 130 G2513AR](https://www.gammaherramientas.com.ar/web/wp-content/uploads/hidrolavadoras-para-agua-fria_hidrolavadora-130-elite_G2513AR-102-manual.pdf); [manual Gamma 150 G2514AR](https://www.gammaherramientas.com.ar/web/wp-content/uploads/hidrolavadoras-para-agua-fria_hidrolavadora-150-e
/hidrolavadoras/gamma/,DESCONOCIDO,revisada,no,,Opiniones de compradores:** no se revisó una muestra verificable.
/hidrolavadoras/gamma/,DESCONOCIDO,revisada,no,,Para seguir comparando: [Gamma 130: datos del manual y del código](/hidrolavadoras/gamma-130/).
/hidrolavadoras/gamma/,DESCONOCIDO,revisada,no,,Para conocer el criterio editorial: [Ver metodología de TallerLab](/como-trabajamos/).
/hidrolavadoras/gamma/,DESCONOCIDO,revisada,no,,Para explorar la categoría: [guías relacionadas](/hidrolavadoras/comparativa-general/).
/hidrolavadoras/hidrolavadora-para-aire-acondicionado/,DATO VERIFICADO,revisada,no,,**Dato verificado:** las cifras se atribuyen al documento indicado en cada tabla. Los cálculos se identifican como **Análisis TallerLab**; lo no confirmado queda como **Desconocido**. Esta guía es documental y no incluye prueba física.
/hidrolavadoras/hidrolavadora-para-aire-acondicionado/,DESCONOCIDO,revisada,no,,Tipo de análisis: documental
/hidrolavadoras/hidrolavadora-para-aire-acondicionado/,DESCONOCIDO,revisada,no,,Prueba física de TallerLab: no
/hidrolavadoras/hidrolavadora-para-aire-acondicionado/,DESCONOCIDO,revisada,no,,Especificaciones contrastadas: sí
/hidrolavadoras/hidrolavadora-para-aire-acondicionado/,DESCONOCIDO,revisada,no,,Opiniones de compradores: no
/hidrolavadoras/hidrolavadora-para-aire-acondicionado/,DESCONOCIDO,revisada,no,,Fuentes primarias: sí
/hidrolavadoras/hidrolavadora-para-aire-acondicionado/,DESCONOCIDO,revisada,no,,Última revisión: 27/09/2026
/hidrolavadoras/hidrolavadora-para-aire-acondicionado/,DESCONOCIDO,revisada,no,,Comprobación para limpiar un aire acondicionado | Qué establece la documentación consultada | Decisión documental
/hidrolavadoras/hidrolavadora-para-aire-acondicionado/,DESCONOCIDO,revisada,no,,Serpentín exterior con aletas | Carrier indica aplicar agua con detergente usando un rociador de baja presión y seguir instrucciones del fabricante del equipo | No se justifica usar el chorro de una hidrolavadora de consumo sobre las aletas
/hidrolavadoras/hidrolavadora-para-aire-acondicionado/,DESCONOCIDO,revisada,no,,"Serpentín de aletas Cu/Al en Daikin UATYA | El manual indica enjuagar con agua potable a baja presión (3–5 barg) y prohíbe chorros de alta presión | Dato específico de esa unidad/familia, no un ajuste universal"
/hidrolavadoras/hidrolavadora-para-aire-acondicionado/,DESCONOCIDO,revisada,no,,"Presión de una hidrolavadora | En Gamma 150, el manual distingue 100 bar de servicio y 150 bar admisibles | La cifra nominal de la hidrolavadora no define un ajuste seguro para el serpentín"
/hidrolavadoras/hidrolavadora-para-aire-acondicionado/,DESCONOCIDO,revisada,no,,Unidad interior y componentes eléctricos | La página Carrier consultada describe limpieza de serpentín exterior; no da procedimiento para la unidad interior | No extrapolar estas instrucciones al interior ni a partes eléctricas
/hidrolavadoras/hidrolavadora-para-aire-acondicionado/,DATO VERIFICADO,revisada,no,,"**Dato verificado:** Carrier recomienda aplicar una solución de detergente suave y agua con un rociador de baja presión para la bobina/serpentín y remite a las indicaciones del fabricante. El manual Daikin UATYA especifica, para serpentines tradicionales con aletas Cu/Al, enjuague con agua potable a 3–5 barg y prohíbe chorros de alta presión. El manual Gamma 150 separa presión máxima admisible de presión de servicio; no presenta esa máquina como herramienta para limpiar aires acondicionados."
/hidrolavadoras/hidrolavadora-para-aire-acondicionado/,ANÁLISIS TALLERLAB,revisada,no,,"**Análisis TallerLab:** una hidrolavadora puede concentrar un chorro cuya presión publicada no está expresada como un ajuste de limpieza HVAC validado. Por eso esta guía no recomienda un modelo, boquilla ni distancia universal para serpentines. La documentación encontrada apoya baja presión y consulta del manual específico; si no se conoce el procedimiento, solicitar limpieza a un técnico de climatización."
/hidrolavadoras/hidrolavadora-para-aire-acondicionado/,DESCONOCIDO,revisada,no,,"**Desconocido:** no se verificó un rango universal de presión para todas las marcas de aire acondicionado, ni compatibilidad de boquillas/adaptadores. Tampoco se inspeccionó un equipo ni se realizaron pruebas. Desconectar la alimentación y seguir el procedimiento del fabricante del aire acondicionado antes de cualquier mantenimiento."
/hidrolavadoras/hidrolavadora-para-aire-acondicionado/,DESCONOCIDO,revisada,no,https://www.carrier.com/residential/en/ca/products/air-conditioners/air-conditioner-maintenance/air-conditioner-coil-cleaning/,"Fabricante de climatización:** [Carrier, limpieza de serpentines de aire acondicionado](https://www.carrier.com/residential/en/ca/products/air-conditioners/air-conditioner-maintenance/air-conditioner-coil-cleaning/); [manual oficial Daikin UATYA, limpieza exterior de serpentines](https://www.daikin.eu/content/dam/document-library/installation-manuals/ac/rooftop/uatya-bbay1/UATYA_BBAY1_BFC2Y1_BFC3Y1_Installation%20use%20and%20maintenance%20manual_4PEN645202-2%20_English.pdf)."
/hidrolavadoras/hidrolavadora-para-aire-acondicionado/,DESCONOCIDO,revisada,no,https://www.gammaherramientas.com.ar/web/wp-content/uploads/hidrolavadoras-para-agua-fria_hidrolavadora-150-elite_G2514AR-102-manual.pdf,Documentación primaria de hidrolavadora:** [manual Gamma 150 G2514AR](https://www.gammaherramientas.com.ar/web/wp-content/uploads/hidrolavadoras-para-agua-fria_hidrolavadora-150-elite_G2514AR-102-manual.pdf).
/hidrolavadoras/hidrolavadora-para-aire-acondicionado/,DESCONOCIDO,revisada,no,,Opiniones de compradores:** no se revisó una muestra verificable.
/hidrolavadoras/hidrolavadora-para-aire-acondicionado/,DESCONOCIDO,revisada,no,,Para seguir comparando: [comparativa general: presión y caudal publicados](/hidrolavadoras/comparativa-general/).
/hidrolavadoras/hidrolavadora-para-aire-acondicionado/,DESCONOCIDO,revisada,no,,Para conocer el criterio editorial: [Ver metodología de TallerLab](/como-trabajamos/).
/hidrolavadoras/hidrolavadora-para-aire-acondicionado/,DESCONOCIDO,revisada,no,,Para explorar la categoría: [guías relacionadas](/hidrolavadoras/150-bar/).
/hidrolavadoras/hyundai/,DATO VERIFICADO,revisada,no,,**Dato verificado:** las cifras se atribuyen al documento indicado en cada tabla. Los cálculos se identifican como **Análisis TallerLab**; lo no confirmado queda como **Desconocido**. Esta guía es documental y no incluye prueba física.
/hidrolavadoras/hyundai/,DESCONOCIDO,revisada,no,,Tipo de análisis: documental
/hidrolavadoras/hyundai/,DESCONOCIDO,revisada,no,,Prueba física de TallerLab: no
/hidrolavadoras/hyundai/,DESCONOCIDO,revisada,no,,Especificaciones contrastadas: sí
/hidrolavadoras/hyundai/,DESCONOCIDO,revisada,no,,Opiniones de compradores: no
/hidrolavadoras/hyundai/,DESCONOCIDO,revisada,no,,Fuentes primarias: sí
/hidrolavadoras/hyundai/,DESCONOCIDO,revisada,no,,Última revisión: 27/09/2026
/hidrolavadoras/hyundai/,DESCONOCIDO,revisada,no,,Modelo Hyundai | Mercado de la fuente | Potencia | Presión máx. de catálogo | Caudal de catálogo
/hidrolavadoras/hyundai/,DESCONOCIDO,revisada,no,,"HYW1600E | Reino Unido | 1.600 W | 135 bar | 7,1 L/min"
/hidrolavadoras/hyundai/,DESCONOCIDO,revisada,no,,"HYW2000E | Reino Unido | 2.000 W | 150 bar | 7,5 L/min"
/hidrolavadoras/hyundai/,DESCONOCIDO,revisada,no,,HYW2400E | Reino Unido | 2.400 W | 180 bar | 8 L/min
/hidrolavadoras/hyundai/,DATO VERIFICADO,revisada,no,,"**Dato verificado:** el catálogo de Hyundai Power Products vendido por su distribuidor oficial británico lista HYW1600E, HYW2000E y HYW2400E con las cifras de la tabla. Son presiones máximas promocionadas en la ficha comercial; no se atribuyen como presión nominal/de servicio porque la página de catálogo consultada no da esa separación."
/hidrolavadoras/hyundai/,ANÁLISIS TALLERLAB,revisada,no,,"**Análisis TallerLab:** entre las tres fichas británicas, la potencia aumenta en pasos de 400 W y la presión máxima publicada en pasos de 15 bar para los dos primeros códigos y 30 bar entre HYW2000E y HYW2400E; el caudal sube 0,4 y luego 0,5 L/min. Es una comparación de catálogo regional, no una evaluación de limpieza ni prueba de compatibilidad entre países."
/hidrolavadoras/hyundai/,DESCONOCIDO,revisada,no,,"**Desconocido:** no se encontró documentación primaria suficiente para confirmar que los códigos HYPW mencionados en publicaciones locales correspondan a estos HYW ni que compartan motor, bomba, tensión, garantía o accesorios. No se afirma disponibilidad de ninguno de estos tres modelos en Argentina."
/hidrolavadoras/hyundai/,DESCONOCIDO,revisada,no,https://hyundaipowerequipment.co.uk/collections/outdoor-garden-garden-power-tools-pressure-washers-electric-pressure-washers,Catálogo del distribuidor oficial Hyundai Reino Unido:** [gama de hidrolavadoras eléctricas Hyundai](https://hyundaipowerequipment.co.uk/collections/outdoor-garden-garden-power-tools-pressure-washers-electric-pressure-washers); [catálogo general Hyundai Pressure Washers](https://hyundaipowerequipment.co.uk/collections/pressure-washers).
/hidrolavadoras/hyundai/,DESCONOCIDO,revisada,no,,Opiniones de compradores:** no se revisó una muestra verificable.
/hidrolavadoras/hyundai/,DESCONOCIDO,revisada,no,,Para seguir comparando: [BLACK+DECKER: presión de servicio y máxima](/hidrolavadoras/black-decker/).
/hidrolavadoras/hyundai/,DESCONOCIDO,revisada,no,,Para conocer el criterio editorial: [Ver metodología de TallerLab](/como-trabajamos/).
/hidrolavadoras/hyundai/,DESCONOCIDO,revisada,no,,Para explorar la categoría: [guías relacionadas](/hidrolavadoras/comparativa-general/).
/hidrolavadoras/inalambricas/,DATO VERIFICADO,revisada,no,,**Dato verificado:** las cifras se atribuyen al documento indicado en cada tabla. Los cálculos se identifican como **Análisis TallerLab**; lo no confirmado queda como **Desconocido**. Esta guía es documental y no incluye prueba física.
/hidrolavadoras/inalambricas/,DESCONOCIDO,revisada,no,,Tipo de análisis: documental
/hidrolavadoras/inalambricas/,DESCONOCIDO,revisada,no,,Prueba física de TallerLab: no
/hidrolavadoras/inalambricas/,DESCONOCIDO,revisada,no,,Especificaciones contrastadas: sí
/hidrolavadoras/inalambricas/,DESCONOCIDO,revisada,no,,Opiniones de compradores: no
/hidrolavadoras/inalambricas/,DESCONOCIDO,revisada,no,,Fuentes primarias: sí
/hidrolavadoras/inalambricas/,DESCONOCIDO,revisada,no,,Última revisión: 27/09/2026
/hidrolavadoras/inalambricas/,DESCONOCIDO,revisada,no,,Modelo | Batería/tensión | Presión máxima publicada | Caudal | Autosucción / autonomía
/hidrolavadoras/inalambricas/,DESCONOCIDO,revisada,no,,"Bosch UniversalAquatak 36V-100, 06008C7002 | 36 V; kit de ficha con 4 Ah | 100 bar | 1,7–3,1 L/min | Succión hasta 0,5 m; 45 min publicados"
/hidrolavadoras/inalambricas/,DESCONOCIDO,revisada,no,,"Lüsqtoff LAPL3.6-8BK | 18 V; incluye 2 baterías de 2 Ah | 30 bar | Máx. 3,6 L/min | Toma agua desde recipiente; duración no publicada"
/hidrolavadoras/inalambricas/,DATO VERIFICADO,revisada,no,,"**Dato verificado:** Bosch publica para el kit UniversalAquatak 36V-100 número 06008C7002 batería de 4 Ah, 45 min de autonomía, 100 bar máximos, caudal de 1,7–3,1 L/min y autosucción de hasta 0,5 m. Lüsqtoff publica para LAPL3.6-8BK 18 V, dos baterías de 2 Ah, 30 bar máximos, caudal máximo de 3,6 L/min y 4 kg; la ficha permite tomar agua de un balde o canilla."
/hidrolavadoras/inalambricas/,ANÁLISIS TALLERLAB,revisada,no,,"**Análisis TallerLab:** el máximo de presión publicado para Bosch supera en 70 bar al del Lüsqtoff, mientras el caudal máximo de este último es 0,5 L/min mayor. Son puntos máximos de fichas distintas y no prueban presión/caudal simultáneos ni capacidad de limpieza comparable. La cifra de 45 min corresponde a la configuración de batería indicada por Bosch; Lüsqtoff no publica un tiempo de funcionamiento contrastable."
/hidrolavadoras/inalambricas/,DESCONOCIDO,revisada,no,,"**Desconocido:** no hay ensayo común de autonomía, caudal bajo carga, temperatura o tiempo de recarga. Los catálogos consultados no confirman el kit, garantía o disponibilidad actuales de cada código en Argentina; revisar si la oferta incluye batería y cargador exactos."
/hidrolavadoras/inalambricas/,DESCONOCIDO,revisada,no,https://www.bosch-diy.com/es/es/p/universalaquatak-36v-100-06008c7002,"Documentación primaria:** [Bosch UniversalAquatak 36V-100, página y especificaciones](https://www.bosch-diy.com/es/es/p/universalaquatak-36v-100-06008c7002); [Lüsqtoff LAPL3.6-8BK](https://www.lusqtoff.com.ar/productos/hidrolavadora-a-bateria-lapl36-8bk)."
/hidrolavadoras/inalambricas/,DESCONOCIDO,revisada,no,,Opiniones de compradores:** no se revisó una muestra verificable.
/hidrolavadoras/inalambricas/,DESCONOCIDO,revisada,no,,Para seguir comparando: [qué especificaciones revisar al limpiar un auto](/hidrolavadoras/para-autos/).
/hidrolavadoras/inalambricas/,DESCONOCIDO,revisada,no,,Para conocer el criterio editorial: [Ver metodología de TallerLab](/como-trabajamos/).
/hidrolavadoras/inalambricas/,DESCONOCIDO,revisada,no,,Para explorar la categoría: [guías relacionadas](/hidrolavadoras/karcher-k2/).
/hidrolavadoras/karcher-k2/,DATO VERIFICADO,revisada,no,,**Dato verificado:** las cifras se atribuyen al documento indicado en cada tabla. Los cálculos se identifican como **Análisis TallerLab**; lo no confirmado queda como **Desconocido**. Esta guía es documental y no incluye prueba física.
/hidrolavadoras/karcher-k2/,DESCONOCIDO,revisada,no,,Tipo de análisis: documental
/hidrolavadoras/karcher-k2/,DESCONOCIDO,revisada,no,,Prueba física de TallerLab: no
/hidrolavadoras/karcher-k2/,DESCONOCIDO,revisada,no,,Especificaciones contrastadas: sí
/hidrolavadoras/karcher-k2/,DESCONOCIDO,revisada,no,,Opiniones de compradores: no
/hidrolavadoras/karcher-k2/,DESCONOCIDO,revisada,no,,Fuentes primarias: sí
/hidrolavadoras/karcher-k2/,DESCONOCIDO,revisada,no,,Última revisión: 27/09/2026
/hidrolavadoras/karcher-k2/,DESCONOCIDO,revisada,no,,Producto exacto en Kärcher Argentina | Presión que publica la ficha | Caudal | Potencia | Manguera / peso sin accesorios
/hidrolavadoras/karcher-k2/,DESCONOCIDO,revisada,no,,"K 2 Basic Black, 19943220 | 110 bar | 280 L/h | 1.200 W | 3 m / 3,8 kg"
/hidrolavadoras/karcher-k2/,DESCONOCIDO,revisada,no,,"K 3 Black Edition, 93983550 | 120 bar | 330 L/h | 1.500 W | No indicada en la ficha consultada / 7,3 kg"
/hidrolavadoras/karcher-k2/,DATO VERIFICADO,revisada,no,,"**Dato verificado:** Kärcher Argentina lista para K 2 Basic Black (19943220) 110 bar, 280 L/h, 220 V, 1.200 W, peso sin accesorios de 3,8 kg y manguera de 3 m. Para K 3 Black Edition (93983550) publica 120 bar, 330 L/h, 1.500 W y 7,3 kg. La ficha K2 incluye filtro de agua y accesorios indicados en su página; los paquetes Car/Home de otros mercados no se dan por incluidos."
/hidrolavadoras/karcher-k2/,ANÁLISIS TALLERLAB,revisada,no,,"**Análisis TallerLab:** en estos dos SKU locales, la ficha K3 suma 10 bar y 50 L/h sobre la K2, y declara 300 W más. El peso sin accesorios crece 3,5 kg. Esta comparación usa cifras de catálogo; presión y caudal máximos no son por sí solos una prueba de rendimiento sobre una superficie."
/hidrolavadoras/karcher-k2/,DESCONOCIDO,revisada,no,,"**Desconocido:** no se verificaron versiones K2 Car/Home comercializadas hoy en Argentina ni que compartan accesorios con productos extranjeros del mismo nombre. Si una publicación ofrece un kit, comprobar el SKU y la lista de contenido de caja."
/hidrolavadoras/karcher-k2/,DESCONOCIDO,revisada,no,https://www.kaercher.com/ar/home-garden/hidrolavadora/k-2-basic-black-19943220.html,Documentación primaria:** [Kärcher Argentina K 2 Basic Black](https://www.kaercher.com/ar/home-garden/hidrolavadora/k-2-basic-black-19943220.html); [Kärcher Argentina K 3 Black Edition](https://www.kaercher.com/ar/home-garden/hidrolavadora/k-3-black-edition-93983550.html).
/hidrolavadoras/karcher-k2/,DESCONOCIDO,revisada,no,,Opiniones de compradores:** no se revisó una muestra verificable.
/hidrolavadoras/karcher-k2/,DESCONOCIDO,revisada,no,,Para seguir comparando: [Kärcher K3: diferencias de ficha frente a K2](/hidrolavadoras/karcher-k3/).
/hidrolavadoras/karcher-k2/,DESCONOCIDO,revisada,no,,Para conocer el criterio editorial: [Ver metodología de TallerLab](/como-trabajamos/).
/hidrolavadoras/karcher-k2/,DESCONOCIDO,revisada,no,,Para explorar la categoría: [guías relacionadas](/hidrolavadoras/karcher/).
/hidrolavadoras/karcher-k3/,DATO VERIFICADO,revisada,no,,**Dato verificado:** las cifras se atribuyen al documento indicado en cada tabla. Los cálculos se identifican como **Análisis TallerLab**; lo no confirmado queda como **Desconocido**. Esta guía es documental y no incluye prueba física.
/hidrolavadoras/karcher-k3/,DESCONOCIDO,revisada,no,,Tipo de análisis: documental
/hidrolavadoras/karcher-k3/,DESCONOCIDO,revisada,no,,Prueba física de TallerLab: no
/hidrolavadoras/karcher-k3/,DESCONOCIDO,revisada,no,,Especificaciones contrastadas: sí
/hidrolavadoras/karcher-k3/,DESCONOCIDO,revisada,no,,Opiniones de compradores: no
/hidrolavadoras/karcher-k3/,DESCONOCIDO,revisada,no,,Fuentes primarias: sí
/hidrolavadoras/karcher-k3/,DESCONOCIDO,revisada,no,,Última revisión: 27/09/2026
/hidrolavadoras/karcher-k3/,DESCONOCIDO,revisada,no,,Producto Kärcher Argentina | SKU | Presión publicada | Caudal máx. | Manguera / peso sin accesorios
/hidrolavadoras/karcher-k3/,DESCONOCIDO,revisada,no,,"K 3 Black Edition | 93983550 | 120 bar | 330 L/h | Longitud no indicada / 7,3 kg"
/hidrolavadoras/karcher-k3/,DESCONOCIDO,revisada,no,,"K 4 Power Control | 16034020 | 20–máx. 130 bar | 420 L/h | 8 m / 12,4 kg"
/hidrolavadoras/karcher-k3/,DATO VERIFICADO,revisada,no,,"**Dato verificado:** la ficha local del K3 publica 120 bar, 330 L/h y 7,3 kg sin accesorios. Kärcher Argentina informa para el K4 Power Control tensión de 220 V–50 Hz, presión de 20 a 130 bar, caudal máximo de 420 L/h, manguera de 8 m y 12,4 kg sin accesorios; también describe motor de inducción refrigerado por agua y tres niveles de presión."
/hidrolavadoras/karcher-k3/,ANÁLISIS TALLERLAB,revisada,no,,"**Análisis TallerLab:** entre los SKU citados, el K4 declara 10 bar más de presión máxima y 90 L/h más de caudal máximo que el K3, junto con 5,1 kg de peso adicional. No se calculan diferencias de largo de manguera porque el dato del K3 no está en la ficha consultada. La presión mínima de 20 bar que muestra Kärcher para K4 tampoco es una medición de presión nominal sostenida."
/hidrolavadoras/karcher-k3/,DESCONOCIDO,revisada,no,,**Desconocido:** no se cotejaron versiones K3 Confort/Car/Home disponibles en Argentina ni configuraciones de la aplicación por región. Verificar SKU y accesorios exactos en la publicación.
/hidrolavadoras/karcher-k3/,DESCONOCIDO,revisada,no,https://www.kaercher.com/ar/home-garden/hidrolavadora/k-3-black-edition-93983550.html,Documentación primaria:** [Kärcher Argentina K 3 Black Edition](https://www.kaercher.com/ar/home-garden/hidrolavadora/k-3-black-edition-93983550.html); [Kärcher Argentina K 4 Power Control](https://www.kaercher.com/ar/home-garden/hidrolavadora/k-4-power-control-16034020.html).
/hidrolavadoras/karcher-k3/,DESCONOCIDO,revisada,no,,Opiniones de compradores:** no se revisó una muestra verificable.
/hidrolavadoras/karcher-k3/,DESCONOCIDO,revisada,no,,Para seguir comparando: [Kärcher K4: ficha y accesorios publicados](/hidrolavadoras/karcher-k4/).
/hidrolavadoras/karcher-k3/,DESCONOCIDO,revisada,no,,Para conocer el criterio editorial: [Ver metodología de TallerLab](/como-trabajamos/).
/hidrolavadoras/karcher-k3/,DESCONOCIDO,revisada,no,,Para explorar la categoría: [guías relacionadas](/hidrolavadoras/karcher-k2/).
/hidrolavadoras/karcher-k4/,DATO VERIFICADO,revisada,no,,**Dato verificado:** las cifras se atribuyen al documento indicado en cada tabla. Los cálculos se identifican como **Análisis TallerLab**; lo no confirmado queda como **Desconocido**. Esta guía es documental y no incluye prueba física.
/hidrolavadoras/karcher-k4/,DESCONOCIDO,revisada,no,,Tipo de análisis: documental
/hidrolavadoras/karcher-k4/,DESCONOCIDO,revisada,no,,Prueba física de TallerLab: no
/hidrolavadoras/karcher-k4/,DESCONOCIDO,revisada,no,,Especificaciones contrastadas: sí
/hidrolavadoras/karcher-k4/,DESCONOCIDO,revisada,no,,Opiniones de compradores: no
/hidrolavadoras/karcher-k4/,DESCONOCIDO,revisada,no,,Fuentes primarias: sí
/hidrolavadoras/karcher-k4/,DESCONOCIDO,revisada,no,,Última revisión: 27/09/2026
/hidrolavadoras/karcher-k4/,DESCONOCIDO,revisada,no,,Producto Kärcher Argentina | SKU | Presión como la publica la fuente | Caudal | Potencia / manguera / peso sin accesorios
/hidrolavadoras/karcher-k4/,DESCONOCIDO,revisada,no,,"K 4 Power Control | 16034020 | 20–máx. 130 bar | Máx. 420 L/h | No indicada / 8 m / 12,4 kg"
/hidrolavadoras/karcher-k4/,DESCONOCIDO,revisada,no,,"K 5 | 93982950 | 2.100 psi (≈144,8 bar, conversión) | 420 L/h | 1.900 W / 6 m / 13,3 kg"
/hidrolavadoras/karcher-k4/,DATO VERIFICADO,revisada,no,,"**Dato verificado:** la ficha argentina de K4 Power Control lista presión 20–máx. 130 bar, caudal máximo 420 L/h, manguera de 8 m, motor de inducción refrigerado por agua y peso sin accesorios de 12,4 kg. La página de K5 (93982950) lista 2.100 psi, 420 L/h, 1.900 W, manguera de 6 m y peso de 13,3 kg."
/hidrolavadoras/karcher-k4/,ANÁLISIS TALLERLAB,revisada,no,,"**Análisis TallerLab:** 2.100 psi equivalen aproximadamente a 144,8 bar mediante conversión de unidades; Kärcher no rotula ese campo del K5 como presión de servicio en la página consultada. El K4 y K5 declaran igual caudal máximo; el K4 informa una manguera 2 m más larga, mientras el K5 declara 1 kg adicional. La diferencia convertida de presión no permite afirmar una diferencia de limpieza."
/hidrolavadoras/karcher-k4/,DESCONOCIDO,revisada,no,,**Desconocido:** la página K5 consultada no ofrece en el extracto presión de servicio ni tensión/frecuencia. No se infiere que las versiones K4 Compact/Premium o K5 Power Control/Smart Control tengan los mismos SKU o componentes que los comercializados en otros países.
/hidrolavadoras/karcher-k4/,DESCONOCIDO,revisada,no,https://www.kaercher.com/ar/home-garden/hidrolavadora/k-4-power-control-16034020.html,Documentación primaria:** [Kärcher Argentina K 4 Power Control](https://www.kaercher.com/ar/home-garden/hidrolavadora/k-4-power-control-16034020.html); [Kärcher Argentina K 5](https://www.kaercher.com/ar/home-garden/hidrolavadora/k-5-93982950.html).
/hidrolavadoras/karcher-k4/,DESCONOCIDO,revisada,no,,Opiniones de compradores:** no se revisó una muestra verificable.
/hidrolavadoras/karcher-k4/,DESCONOCIDO,revisada,no,,Para seguir comparando: [Kärcher K5: cifras de la ficha argentina](/hidrolavadoras/karcher-k5/).
/hidrolavadoras/karcher-k4/,DESCONOCIDO,revisada,no,,Para conocer el criterio editorial: [Ver metodología de TallerLab](/como-trabajamos/).
/hidrolavadoras/karcher-k4/,DESCONOCIDO,revisada,no,,Para explorar la categoría: [guías relacionadas](/hidrolavadoras/karcher-k3/).
/hidrolavadoras/karcher-k5/,DATO VERIFICADO,revisada,no,,**Dato verificado:** las cifras se atribuyen al documento indicado en cada tabla. Los cálculos se identifican como **Análisis TallerLab**; lo no confirmado queda como **Desconocido**. Esta guía es documental y no incluye prueba física.
/hidrolavadoras/karcher-k5/,DESCONOCIDO,revisada,no,,Tipo de análisis: documental
/hidrolavadoras/karcher-k5/,DESCONOCIDO,revisada,no,,Prueba física de TallerLab: no
/hidrolavadoras/karcher-k5/,DESCONOCIDO,revisada,no,,Especificaciones contrastadas: sí
/hidrolavadoras/karcher-k5/,DESCONOCIDO,revisada,no,,Opiniones de compradores: no
/hidrolavadoras/karcher-k5/,DESCONOCIDO,revisada,no,,Fuentes primarias: sí
/hidrolavadoras/karcher-k5/,DESCONOCIDO,revisada,no,,Última revisión: 27/09/2026
/hidrolavadoras/karcher-k5/,DESCONOCIDO,revisada,no,,Producto exacto | SKU | Presión de catálogo | Caudal | Manguera | Peso sin accesorios
/hidrolavadoras/karcher-k5/,DESCONOCIDO,revisada,no,,"Kärcher K 4 Power Control | 16034020 | 20–máx. 130 bar | Máx. 420 L/h | 8 m | 12,4 kg"
/hidrolavadoras/karcher-k5/,DESCONOCIDO,revisada,no,,"Kärcher K 5 | 93982950 | 2.100 psi (≈144,8 bar calculados) | 420 L/h | 6 m | 13,3 kg"
/hidrolavadoras/karcher-k5/,DATO VERIFICADO,revisada,no,,"**Dato verificado:** Kärcher Argentina identifica el K5 con motor de inducción, cabezal de aluminio, potencia de entrada de 1.900 W y los valores del cuadro. La ficha muestra 2.100 psi, no publica en el bloque consultado la presión de servicio en bar. K4 Power Control informa presión de 20 a 130 bar y el mismo caudal máximo de 420 L/h."
/hidrolavadoras/karcher-k5/,ANÁLISIS TALLERLAB,revisada,no,,"**Análisis TallerLab:** la conversión 2.100 ÷ 14,5038 da aproximadamente 144,8 bar. Con los datos listados, ambas páginas declaran igual caudal máximo; K4 ofrece 2 m más de manguera y K5 pesa 0,9 kg más. Las diferencias son de ficha, no prueban productividad ni duración relativa."
/hidrolavadoras/karcher-k5/,DESCONOCIDO,revisada,no,,"**Desconocido:** la página argentina consultada no identifica el sufijo comercial «Power Control» o «Smart Control» para el SKU K5 analizado. No se completa presión de servicio, garantía o precio final si no aparece en documentación del código o la oferta."
/hidrolavadoras/karcher-k5/,DESCONOCIDO,revisada,no,https://www.kaercher.com/ar/home-garden/hidrolavadora/k-5-93982950.html,"Documentación primaria:** [Kärcher Argentina K 5, SKU 93982950](https://www.kaercher.com/ar/home-garden/hidrolavadora/k-5-93982950.html); [Kärcher Argentina K 4 Power Control, SKU 16034020](https://www.kaercher.com/ar/home-garden/hidrolavadora/k-4-power-control-16034020.html)."
/hidrolavadoras/karcher-k5/,DESCONOCIDO,revisada,no,,Opiniones de compradores:** no se revisó una muestra verificable.
/hidrolavadoras/karcher-k5/,DESCONOCIDO,revisada,no,,Para seguir comparando: [guía de familia Kärcher: K2 a K5](/hidrolavadoras/karcher/).
/hidrolavadoras/karcher-k5/,DESCONOCIDO,revisada,no,,Para conocer el criterio editorial: [Ver metodología de TallerLab](/como-trabajamos/).
/hidrolavadoras/karcher-k5/,DESCONOCIDO,revisada,no,,Para explorar la categoría: [guías relacionadas](/hidrolavadoras/karcher-k4/).
/hidrolavadoras/karcher/,DATO VERIFICADO,revisada,no,,**Dato verificado:** las cifras se atribuyen al documento indicado en cada tabla. Los cálculos se identifican como **Análisis TallerLab**; lo no confirmado queda como **Desconocido**. Esta guía es documental y no incluye prueba física.
/hidrolavadoras/karcher/,DESCONOCIDO,revisada,no,,Tipo de análisis: documental
/hidrolavadoras/karcher/,DESCONOCIDO,revisada,no,,Prueba física de TallerLab: no
/hidrolavadoras/karcher/,DESCONOCIDO,revisada,no,,Especificaciones contrastadas: sí
/hidrolavadoras/karcher/,DESCONOCIDO,revisada,no,,Opiniones de compradores: no
/hidrolavadoras/karcher/,DESCONOCIDO,revisada,no,,Fuentes primarias: sí
/hidrolavadoras/karcher/,DESCONOCIDO,revisada,no,,Última revisión: 27/09/2026
/hidrolavadoras/karcher/,DESCONOCIDO,revisada,no,,Línea/producto argentino | SKU | Potencia | Presión como la rotula Kärcher | Caudal | Manguera
/hidrolavadoras/karcher/,DESCONOCIDO,revisada,no,,K 2 Basic Black | 19943220 | 1.200 W | 110 bar | 280 L/h | 3 m
/hidrolavadoras/karcher/,DESCONOCIDO,revisada,no,,K 3 Black Edition | 93983550 | 1.500 W | 120 bar | 330 L/h | No indicada
/hidrolavadoras/karcher/,DESCONOCIDO,revisada,no,,K 4 Power Control | 16034020 | No publicada | 20–máx. 130 bar | Máx. 420 L/h | 8 m
/hidrolavadoras/karcher/,DESCONOCIDO,revisada,no,,K 5 | 93982950 | 1.900 W | 2.100 psi | 420 L/h | 6 m
/hidrolavadoras/karcher/,DATO VERIFICADO,revisada,no,,"**Dato verificado:** las fichas de Kärcher Argentina identifican estos SKU y sus cifras. En K5, la unidad publicada para presión es psi; no sustituimos el dato original. Las páginas de K2/K3/K4/K5 corresponden a configuraciones distintas y no garantizan que nombres como «Car», «Home», «Compact», «Premium» o «Smart Control» describan el mismo paquete en cada mercado."
/hidrolavadoras/karcher/,ANÁLISIS TALLERLAB,revisada,no,,"**Análisis TallerLab:** entre estos cuatro productos locales aumenta la potencia informada de 1.200 W en K2 a 1.900 W en K5, aunque K4 no publica ese campo en la página revisada. K2–K4 muestran en bar máximo de 110, 120 y 130; K5 figura en psi y puede convertirse aritméticamente a ≈144,8 bar, sin que esa conversión añada una etiqueta de presión de servicio. El caudal máximo pasa de 280 a 420 L/h entre extremos, pero K4 y K5 declaran ambos 420 L/h."
/hidrolavadoras/karcher/,DESCONOCIDO,revisada,no,,"**Desconocido:** no se verificó un precio comparable ni disponibilidad de cada kit en el mismo vendedor/fecha. La lista no es un ranking de limpieza: no hay ensayo común y cambian manguera, accesorios y documentación."
/hidrolavadoras/karcher/,DESCONOCIDO,revisada,no,https://www.kaercher.com/ar/home-garden/hidrolavadora/k-2-basic-black-19943220.html,Documentación primaria:** [Kärcher Argentina K2 Basic Black](https://www.kaercher.com/ar/home-garden/hidrolavadora/k-2-basic-black-19943220.html); [K3 Black Edition](https://www.kaercher.com/ar/home-garden/hidrolavadora/k-3-black-edition-93983550.html); [K4 Power Control](https://www.kaercher.com/ar/home-garden/hidrolavadora/k-4-power-control-16034020.html); [K5](https://www.kaercher.com/ar/home-garden/hidrolavadora/k-5-93982950.html).
/hidrolavadoras/karcher/,DESCONOCIDO,revisada,no,,Opiniones de compradores:** no se revisó una muestra verificable.
/hidrolavadoras/karcher/,DESCONOCIDO,revisada,no,,Para seguir comparando: [criterios documentales para equipos de uso frecuente](/hidrolavadoras/profesionales/).
/hidrolavadoras/karcher/,DESCONOCIDO,revisada,no,,Para conocer el criterio editorial: [Ver metodología de TallerLab](/como-trabajamos/).
/hidrolavadoras/karcher/,DESCONOCIDO,revisada,no,,Para explorar la categoría: [guías relacionadas](/hidrolavadoras/comparativa-general/).
/hidrolavadoras/lusqtoff-hl-120/,ANÁLISIS TALLERLAB,revisada,no,,"**Análisis TallerLab.** La HL-120 es una opción para evaluar si buscás una hidrolavadora eléctrica compacta para tareas domésticas. La decisión depende de si sus **70 bar de trabajo y 5,5 l/min nominales**, declarados por Lüsqtoff, alcanzan para tu tarea. Los **105 bar** de la ficha son el máximo permitido, no la presión continua de trabajo. No hicimos una prueba física ni medimos su rendimiento de limpieza."
/hidrolavadoras/lusqtoff-hl-120/,DATO VERIFICADO,revisada,no,https://www.lusqtoff.com.ar/ver-producto/HL-120,**Dato verificado en documentación primaria.** La [ficha oficial HL-120](https://www.lusqtoff.com.ar/ver-producto/HL-120) y el [manual del equipo](https://lusqtoff.com.ar/2023/uploads/Productos/4.%20HIDROLAVADORAS/HL-120/MANUAL/Manual%20HL-120curvas_compressed.pdf) permiten separar los valores de uso de los límites del equipo.
/hidrolavadoras/lusqtoff-hl-120/,DATO VERIFICADO,revisada,no,,Variable | Valor publicado | Cómo leerlo
/hidrolavadoras/lusqtoff-hl-120/,DATO VERIFICADO,revisada,no,,Potencia | 1200 W | Dato eléctrico del motor; no mide la fuerza de limpieza por sí solo.
/hidrolavadoras/lusqtoff-hl-120/,DATO VERIFICADO,revisada,no,,Presión de trabajo | 70 bar | Referencia declarada para comparar con la tarea.
/hidrolavadoras/lusqtoff-hl-120/,DATO VERIFICADO,revisada,no,,"Presión máxima permitida | 105 bar | Límite indicado en la ficha, no presión de trabajo."
/hidrolavadoras/lusqtoff-hl-120/,DATO VERIFICADO,revisada,no,,"Caudal nominal | 5,5 l/min | Caudal declarado de trabajo."
/hidrolavadoras/lusqtoff-hl-120/,DATO VERIFICADO,revisada,no,,"Caudal máximo | 6,8 l/min | Valor máximo; no debe confundirse con el nominal."
/hidrolavadoras/lusqtoff-hl-120/,DATO VERIFICADO,revisada,no,,"Alimentación | 220 V, 50 Hz | Comprobar placa y conexión de la unidad comprada."
/hidrolavadoras/lusqtoff-hl-120/,DATO VERIFICADO,revisada,no,,"Peso | 5,2 kg | Dato declarado; accesorios y embalaje pueden cambiar el peso transportado."
/hidrolavadoras/lusqtoff-hl-120/,ANÁLISIS TALLERLAB,revisada,no,,"**Análisis TallerLab.** La diferencia entre presión de trabajo y máxima es de **35 bar**; la de caudal nominal y máximo es de **1,3 l/min**. Son restas de los valores publicados, no resultados de un ensayo. Comparar los máximos de un modelo con los valores de trabajo de otro daría una conclusión engañosa."
/hidrolavadoras/lusqtoff-hl-120/,DECLARACIÓN DEL FABRICANTE,revisada,no,,"**Declaración del fabricante.** Lüsqtoff enumera bicicletas, motos, autos pequeños y hogar/jardín entre los usos recomendados. Esa lista describe el destino previsto por la marca; no certifica tiempos de limpieza, cuidado de pintura ni rendimiento frente a suciedad específica. La marca también informa control de parada automática."
/hidrolavadoras/lusqtoff-hl-120/,DATO VERIFICADO,revisada,no,,"**Dato verificado en el manual.** El equipo incluye lanza, manguera de alta presión y conector rápido de entrada de agua. El manual indica que el motor se activa al accionar el gatillo y contiene instrucciones de conexión y seguridad. Revisá el manual y la publicación del código exacto para conocer accesorios, condiciones eléctricas y garantía de la unidad ofrecida."
/hidrolavadoras/lusqtoff-hl-120/,DESCONOCIDO,revisada,no,,"**Desconocido.** La ficha y el manual consultados no documentan una muestra de opiniones de compradores, la duración real del equipo ni un ciclo de trabajo de 15–20 minutos. Por eso esta guía no atribuye comentarios a “miles de usuarios” ni prescribe ese tiempo de uso. Tampoco ordena la HL-120 frente a una HL-150 sin contrastar la variante exacta de esta última."
/hidrolavadoras/lusqtoff-hl-120/,DESCONOCIDO,revisada,no,,"Si necesitás comparar otras presiones y formatos, consultá el [hub de hidrolavadoras](/hidrolavadoras/)."
/hidrolavadoras/lusqtoff-hl-120/,DESCONOCIDO,revisada,no,https://www.lusqtoff.com.ar/ver-producto/HL-120,"Documentación primaria:** [Lüsqtoff, ficha oficial HL-120](https://www.lusqtoff.com.ar/ver-producto/HL-120) y [manual HL-120](https://lusqtoff.com.ar/2023/uploads/Productos/4.%20HIDROLAVADORAS/HL-120/MANUAL/Manual%20HL-120curvas_compressed.pdf)."
/hidrolavadoras/lusqtoff-hl-120/,DESCONOCIDO,revisada,no,,Información comercial y opiniones:** no usadas para concluir sobre rendimiento o satisfacción de compradores.
/hidrolavadoras/lusqtoff/,DATO VERIFICADO,revisada,no,,**Dato verificado:** las cifras se atribuyen al documento indicado en cada tabla. Los cálculos se identifican como **Análisis TallerLab**; lo no confirmado queda como **Desconocido**. Esta guía es documental y no incluye prueba física.
/hidrolavadoras/lusqtoff/,DESCONOCIDO,revisada,no,,Tipo de análisis: documental
/hidrolavadoras/lusqtoff/,DESCONOCIDO,revisada,no,,Prueba física de TallerLab: no
/hidrolavadoras/lusqtoff/,DESCONOCIDO,revisada,no,,Especificaciones contrastadas: sí
/hidrolavadoras/lusqtoff/,DESCONOCIDO,revisada,no,,Opiniones de compradores: no
/hidrolavadoras/lusqtoff/,DESCONOCIDO,revisada,no,,Fuentes primarias: sí
/hidrolavadoras/lusqtoff/,DESCONOCIDO,revisada,no,,Última revisión: 27/09/2026
/hidrolavadoras/lusqtoff/,DESCONOCIDO,revisada,no,,Modelo/código | Potencia | Presión de trabajo | Presión máxima permitida | Caudal trabajo / máximo | Peso publicado
/hidrolavadoras/lusqtoff/,DESCONOCIDO,revisada,no,,"HL-120 | 1.200 W | 70 bar | 105 bar | 5,5 / 6,8 L/min | 5,2 kg"
/hidrolavadoras/lusqtoff/,DESCONOCIDO,revisada,no,,"HL100-8 | 2.000 W | 100 bar | 150 bar | 6 / 7,5 L/min | 10,5 kg"
/hidrolavadoras/lusqtoff/,DESCONOCIDO,revisada,no,,"HL110-9 | 2.100 W | 110 bar | 165 bar | 6 / 7,5 L/min | 21 kg"
/hidrolavadoras/lusqtoff/,DESCONOCIDO,revisada,no,,"HL130-9 | 3.200 W | 150 bar | 225 bar | 7,5 / 9 L/min | 25 kg"
/hidrolavadoras/lusqtoff/,DATO VERIFICADO,revisada,no,,"**Dato verificado:** el catálogo Lüsqtoff 2023–2024 publica las especificaciones anteriores y separa presión de trabajo de la máxima permitida. Para HL-120, HL100-8, HL110-9 y HL130-9, la presión máxima permitida es mayor que la de trabajo; no se las toma como una sola cifra. Las medidas se asocian a los códigos del catálogo revisado."
/hidrolavadoras/lusqtoff/,ANÁLISIS TALLERLAB,revisada,no,,"**Análisis TallerLab:** de HL-120 a HL130-9, los datos publicados avanzan de 70 a 150 bar de trabajo y de 5,5 a 7,5 L/min de caudal de trabajo, mientras cambian potencia de 1.200 a 3.200 W y peso de 5,2 a 25 kg. Esa comparación no demuestra que toda la familia tenga bombas, ciclos o repuestos compatibles; tampoco equipara herramientas de distinto peso y uso."
/hidrolavadoras/lusqtoff/,DESCONOCIDO,revisada,no,,"**Desconocido:** no se verificaron precios actuales, disponibilidad de la gama completa, garantía por vendedor ni especificaciones de equipos a nafta. Para esos modelos se necesita la placa/manual del código exacto; no se rellena la tabla con datos de otra marca."
/hidrolavadoras/lusqtoff/,DESCONOCIDO,revisada,no,https://www.lusqtoff.com.ar/files/catalog-lusqtoff-2023-2024.pdf,"Documentación primaria:** [catálogo oficial Lüsqtoff 2023–2024, fichas de hidrolavadoras](https://www.lusqtoff.com.ar/files/catalog-lusqtoff-2023-2024.pdf); [manual Lüsqtoff HL110-9](https://lusqtoff.com.ar/2023/uploads/Productos/4.%20HIDROLAVADORAS/HL110-9/MANUAL/Manual%20HL110-9_compressed.pdf); [manual Lüsqtoff HL100-8](https://lusqtoff.com.ar/2023/uploads/Productos/4.%20HIDROLAVADORAS/HL100-8/MANUAL/Manual%20HL100-8-pdf%20curvas_compressed.pdf)."
/hidrolavadoras/lusqtoff/,DESCONOCIDO,revisada,no,,Opiniones de compradores:** no se revisó una muestra verificable.
/hidrolavadoras/lusqtoff/,DESCONOCIDO,revisada,no,,Para seguir comparando: [Niwa: presión y caudal por código](/hidrolavadoras/niwa/).
/hidrolavadoras/lusqtoff/,DESCONOCIDO,revisada,no,,Para conocer el criterio editorial: [Ver metodología de TallerLab](/como-trabajamos/).
/hidrolavadoras/lusqtoff/,DESCONOCIDO,revisada,no,,Para explorar la categoría: [guías relacionadas](/hidrolavadoras/karcher/).
/hidrolavadoras/niwa/,DATO VERIFICADO,revisada,no,,**Dato verificado:** las cifras se atribuyen al documento indicado en cada tabla. Los cálculos se identifican como **Análisis TallerLab**; lo no confirmado queda como **Desconocido**. Esta guía es documental y no incluye prueba física.
/hidrolavadoras/niwa/,DESCONOCIDO,revisada,no,,Tipo de análisis: documental
/hidrolavadoras/niwa/,DESCONOCIDO,revisada,no,,Prueba física de TallerLab: no
/hidrolavadoras/niwa/,DESCONOCIDO,revisada,no,,Especificaciones contrastadas: sí
/hidrolavadoras/niwa/,DESCONOCIDO,revisada,no,,Opiniones de compradores: no
/hidrolavadoras/niwa/,DESCONOCIDO,revisada,no,,Fuentes primarias: sí
/hidrolavadoras/niwa/,DESCONOCIDO,revisada,no,,Última revisión: 27/09/2026
/hidrolavadoras/niwa/,DESCONOCIDO,revisada,no,,Modelo/código del catálogo Grupo Rumbo | Alimentación/motor | Potencia | Presión máxima | Caudal | Peso
/hidrolavadoras/niwa/,DESCONOCIDO,revisada,no,,"HDNW-200, 1040200 | Eléctrica axial, carbón | 1.400 W | 110 bar | 5,5 L/min | 5,2 kg"
/hidrolavadoras/niwa/,DESCONOCIDO,revisada,no,,"HDNW-500, 1040500 | Eléctrica axial, carbón | 1.800 W | 130 bar | 7,0 L/min | 8 kg"
/hidrolavadoras/niwa/,DESCONOCIDO,revisada,no,,"LNW-65, 1040065 | Nafta, 4T, axial | 6,5 HP | 180 bar | 8,3 L/min | 41,8 kg"
/hidrolavadoras/niwa/,DESCONOCIDO,revisada,no,,"LNW-130, 1040130 | Nafta, 4T, cigüeñal | 13 HP | 252 bar | 18 L/min | 63 kg"
/hidrolavadoras/niwa/,DATO VERIFICADO,revisada,no,,"**Dato verificado:** el catálogo Niwa de Grupo Rumbo publica para HDNW-200 y HDNW-500 las potencias, presiones máximas y caudales de la tabla. Para LNW-65 y LNW-130 publica motores nafteros de 6,5/13 HP, presiones máximas de 180/252 bar, caudales de 8,3/18 L/min y pesos de 41,8/63 kg. Son datos del catálogo del importador; no indican presión de trabajo para todos los modelos."
/hidrolavadoras/niwa/,ANÁLISIS TALLERLAB,revisada,no,,"**Análisis TallerLab:** las versiones a explosión de la tabla pesan aproximadamente 8,0 y 12,1 veces lo publicado para HDNW-200 (41,8/5,2 y 63/5,2); también declaran caudales superiores, con otra fuente de energía, construcción y escala. Es una división de cifras nominales del catálogo, no una evaluación de movilidad o productividad. No se infiere equivalencia entre los 252 bar máximos de LNW-130 y presión sostenida de servicio."
/hidrolavadoras/niwa/,DESCONOCIDO,revisada,no,,**Desconocido:** no se comprobó que los códigos de este catálogo 2022 continúen a la venta ni que sus kits y repuestos sean intercambiables con generaciones nuevas. La página de la familia no sustituye el manual del ejemplar ofertado.
/hidrolavadoras/niwa/,DESCONOCIDO,revisada,no,https://www.rumbosrl.com.ar/uploads/resources/Niwa-catalogo-4000_ED202208.pdf,"Documentación del importador oficial Niwa:** [Catálogo Niwa/Grupo Rumbo, edición 2022](https://www.rumbosrl.com.ar/uploads/resources/Niwa-catalogo-4000_ED202208.pdf); [ficha de Grupo Rumbo HDNW-500, código 1040550](https://www.rumbosrl.com.ar/productos/productos-de-limpieza/hidrolavadoras-y-accesorios/hidrolavadoras-electricas/hidrolavadora-electrica-niwa-hdnw-500-1040550)."
/hidrolavadoras/niwa/,DESCONOCIDO,revisada,no,,Opiniones de compradores:** no se revisó una muestra verificable.
/hidrolavadoras/niwa/,DESCONOCIDO,revisada,no,,Para seguir comparando: [hidrolavadoras profesionales: magnitudes y conexión](/hidrolavadoras/profesionales/).
/hidrolavadoras/niwa/,DESCONOCIDO,revisada,no,,Para conocer el criterio editorial: [Ver metodología de TallerLab](/como-trabajamos/).
/hidrolavadoras/niwa/,DESCONOCIDO,revisada,no,,Para explorar la categoría: [guías relacionadas](/hidrolavadoras/lusqtoff/).
/hidrolavadoras/para-autos/,DATO VERIFICADO,revisada,no,,**Dato verificado:** las cifras se atribuyen al documento indicado en cada tabla. Los cálculos se identifican como **Análisis TallerLab**; lo no confirmado queda como **Desconocido**. Esta guía es documental y no incluye prueba física.
/hidrolavadoras/para-autos/,DESCONOCIDO,revisada,no,,Tipo de análisis: documental
/hidrolavadoras/para-autos/,DESCONOCIDO,revisada,no,,Prueba física de TallerLab: no
/hidrolavadoras/para-autos/,DESCONOCIDO,revisada,no,,Especificaciones contrastadas: sí
/hidrolavadoras/para-autos/,DESCONOCIDO,revisada,no,,Opiniones de compradores: no
/hidrolavadoras/para-autos/,DESCONOCIDO,revisada,no,,Fuentes primarias: sí
/hidrolavadoras/para-autos/,DESCONOCIDO,revisada,no,,Última revisión: 27/09/2026
/hidrolavadoras/para-autos/,DESCONOCIDO,revisada,no,,Modelo/código | Presión publicada | Caudal publicado | Manguera | Elementos de fábrica citados
/hidrolavadoras/para-autos/,DESCONOCIDO,revisada,no,,"Kärcher K 2 Basic Black, 19943220 | 110 bar | 280 L/h | 3 m | Filtro de agua; boquillas y pistola detalladas en ficha"
/hidrolavadoras/para-autos/,DESCONOCIDO,revisada,no,,"Niwa HDNW-500, 1040550 | Máx. 130 bar; promedio 100 bar en ficha del importador | Nominal 360 L/h; máximo 420 L/h | 5 m | Pistola con boquilla spray y botella de detergente"
/hidrolavadoras/para-autos/,DATO VERIFICADO,revisada,no,,"**Dato verificado:** Kärcher enumera la K2 Basic Black con uso ocasional, manguera de alta presión de 3 m, 110 bar y 280 L/h. Grupo Rumbo publica para Niwa HDNW-500 los códigos y valores de la tabla, con caudal máximo y nominal distinguidos y presión «de caudal promedio» de 100 bar. Los kits dependen del producto exacto y pueden variar por país."
/hidrolavadoras/para-autos/,ANÁLISIS TALLERLAB,revisada,no,,"**Análisis TallerLab:** la HDNW-500 declara 2 m más de manguera que la K2 del SKU citado, pero también mayor peso (8 kg frente a 3,8 kg sin accesorios de Kärcher) y una fuente llama explícitamente «máximo» a parte de sus cifras. La tabla ayuda a comprobar alcance físico y accesorios publicados para una tarea en vehículo; no prueba que el chorro de cualquier boquilla sea adecuado para una pintura, calco, burlete o superficie dañada."
/hidrolavadoras/para-autos/,DESCONOCIDO,revisada,no,,"**Desconocido:** no hay pruebas comparables de remoción, tiempo de lavado, consumo real ni daño potencial sobre acabados. Consultar el manual del vehículo y de la hidrolavadora y las condiciones de la boquilla antes de usarla; no se prescribe presión/distancia universal. No se afirma que una aspiradora interior incluida en un combo comparta caudal o servicio con la hidrolavadora."
/hidrolavadoras/para-autos/,DESCONOCIDO,revisada,no,https://www.kaercher.com/ar/home-garden/hidrolavadora/k-2-basic-black-19943220.html,Documentación primaria y del importador:** [Kärcher Argentina K2 Basic Black](https://www.kaercher.com/ar/home-garden/hidrolavadora/k-2-basic-black-19943220.html); [Grupo Rumbo Niwa HDNW-500](https://www.rumbosrl.com.ar/productos/productos-de-limpieza/hidrolavadoras-y-accesorios/hidrolavadoras-electricas/hidrolavadora-electrica-niwa-hdnw-500-1040550).
/hidrolavadoras/para-autos/,DESCONOCIDO,revisada,no,,Opiniones de compradores:** no se revisó una muestra verificable.
/hidrolavadoras/para-autos/,DESCONOCIDO,revisada,no,,Para seguir comparando: [Kärcher K2: SKU y accesorios locales](/hidrolavadoras/karcher-k2/).
/hidrolavadoras/para-autos/,DESCONOCIDO,revisada,no,,Para conocer el criterio editorial: [Ver metodología de TallerLab](/como-trabajamos/).
/hidrolavadoras/para-autos/,DESCONOCIDO,revisada,no,,Para explorar la categoría: [guías relacionadas](/hidrolavadoras/inalambricas/).
/hidrolavadoras/profesionales/,DATO VERIFICADO,revisada,no,,**Dato verificado:** las cifras se atribuyen al documento indicado en cada tabla. Los cálculos se identifican como **Análisis TallerLab**; lo no confirmado queda como **Desconocido**. Esta guía es documental y no incluye prueba física.
/hidrolavadoras/profesionales/,DESCONOCIDO,revisada,no,,Tipo de análisis: documental
/hidrolavadoras/profesionales/,DESCONOCIDO,revisada,no,,Prueba física de TallerLab: no
/hidrolavadoras/profesionales/,DESCONOCIDO,revisada,no,,Especificaciones contrastadas: sí
/hidrolavadoras/profesionales/,DESCONOCIDO,revisada,no,,Opiniones de compradores: no
/hidrolavadoras/profesionales/,DESCONOCIDO,revisada,no,,Fuentes primarias: sí
/hidrolavadoras/profesionales/,DESCONOCIDO,revisada,no,,Última revisión: 27/09/2026
/hidrolavadoras/profesionales/,DESCONOCIDO,revisada,no,,Modelo Gamma/Comet | Alimentación y potencia | Presión nominal | Presión máxima | Caudal nominal / máximo
/hidrolavadoras/profesionales/,DESCONOCIDO,revisada,no,,"KP Pro Classic 3.10 10/150 M, C2585AR | 230 V monofásica; 2,2 kW | 140 bar | 150 bar | 9 / 10 L/min"
/hidrolavadoras/profesionales/,DESCONOCIDO,revisada,no,,"KM Extra 8.16 16/200 T, C2586AR | 400 V trifásica; 6,5 kW | 190 bar a salida ≤108 °C | 200 bar a ≤108 °C; 32 bar máx. a ≤140 °C | 15 / 16 L/min"
/hidrolavadoras/profesionales/,DATO VERIFICADO,revisada,no,,"**Dato verificado:** Gamma publica para KP Pro Classic 3.10 10/150 M tensión monofásica de 230 V, presión nominal de 140 bar, máxima de 150 bar, caudal nominal de 9 L/min y máximo de 10 L/min. La KM Extra 8.16 16/200 T requiere 400 V trifásicos y 6,5 kW; su página detalla presión nominal/máxima y caudales diferenciados en la tabla. La máxima presión cambia con la temperatura de salida especificada por el fabricante."
/hidrolavadoras/profesionales/,ANÁLISIS TALLERLAB,revisada,no,,"**Análisis TallerLab:** la KM declara 50 bar más de presión nominal y 6 L/min más de caudal nominal que la KP, pero exige suministro trifásico y una demanda eléctrica publicada mayor. La KP es monofásica, aunque sus 2,2 kW y 16 A de fusible también requieren revisar la instalación. No se debe seleccionar por presión sola: la fuente disponible, temperatura, caudal de alimentación, ciclo requerido y accesorios son parámetros distintos."
/hidrolavadoras/profesionales/,DESCONOCIDO,revisada,no,,"**Desconocido:** las páginas consultadas no definen aquí el régimen de trabajo continuo para todas las condiciones ni dimensionan una instalación eléctrica existente. Confirmar placa, manual completo, protección y montaje con un electricista/técnico habilitado; no realizar una conexión trifásica a partir de esta tabla."
/hidrolavadoras/profesionales/,DESCONOCIDO,revisada,no,https://www.gammaherramientas.com.ar/producto/hidrolavadora-comet-kp-pro-classic-3-10-10-150-m/,"Documentación primaria/importador:** [Gamma/Comet KP Pro Classic 3.10 10/150 M, C2585AR](https://www.gammaherramientas.com.ar/producto/hidrolavadora-comet-kp-pro-classic-3-10-10-150-m/); [Gamma/Comet KM Extra 8.16 16/200 T, C2586AR](https://www.gammaherramientas.com.ar/producto/hidrolavadora-comet-km-extra-8-16-16-200-t/)."
/hidrolavadoras/profesionales/,DESCONOCIDO,revisada,no,,Opiniones de compradores:** no se revisó una muestra verificable.
/hidrolavadoras/profesionales/,DESCONOCIDO,revisada,no,,Para seguir comparando: [hidrolavadoras de 200 bar: condiciones de ficha](/hidrolavadoras/200-bar/).
/hidrolavadoras/profesionales/,DESCONOCIDO,revisada,no,,Para conocer el criterio editorial: [Ver metodología de TallerLab](/como-trabajamos/).
/hidrolavadoras/profesionales/,DESCONOCIDO,revisada,no,,Para explorar la categoría: [guías relacionadas](/hidrolavadoras/karcher/).
/hidrolavadoras/stihl/,DATO VERIFICADO,revisada,no,,**Dato verificado:** las cifras se atribuyen al documento indicado en cada tabla. Los cálculos se identifican como **Análisis TallerLab**; lo no confirmado queda como **Desconocido**. Esta guía es documental y no incluye prueba física.
/hidrolavadoras/stihl/,DESCONOCIDO,revisada,no,,Tipo de análisis: documental
/hidrolavadoras/stihl/,DESCONOCIDO,revisada,no,,Prueba física de TallerLab: no
/hidrolavadoras/stihl/,DESCONOCIDO,revisada,no,,Especificaciones contrastadas: sí
/hidrolavadoras/stihl/,DESCONOCIDO,revisada,no,,Opiniones de compradores: no
/hidrolavadoras/stihl/,DESCONOCIDO,revisada,no,,Fuentes primarias: sí
/hidrolavadoras/stihl/,DESCONOCIDO,revisada,no,,Última revisión: 27/09/2026
/hidrolavadoras/stihl/,DESCONOCIDO,revisada,no,,Modelo / referencia en STIHL Argentina | Potencia publicada | Peso operacional publicado | Presión o caudal publicados en la página consultada | PVP sugerido capturado 27/09/2026
/hidrolavadoras/stihl/,DESCONOCIDO,revisada,no,,"RE 80 X, RE020114551 | 1,70 kW | 7 kg | Página consultada sin presión/caudal | $191.909,30"
/hidrolavadoras/stihl/,DESCONOCIDO,revisada,no,,"RE 90, RE020114544 | 2,10 kW | 8 kg | Máx. 100 bar; manguera 6 m | $232.396,70"
/hidrolavadoras/stihl/,DESCONOCIDO,revisada,no,,"RE 110, 49500114529 | 1,70 kW | 17,6 kg | El texto indica 110 bar; manguera 7 m | $676.955,30"
/hidrolavadoras/stihl/,DATO VERIFICADO,revisada,no,,"**Dato verificado:** las páginas STIHL Argentina publican las referencias, potencias, pesos operacionales y precios sugeridos de la tabla. La página de RE 90 indica presión entre 10 y 100 bar y manguera de 6 m; la de RE 110 anuncia 110 bar y manguera de 7 m, además de motor de inducción y cabezal de aluminio. Las fichas consultadas no muestran el mismo conjunto de campos para todos los modelos."
/hidrolavadoras/stihl/,ANÁLISIS TALLERLAB,revisada,no,,"**Análisis TallerLab:** el cuadro sirve para comprobar la referencia y comparar los campos publicados, no para ordenar limpieza. Por ejemplo, las páginas muestran 2,10 kW para RE 90 y 1,70 kW para RE 110, mientras anuncian 100 y 110 bar, respectivamente; esos rótulos no son un ensayo común. El precio es PVP sugerido con IVA visto en páginas oficiales el 27/09/2026, no cotización, precio final de concesionario ni garantía de stock."
/hidrolavadoras/stihl/,DESCONOCIDO,revisada,no,,"**Desconocido:** la página RE 80 X revisada no permitió verificar presión/caudal comparables; tampoco se confirmó equivalencia con antiguas variantes RE 80/RE 91 X de catálogos anteriores. Los PVP pueden cambiar. Confirmar referencia, contenido de caja, garantía y disponibilidad en concesionario oficial."
/hidrolavadoras/stihl/,DESCONOCIDO,revisada,no,https://www.stihl.com.ar/es/ap/re-80-x-141950,Documentación primaria:** [STIHL RE 80 X](https://www.stihl.com.ar/es/ap/re-80-x-141950); [STIHL RE 90](https://www.stihl.com.ar/es/p/hidrolavadoras-re-90-141963); [STIHL RE 110](https://www.stihl.com.ar/es/ap/re-110-81523); [catálogo oficial de hidrolavadoras STIHL Argentina](https://www.stihl.com.ar/es/c/hidrolavadoras-98132).
/hidrolavadoras/stihl/,DESCONOCIDO,revisada,no,,Opiniones de compradores:** no se revisó una muestra verificable.
/hidrolavadoras/stihl/,DESCONOCIDO,revisada,no,,Para seguir comparando: [comparativa general de hidrolavadoras: presión y caudal](/hidrolavadoras/comparativa-general/).
/hidrolavadoras/stihl/,DESCONOCIDO,revisada,no,,Para conocer el criterio editorial: [Ver metodología de TallerLab](/como-trabajamos/).
/hidrolavadoras/stihl/,DESCONOCIDO,revisada,no,,Para explorar la categoría: [guías relacionadas](/hidrolavadoras/).
/sierras/bosch-gks-150/,DESCONOCIDO,revisada,no,,Contrastamos ficha argentina y manual del código 0 601 6B3 0H0. La capacidad del manual se refiere al disco de 184 mm indicado.
/sierras/bosch-gks-150/,DESCONOCIDO,revisada,no,,Dato verificado | GKS 150
/sierras/bosch-gks-150/,DESCONOCIDO,revisada,no,,Potencia absorbida | 1.500 W
/sierras/bosch-gks-150/,DESCONOCIDO,revisada,no,,Disco / eje | 184 mm / 20 mm
/sierras/bosch-gks-150/,DESCONOCIDO,revisada,no,,Velocidad en vacío | 6.000 rpm
/sierras/bosch-gks-150/,DESCONOCIDO,revisada,no,,Profundidad máxima a 90° | 64 mm con disco de 184 mm
/sierras/bosch-gks-150/,DESCONOCIDO,revisada,no,,Compatible con carril guía Bosch | La ficha indica que no
/sierras/bosch-gks-150/,ANÁLISIS TALLERLAB,revisada,no,,"**Análisis TallerLab.** El dato de 64 mm responde a una condición concreta del manual: disco de 184 mm y corte perpendicular. Si tu pieza supera ese espesor, la potencia de 1.500 W no cambia el límite geométrico. El orificio de 20 mm también debe coincidir con el repuesto."
/sierras/bosch-gks-150/,DECLARACIÓN DEL FABRICANTE,revisada,no,,"**Declaración del fabricante.** Bosch lista guía paralela, llave y disco de 24 dientes en la variante argentina. Confirmá el contenido del kit al comprar. La ausencia de compatibilidad con carril guía en la ficha no impide usar una regla externa, pero exige comprobar el apoyo de la base."
/sierras/bosch-gks-150/,DESCONOCIDO,revisada,no,,"**Desconocido.** No se midió precisión, limpieza de canto ni duración de disco. Esos resultados dependen de hoja, material y ajuste. Compará con la [DWE560](/sierras/sierra-circular-dewalt-dwe560/) solo usando prestaciones publicadas para cada código."
/sierras/bosch-gks-150/,DESCONOCIDO,revisada,no,https://www.bosch-professional.com/ar/es/products/gks-150-06016B30H0,Documentación primaria:** [ficha Bosch GKS 150 Argentina](https://www.bosch-professional.com/ar/es/products/gks-150-06016B30H0); [manual Bosch GKS 150](https://www.bosch-professional.com/binary/manualsmedia/o406577v21_160992A8F5_202212.pdf).
/sierras/bosch-gks-150/,DESCONOCIDO,revisada,no,,Opiniones:** no se revisó una muestra verificable.
/sierras/caladoras-black-decker/,DESCONOCIDO,revisada,no,,Comparamos las versiones B2 de 220 V publicadas por Black+Decker Brasil. El sufijo y la tensión son parte de la identificación: no damos por trasladada la garantía brasileña a una compra argentina.
/sierras/caladoras-black-decker/,DESCONOCIDO,revisada,no,,Dato verificado | BES603-B2 | BES602-B2
/sierras/caladoras-black-decker/,DESCONOCIDO,revisada,no,,Potencia | 400 W | 400 W
/sierras/caladoras-black-decker/,DESCONOCIDO,revisada,no,,"Control de velocidad | Variable, hasta 3.000 carreras/min | La ficha informa 3.000 carreras/min"
/sierras/caladoras-black-decker/,DESCONOCIDO,revisada,no,,Profundidad máxima declarada en madera | 65 mm | 65 mm
/sierras/caladoras-black-decker/,DESCONOCIDO,revisada,no,,Profundidad máxima declarada en metal | 6 mm | 6 mm
/sierras/caladoras-black-decker/,DESCONOCIDO,revisada,no,,Sujeción de hoja | Tipo T | Tipo T
/sierras/caladoras-black-decker/,ANÁLISIS TALLERLAB,revisada,no,,"**Análisis TallerLab.** En las fichas consultadas, la diferencia funcional documentada es el control variable en la BES603. Las capacidades máximas de corte publicadas coinciden; no permiten afirmar que una máquina obtenga mejor acabado que la otra. Una menor velocidad puede ser relevante al adaptar avance y material, pero el fabricante no da en estas páginas un protocolo de comparación de resultados."
/sierras/caladoras-black-decker/,DECLARACIÓN DEL FABRICANTE,revisada,no,,**Declaración del fabricante.** Ambas fichas listan cambio de hoja sin llave. La BES603-B2 informa extracción de polvo integrada. No verificamos el caudal ni la eficacia de extracción.
/sierras/caladoras-black-decker/,DESCONOCIDO,revisada,no,,"**Desconocido.** La documentación consultada no establece si las unidades ofrecidas en Argentina tienen el mismo sufijo, kit o garantía. Antes de comprar, pedí foto de placa, código completo y tensión. Para una comparativa de capacidades de otras familias, mirá la [guía general de caladoras](/sierras/caladoras/)."
/sierras/caladoras-black-decker/,DESCONOCIDO,revisada,no,https://br.blackanddecker.global/produto/bes603-b2/serra-tico-tico-400w-220v-vvr,Documentación primaria:** [BES603-B2](https://br.blackanddecker.global/produto/bes603-b2/serra-tico-tico-400w-220v-vvr); [BES602-B2](https://br.blackanddecker.global/produto/bes602-b2/serra-tico-tico-400w-220v).
/sierras/caladoras-black-decker/,DESCONOCIDO,revisada,no,,Opiniones:** no se revisó una muestra verificable.
/sierras/caladoras-einhell/,DESCONOCIDO,revisada,no,,Las fichas argentinas permiten comparar dos modelos con cable y una versión a batería Solo; esta última se vende sin batería ni cargador.
/sierras/caladoras-einhell/,DESCONOCIDO,revisada,no,,Dato verificado | TC-JS 85 | TE-JS 100 | TC-JS 18 Li Solo
/sierras/caladoras-einhell/,DESCONOCIDO,revisada,no,,Alimentación | Cable | Cable | Batería 18 V
/sierras/caladoras-einhell/,DESCONOCIDO,revisada,no,,Potencia / velocidad máxima | 620 W / 3.000 carreras/min | 750 W / 3.000 carreras/min | 2.700 carreras/min
/sierras/caladoras-einhell/,DESCONOCIDO,revisada,no,,Corte máximo en madera | 85 mm | 100 mm | 70 mm
/sierras/caladoras-einhell/,DESCONOCIDO,revisada,no,,Corte máximo en acero | 8 mm | 10 mm | 8 mm
/sierras/caladoras-einhell/,DESCONOCIDO,revisada,no,,"Peso publicado | 1,91 kg | 2,3 kg | 1,62 kg sin batería"
/sierras/caladoras-einhell/,DESCONOCIDO,revisada,no,,Batería y cargador incluidos | — | — | No
/sierras/caladoras-einhell/,ANÁLISIS TALLERLAB,revisada,no,,"**Análisis TallerLab.** La TE-JS 100 declara 15 mm más de capacidad en madera que la TC-JS 85, y pesa 0,39 kg más. La inalámbrica TC-JS 18 Li declara 15 mm menos que la TC-JS 85 y 0,29 kg menos antes de sumar la batería. Estas restas comparan cifras de ficha; no miden velocidad ni calidad del corte."
/sierras/caladoras-einhell/,DECLARACIÓN DEL FABRICANTE,revisada,no,,**Declaración del fabricante.** La TE-JS 100 permite hojas con vástago T y U; las dos caladoras a batería incluidas en las fuentes usan vástago T. Confirmá el encastre exacto de la máquina antes de comprar hojas.
/sierras/caladoras-einhell/,DESCONOCIDO,revisada,no,,"**Desconocido.** No se midió autonomía real; dependerá de batería, carga y material. La TC-JS 18 Li Solo no trae batería/cargador, por lo que su costo de entrada cambia si todavía no tenés Power X-Change."
/sierras/caladoras-einhell/,DESCONOCIDO,revisada,no,https://www.einhell.com.ar/p/4321140-tc-js-85/,Documentación primaria:** [Einhell TC-JS 85](https://www.einhell.com.ar/p/4321140-tc-js-85/); [TE-JS 100](https://www.einhell.com.ar/p/4321160-te-js-100/); [TC-JS 18 Li Solo](https://www.einhell.com.ar/p/4321209-tc-js-18-li-solo/).
/sierras/caladoras-einhell/,DESCONOCIDO,revisada,no,,Opiniones:** no se revisó una muestra verificable.
/sierras/caladoras-skil/,DATO VERIFICADO,revisada,no,,**Dato verificado:** el catálogo de servicio distingue variantes de 127 V y 220 V para ambos códigos; una ficha técnica del 4550 documenta sus prestaciones. No completamos las del 4380 con datos de vendedores.
/sierras/caladoras-skil/,DATO VERIFICADO,revisada,no,,Dato documentado | SKIL 4380 | SKIL 4550
/sierras/caladoras-skil/,DATO VERIFICADO,revisada,no,,Código de variante 127 V | F0124380AB | F0124550AB
/sierras/caladoras-skil/,DATO VERIFICADO,revisada,no,,Código de variante 220 V | F0124380JA | F0124550JA
/sierras/caladoras-skil/,DATO VERIFICADO,revisada,no,,Potencia documentada | Desconocida en las fuentes consultadas | 550 W
/sierras/caladoras-skil/,DATO VERIFICADO,revisada,no,,Velocidad documentada | Desconocida | 800–3.000 carreras/min
/sierras/caladoras-skil/,DATO VERIFICADO,revisada,no,,"Acción pendular | Desconocida | 3 posiciones, según ficha técnica"
/sierras/caladoras-skil/,ANÁLISIS TALLERLAB,revisada,no,,"**Análisis TallerLab.** La primera comprobación útil de una oferta argentina es la terminación del código: el catálogo de servicio diferencia 127 V de 220 V con sufijos distintos. La ficha de SKIL 4550 especifica capacidades, pero no transferimos sus prestaciones a la 4380 solo porque ambos sean modelos de caladora."
/sierras/caladoras-skil/,DESCONOCIDO,revisada,no,,**Desconocido.** No hallamos una ficha primaria actual que confirme potencia y capacidad máxima de corte de la 4380. Por eso retiramos las cifras del borrador que no pudimos verificar. La hoja también debe coincidir con el vástago de la variante y con el uso indicado por su fabricante.
/sierras/caladoras-skil/,DESCONOCIDO,revisada,no,https://www.bosch-professional.com/br/media/country_content/service/after_sales_service/catalogues/catalogo_reposicao2_verso_final.pdf,Documentación primaria:** [catálogo Bosch/Skil de repuestos con variantes 4380 y 4550](https://www.bosch-professional.com/br/media/country_content/service/after_sales_service/catalogues/catalogo_reposicao2_verso_final.pdf); [ficha técnica SKIL 4550 de Robert Bosch LLC](https://www.grainger.com.mx/static/ft/20028399_TD.PDF).
/sierras/caladoras-skil/,DESCONOCIDO,revisada,no,,Opiniones:** no se revisó una muestra verificable.
/sierras/caladoras/,DATO VERIFICADO,revisada,no,,"**Dato verificado:** los límites de corte de la tabla aparecen en las fichas oficiales enlazadas. Son capacidades declaradas por sus fabricantes, no espesores recomendados para cualquier hoja, material o acabado."
/sierras/caladoras/,DATO VERIFICADO,revisada,no,,Modelo documentado | Madera máxima | Acero máximo | Alimentación
/sierras/caladoras/,DATO VERIFICADO,revisada,no,,"Black+Decker BES603-B2 | 65 mm | 6 mm | 400 W, cable, 220 V"
/sierras/caladoras/,DATO VERIFICADO,revisada,no,,"Einhell TC-JS 85 | 85 mm | 8 mm | 620 W, cable"
/sierras/caladoras/,DATO VERIFICADO,revisada,no,,"Einhell TE-JS 100 | 100 mm | 10 mm | 750 W, cable"
/sierras/caladoras/,ANÁLISIS TALLERLAB,revisada,no,,"**Análisis TallerLab.** La tabla ordena las capacidades máximas de menor a mayor; entre BES603-B2 y TE-JS 100 la diferencia declarada es 35 mm en madera y 4 mm en acero. No significa que una caladora sea “mejor”: las capacidades pueden variar con hoja, geometría, material y condiciones del fabricante. Medí el espesor real y buscá una hoja indicada para él."
/sierras/caladoras/,DESCONOCIDO,revisada,no,,"Antes de comparar precios, comprobá si la caladora permite regular velocidad, si tiene movimiento pendular, qué vástago acepta (T o U) y qué incluye la caja. No atribuyas 100 mm de capacidad a toda caladora de 750 W: la cifra de la tabla pertenece al código TE-JS 100 documentado."
/sierras/caladoras/,DESCONOCIDO,revisada,no,,"**Desconocido.** Esta guía no prueba los modelos ni cubre caladoras de banco. Tampoco presenta una capacidad universal para MDF, melamina o aluminio: las fichas enlazadas no publican los mismos materiales y protocolos en todos los casos."
/sierras/caladoras/,DESCONOCIDO,revisada,no,https://br.blackanddecker.global/produto/bes603-b2/serra-tico-tico-400w-220v-vvr,Documentación primaria:** [Black+Decker BES603-B2](https://br.blackanddecker.global/produto/bes603-b2/serra-tico-tico-400w-220v-vvr); [Einhell TC-JS 85](https://www.einhell.com.ar/p/4321140-tc-js-85/); [Einhell TE-JS 100](https://www.einhell.com.ar/p/4321160-te-js-100/).
/sierras/caladoras/,DESCONOCIDO,revisada,no,,Opiniones:** no se revisó una muestra verificable.
/sierras/circulares-black-decker/,DESCONOCIDO,revisada,no,,"Comparamos CS1004B2 de 220 V con CS1024-BR de 127 V, según fichas oficiales regionales. Es una comparación de códigos, no una recomendación de conectar una variante de 127 V a la red argentina."
/sierras/circulares-black-decker/,DESCONOCIDO,revisada,no,,Dato verificado | CS1004B2 | CS1024-BR
/sierras/circulares-black-decker/,DESCONOCIDO,revisada,no,,Tensión indicada | 220 V | 127 V
/sierras/circulares-black-decker/,DESCONOCIDO,revisada,no,,Potencia anunciada | 1.400 W | 1.500 W
/sierras/circulares-black-decker/,DESCONOCIDO,revisada,no,,Disco anunciado | 184 mm (7-1/4 in) | 184 mm (7-1/4 in)
/sierras/circulares-black-decker/,DESCONOCIDO,revisada,no,,Hoja incluida | 18 dientes | 18 dientes
/sierras/circulares-black-decker/,DESCONOCIDO,revisada,no,,Garantía publicada en la ficha regional | 1 año | 1 año
/sierras/circulares-black-decker/,ANÁLISIS TALLERLAB,revisada,no,,"**Análisis TallerLab.** El modelo CS1024 anuncia 100 W más, pero su ficha es para 127 V. La CS1004B2 indica 220 V, por lo que es el código eléctricamente coincidente con una red nominal argentina de 220 V. No traslades otras prestaciones de un código regional al otro."
/sierras/circulares-black-decker/,DATO VERIFICADO,revisada,no,,"**Dato verificado.** Black+Decker lista un disco de accesorio 71-727 de 184 mm, agujero 5/8 in, compatible con CS1004 y CS1024. Para la variante argentina concreta, contrastá el diámetro interior y la placa/manual antes de comprar; el modelo del accesorio no reemplaza esa comprobación."
/sierras/circulares-black-decker/,DESCONOCIDO,revisada,no,,**Desconocido.** Las fichas brasileñas consultadas no documentan profundidad máxima ni peso para ambos códigos. No afirmamos que CS1004B2 sea idéntico a todas las versiones vendidas localmente.
/sierras/circulares-black-decker/,DESCONOCIDO,revisada,no,https://br.blackanddecker.global/produto/cs1004b2/serra-circular-7-14-184mm-1400w-220v,"Documentación primaria:** [CS1004B2, 220 V](https://br.blackanddecker.global/produto/cs1004b2/serra-circular-7-14-184mm-1400w-220v); [CS1024-BR, 127 V](https://br.blackanddecker.global/produto/cs1024-br/serra-circular-7-14-184mm-1500w-127v); [disco 71-727 y compatibilidad publicada](https://br.blackanddecker.global/produto/71-727/disco-para-serra-circular)."
/sierras/circulares-black-decker/,DESCONOCIDO,revisada,no,,Opiniones:** no se revisó una muestra verificable.
/sierras/circulares-lusqtoff/,DESCONOCIDO,revisada,no,,La ficha vigente muestra SCL2200-8; su manual descargable conserva el orden CSL2200-8. También difieren el peso declarado y la medida del disco en el título y el detalle. Registramos esas discrepancias en lugar de mezclarlas.
/sierras/circulares-lusqtoff/,DESCONOCIDO,revisada,no,,Dato verificado | CSL1500-8 | SCL2200-8
/sierras/circulares-lusqtoff/,DESCONOCIDO,revisada,no,,Potencia / tensión | 1.500 W / 220 V | 2.200 W / 220 V
/sierras/circulares-lusqtoff/,DESCONOCIDO,revisada,no,,Diámetro máximo publicado | 185 mm | Título: 230 mm; detalle/manual: 235 mm
/sierras/circulares-lusqtoff/,DESCONOCIDO,revisada,no,,Velocidad en vacío | 5.500 rpm | 4.100 rpm
/sierras/circulares-lusqtoff/,DESCONOCIDO,revisada,no,,"Profundidad a 90° / 45° | 63,5 / 46 mm | 84 / 56 mm"
/sierras/circulares-lusqtoff/,DESCONOCIDO,revisada,no,,"Peso publicado | 4,40 kg | Ficha actual: 4,75 kg; manual: 16 kg"
/sierras/circulares-lusqtoff/,ANÁLISIS TALLERLAB,revisada,no,,"**Análisis TallerLab.** Según las fichas actuales, SCL2200-8 declara 20,5 mm más de profundidad a 90° que CSL1500-8. El detalle y manual informan disco máximo de 235 mm, aunque el título de ficha dice 230 mm. La ficha actual informa 4,75 kg; el manual asociado declara 16 kg, y llama al equipo CSL2200-8. Al existir discrepancias en código, peso y título de diámetro, no usamos esos valores para asegurar compatibilidad de repuestos: pedí una foto de placa y confirmación escrita del fabricante/vende"
/sierras/circulares-lusqtoff/,DESCONOCIDO,revisada,no,,"El disco de 235 mm no entra en una sierra que admite 185 mm. Además de diámetro, verificá eje, RPM máximas, espesor y guarda. La ficha de CSL1500-8 especifica eje de 20 mm en el accesorio circular compatible enlazado; no trasladamos ese eje al modelo mayor sin una fuente específica."
/sierras/circulares-lusqtoff/,DESCONOCIDO,revisada,sí,,"**Desconocido.** No probamos calidad de corte, calentamiento ni compatibilidad real de discos de terceros."
/sierras/circulares-lusqtoff/,DESCONOCIDO,revisada,no,https://www.lusqtoff.com.ar/ver-producto/CSL1500-8,Documentación primaria:** [ficha Lusqtoff CSL1500-8](https://www.lusqtoff.com.ar/ver-producto/CSL1500-8); [manual CSL1500-8](https://www.lusqtoff.com.ar/2023/uploads/Productos/11.%20HERRAMIENTAS%20EL%C3%89CTRICAS%20DE%20MANO/CSL1500-8/CSL1500-8.pdf); [ficha SCL2200-8](https://lusqtoff.com.ar/ver-producto/SCL2200-8); [manual SCL/CSL2200-8](https://lusqtoff.com.ar/2023/uploads/Productos/11.%20HERRAMIENTAS%20EL%C3%89CTRICAS%20DE%20MANO/SCL2200-8/SCL2200-8.pdf).
/sierras/circulares-lusqtoff/,DESCONOCIDO,revisada,no,,Opiniones:** no se revisó una muestra verificable.
/sierras/circulares/,DATO VERIFICADO,revisada,no,,**Dato verificado:** la matriz resume medidas que aparecen en manuales y fichas oficiales de estos tres modelos; no es una prueba comparativa. Muestra por qué el nombre comercial en pulgadas no basta para elegir disco o capacidad.
/sierras/circulares/,DATO VERIFICADO,revisada,no,,Modelo exacto | Disco máximo documentado | Corte a 90° documentado | Eje/documentación
/sierras/circulares/,DATO VERIFICADO,revisada,no,,Stanley SC16-AR | 190 mm en manual; ficha comercial indica 180 mm | 65 mm en manual | 16 mm en manual
/sierras/circulares/,DATO VERIFICADO,revisada,no,,Bosch GKS 150 | 184 mm | 64 mm | 20 mm
/sierras/circulares/,DATO VERIFICADO,revisada,no,,"Lüsqtoff CSL1500-8 | 185 mm | 63,5 mm | Verificar manual y placa para el eje"
/sierras/circulares/,ANÁLISIS TALLERLAB,revisada,no,,"**Análisis TallerLab.** El mayor corte a 90° de esta tabla es 65 mm y el menor 63,5 mm: una diferencia de 1,5 mm entre los valores publicados de modelos distintos. No alcanza para concluir cuál corta más rápido o con mejor terminación. En la SC16-AR, además, el manual y la página comercial dan 190 y 180 mm para el disco; por seguridad, no resuelvas esa diferencia por conversión de pulgadas."
/sierras/circulares/,DESCONOCIDO,revisada,no,,"Al elegir, anotá por separado: espesor máximo de la pieza, disco admitido por la máquina, diámetro del eje y RPM máximas del disco. El diámetro comercial (7-1/4 in) no es una medida de profundidad de corte ni confirma compatibilidad."
/sierras/circulares/,DESCONOCIDO,revisada,sí,,"**Desconocido.** No existe una “potencia adecuada” universal por material en las fuentes comparadas. La guía no califica corte, durabilidad ni precisión."
/sierras/circulares/,DESCONOCIDO,revisada,no,https://www.toolservicenet.com/i/STANLEY/GLOBALBOM/B3/SC16D2/1/Instruction_Manual/EN/N611276_SC16_T1_LAG.pdf,Documentación primaria:** [manual y ficha Stanley SC16-AR](https://www.toolservicenet.com/i/STANLEY/GLOBALBOM/B3/SC16D2/1/Instruction_Manual/EN/N611276_SC16_T1_LAG.pdf) y [página comercial](https://ar.stanleytools.global/producto/sc16-ar/sierra-circular-7-14-pulg-180mm-1600w); [manual Bosch GKS 150](https://www.bosch-professional.com/binary/manualsmedia/o406577v21_160992A8F5_202212.pdf); [ficha Lusqtoff CSL1500-8](https://www.lusqtoff.com.ar/ver-producto/CSL1500-8).
/sierras/circulares/,DESCONOCIDO,revisada,no,,Opiniones:** no se revisó una muestra verificable.
/sierras/de-banco-einhell/,DESCONOCIDO,revisada,no,,"La descripción histórica mencionaba la TE-CC 250 UF; esta comparativa se limita a dos códigos actuales con fichas argentinas accesibles, para no mantener afirmaciones sin respaldo."
/sierras/de-banco-einhell/,DESCONOCIDO,revisada,no,,Dato verificado | TC-TS 2025/2 U (4340490) | TC-TS 2225 U (4340515)
/sierras/de-banco-einhell/,DESCONOCIDO,revisada,no,,"Hoja | 250 × 30 mm, 24 dientes | 254 mm, 48 dientes"
/sierras/de-banco-einhell/,DESCONOCIDO,revisada,no,,Potencia publicada | 1.800 W S1 / 2.000 W S6 | 2.200 W S6
/sierras/de-banco-einhell/,DESCONOCIDO,revisada,no,,Velocidad en vacío | 5.000 rpm | 4.250 rpm
/sierras/de-banco-einhell/,DESCONOCIDO,revisada,no,,Altura de corte a 90° / 45° | 85 / 65 mm | 80 / 55 mm
/sierras/de-banco-einhell/,DESCONOCIDO,revisada,no,,"Peso | 19,24 kg | 22,09 kg"
/sierras/de-banco-einhell/,ANÁLISIS TALLERLAB,revisada,no,,"**Análisis TallerLab.** La TC-TS 2025/2 U declara 5 mm más de altura a 90° y 10 mm más a 45°, con 2,85 kg menos. La 2225 U trae hoja de 48 dientes frente a 24 en la 2025/2 U. Esos datos describen configuración y capacidad, no la calidad del acabado: para reemplazar hoja se requiere respetar diámetro, eje, velocidad y uso indicado."
/sierras/de-banco-einhell/,DESCONOCIDO,revisada,no,,"Las cifras de potencia usan condiciones distintas (S1 frente a S6 en una misma ficha, y S6 en la otra). Por eso no ordenamos el rendimiento con una resta simple de watts. Ambas fichas indican tope paralelo, aspiración y hoja de 250/254 mm; la fijación del tope de la 2225 U se publica adelante y atrás."
/sierras/de-banco-einhell/,DESCONOCIDO,revisada,no,,"**Desconocido.** No medimos paralelismo, vibración ni tolerancia de corte. El borrador refería a la TE-CC 250 UF, que no forma parte de esta comparación revisada."
/sierras/de-banco-einhell/,DESCONOCIDO,revisada,no,https://www.einhell.com.ar/p/4340490-tc-ts-2025-2-u/,Documentación primaria:** [TC-TS 2025/2 U](https://www.einhell.com.ar/p/4340490-tc-ts-2025-2-u/); [TC-TS 2225 U](https://www.einhell.com.ar/p/4340515-tc-ts-2225-u/); [catálogo Einhell con alturas publicadas](https://www.einhell.com.ar/fileadmin/corporate-media/services/catalogues/pdf-es/einhell-services-catalogues-complete-assortment-2022-es.pdf).
/sierras/de-banco-einhell/,DESCONOCIDO,revisada,no,,Opiniones:** no se revisó una muestra verificable.
/sierras/de-banco-lusqtoff/,DATO VERIFICADO,revisada,no,,"Las fichas actuales y un catálogo de Lüsqtoff no expresan de igual modo la potencia y el disco de SML2000-8. Registramos la diferencia sin resolverla por suposición. **Dato verificado** significa aquí que la cifra aparece en el documento citado, no que haya sido medida por TallerLab."
/sierras/de-banco-lusqtoff/,DATO VERIFICADO,revisada,no,,Dato publicado | SML2000-8 | SML2000-9 | SML2000B-9
/sierras/de-banco-lusqtoff/,DATO VERIFICADO,revisada,no,,Potencia anunciada en ficha | 2.000 W | 1.800 W de entrada; 2.000 W máx. S6 | 2.000 W máx.
/sierras/de-banco-lusqtoff/,DATO VERIFICADO,revisada,no,,Diámetro en ficha | 255 mm | 255 mm | 255 mm
/sierras/de-banco-lusqtoff/,DATO VERIFICADO,revisada,no,,Corte a 90° | 85 mm | 85 mm | 85 mm
/sierras/de-banco-lusqtoff/,DATO VERIFICADO,revisada,no,,"Peso publicado | 21,5 kg | 23 kg | 19,6 kg"
/sierras/de-banco-lusqtoff/,ANÁLISIS TALLERLAB,revisada,no,,"**Análisis TallerLab.** El catálogo 2024–2025 describe la SML2000-8 con 1.800 W de entrada y 2.000 W máximos S6 25 %, además de disco de 250 mm, mientras la ficha web anuncia 2.000 W y 255 mm. Son documentos del mismo fabricante con cifras distintas. Una diferencia de 5 mm en el disco afecta la compra de repuestos: pedí foto de la placa, manual y disco de la unidad ofrecida."
/sierras/de-banco-lusqtoff/,DESCONOCIDO,revisada,no,,"La SML2000-9 publica 60 mm a 45°; la SML2000B-9, 55 mm. Si hacés cortes inclinados en madera gruesa, esa diferencia publicada de 5 mm importa más que comparar solo el nombre comercial."
/sierras/de-banco-lusqtoff/,DESCONOCIDO,revisada,sí,,"**Desconocido.** No probamos estabilidad de mesa, precisión de guía ni duración. Tampoco afirmamos que las potencias con distinta condición S6 sean directamente comparables."
/sierras/de-banco-lusqtoff/,DESCONOCIDO,revisada,no,https://lusqtoff.com.ar/ver-producto/SML2000-8,Documentación primaria:** [SML2000-8](https://lusqtoff.com.ar/ver-producto/SML2000-8); [SML2000-9](https://lusqtoff.com.ar/ver-producto/SML2000-9); [SML2000B-9](https://lusqtoff.com.ar/ver-producto/SML2000B-9); [catálogo Lüsqtoff 2024–2025](https://www.lusqtoff.com.ar/2023/uploads/Catalogos/CAT%C3%81LOGO%20LQ%202024-2025%20-%20web%20%281%29.pdf).
/sierras/de-banco-lusqtoff/,DESCONOCIDO,revisada,no,,Opiniones:** no se revisó una muestra verificable.
/sierras/de-banco/,DATO VERIFICADO,revisada,no,,"**Dato verificado:** comparamos dos fichas oficiales de equipos de banco y hoja cercana a 250 mm. Sirve para dimensionar pieza y espacio; no mide seguridad, estabilidad ni precisión real."
/sierras/de-banco/,DATO VERIFICADO,revisada,no,,Criterio de decisión | Einhell TC-TS 2025/2 U | Lüsqtoff SML2000-8
/sierras/de-banco/,DATO VERIFICADO,revisada,no,,Hoja | 250 × 30 mm | 255 × 30 mm
/sierras/de-banco/,DATO VERIFICADO,revisada,no,,Corte máximo publicado a 90° / 45° | 85 / 65 mm | 85 / 65 mm
/sierras/de-banco/,DATO VERIFICADO,revisada,no,,"Peso publicado | 19,24 kg | 21,5 kg"
/sierras/de-banco/,DATO VERIFICADO,revisada,no,,Extensiones informadas | 165 mm a cada lado | 165 mm de ancho adicional a izquierda y derecha
/sierras/de-banco/,DATO VERIFICADO,revisada,no,,"Guía / accesorio declarado | Tope paralelo y tope angular | Regla lateral, compás, guarda y barra de empuje"
/sierras/de-banco/,ANÁLISIS TALLERLAB,revisada,no,,"**Análisis TallerLab.** Las fichas declaran la misma altura máxima a 90° y 45°. El disco Lüsqtoff es 5 mm mayor de diámetro y el conjunto pesa 2,26 kg más. No deducimos por eso mayor rigidez ni mejor acabado. La diferencia crítica para comprar repuesto está en el diámetro: hojas de 250 y 255 mm no son intercambiables si exceden el máximo admitido por la máquina."
/sierras/de-banco/,DESCONOCIDO,revisada,no,,"Antes de decidir, medí la pieza más alta, el ancho a rasgar y el espacio disponible para apoyar la tabla. Confirmá si la extensión suma superficie de apoyo o capacidad de corte y qué accesorios vienen efectivamente en caja. No uses una mesa extensible como sustituto de soportes adecuados para piezas largas."
/sierras/de-banco/,DESCONOCIDO,revisada,no,,"**Seguridad.** OSHA describe resguardos autoajustables, bastón de empuje para piezas pequeñas y manos fuera de la línea de corte para sierras de mesa en su guía laboral estadounidense. Es una referencia técnica general, no una norma argentina ni reemplaza el manual del equipo."
/sierras/de-banco/,DESCONOCIDO,revisada,no,https://www.einhell.com.ar/p/4340490-tc-ts-2025-2-u/,Documentación primaria:** [Einhell TC-TS 2025/2 U](https://www.einhell.com.ar/p/4340490-tc-ts-2025-2-u/); [Lüsqtoff SML2000-8](https://lusqtoff.com.ar/ver-producto/SML2000-8); [OSHA: resguardos para sierras de mesa](https://www.osha.gov/etools/machine-guarding/saws/table).
/sierras/de-banco/,DESCONOCIDO,revisada,no,,Opiniones:** no se revisó una muestra verificable.
/sierras/disco-para-sierra-circular/,DESCONOCIDO,revisada,no,,"Una hoja se elige por cuatro límites de compatibilidad antes de mirar cantidad de dientes: máquina, agujero, velocidad y aplicación documentada."
/sierras/disco-para-sierra-circular/,DESCONOCIDO,revisada,no,,Comprobación | Ejemplo de ficha | Qué validar en tu máquina
/sierras/disco-para-sierra-circular/,DESCONOCIDO,revisada,no,,Diámetro | Bosch publica variantes de 184 y 190 mm | El diámetro máximo permitido y la guarda
/sierras/disco-para-sierra-circular/,DESCONOCIDO,revisada,no,,Eje (calibre) | 20 mm en Bosch GKS 150; 5/8 in en B+D 71-727 | Medida de eje y buje exactos
/sierras/disco-para-sierra-circular/,DESCONOCIDO,revisada,no,,Velocidad máxima del disco | Bosch lista límites de RPM por variante | Que la máquina no supere ese límite
/sierras/disco-para-sierra-circular/,DESCONOCIDO,revisada,no,,Dientes / geometría | Bosch publica opciones ATB y TCG | Material y tipo de corte indicado
/sierras/disco-para-sierra-circular/,ANÁLISIS TALLERLAB,revisada,no,,"**Análisis TallerLab.** El diámetro y el eje son condiciones de montaje; la velocidad máxima es una condición de operación. Un buje reductor solo resuelve la diferencia de agujero cuando el fabricante del disco lo permite: no corrige diámetro externo incompatible, espesor inadecuado o velocidad nominal insuficiente."
/sierras/disco-para-sierra-circular/,DESCONOCIDO,revisada,sí,,"Para ver cómo cambia una especificación sin generalizar, Bosch lista una hoja 254 × 30 mm, 24 dientes ATB, 6.000 rpm máximas, y otra variante de 254 mm con 80 dientes TCG y agujero de 16 mm, también con límite de 6.000 rpm. No es prueba de que ATB o TCG siempre sean la mejor opción para un material; seguí la aplicación indicada para cada producto."
/sierras/disco-para-sierra-circular/,DATO VERIFICADO,revisada,no,,"**Dato verificado.** Black+Decker identifica su disco 71-727 como 7-1/4 in, agujero 5/8 in y compatible con CS1004 y CS1024. Para Stanley SC16-AR el manual da un eje de 16 mm; no tomes el disco B+D como compatible."
/sierras/disco-para-sierra-circular/,DESCONOCIDO,revisada,no,,**Desconocido.** No ensayamos cortes ni recomendamos un número universal de dientes por material.
/sierras/disco-para-sierra-circular/,DESCONOCIDO,revisada,no,https://www.bosch-professional.com/ar/es/hoja-de-sierra-circular-pro-wood-a-cable-para-sierras-ingletadoras-3089783-ocs-ac/,Documentación primaria:** [Bosch PRO Wood 254 mm](https://www.bosch-professional.com/ar/es/hoja-de-sierra-circular-pro-wood-a-cable-para-sierras-ingletadoras-3089783-ocs-ac/); [Bosch PRO Multi Material 254 mm](https://www.bosch-professional.com/ar/es/hoja-de-sierra-circular-a-cable-pro-multi-material-para-sierras-ingletadoras-3089785-ocs-ac/); [disco B+D 71-727](https://br.blackanddecker.global/produto/71-727/disco-para-serra-circular); [manual Stanley SC16](https://www.toolservicenet.com/i/STAN
/sierras/disco-para-sierra-circular/,DESCONOCIDO,revisada,no,,Opiniones:** no se revisó una muestra verificable.
/sierras/guia-para-sierra-circular/,DATO VERIFICADO,revisada,no,,**Dato verificado:** las páginas de fabricante enumeran compatibilidad por modelo. Una ranura o una base que parece similar no demuestra que encastre con un riel de otra marca.
/sierras/guia-para-sierra-circular/,DATO VERIFICADO,revisada,no,,Sistema | Qué documenta la fuente | Para qué decisión sirve
/sierras/guia-para-sierra-circular/,DATO VERIFICADO,revisada,no,,"Tope paralelo | Bosch lista topes compatibles con familias y modelos específicos | Cortes paralelos a un borde, dentro del alcance del tope"
/sierras/guia-para-sierra-circular/,DATO VERIFICADO,revisada,no,,Riel guía | Bosch declara modelos GKS compatibles con FSN; otra sierra puede declarar explícitamente que no es compatible | Cortes rectos guiados sobre un carril del sistema indicado
/sierras/guia-para-sierra-circular/,DATO VERIFICADO,revisada,no,,Regla externa sujeta | No es un accesorio propietario de la sierra | Alternativa que requiere medir el desplazamiento entre borde de base y hoja
/sierras/guia-para-sierra-circular/,ANÁLISIS TALLERLAB,revisada,no,,"**Análisis TallerLab.** La [Bosch GKS 150](/sierras/bosch-gks-150/) declara “no” para carril guía en su ficha. La página Bosch para GKS 18V-57 G declara compatibilidad con carriles Bosch, Mafell, Festool y Makita. Eso demuestra que la compatibilidad es específica de modelo/sistema; no prueba que cualquier carril de esas marcas funcione con cualquier sierra."
/sierras/guia-para-sierra-circular/,DESCONOCIDO,revisada,no,,"Si usás regla externa, medí la distancia entre el borde apoyado de la base y el lado de la hoja que define el corte, y sumá esa medida al marcado. Sujetá la regla y probá el ajuste con la máquina desconectada. Para un tope paralelo, revisá el modelo de accesorio en la lista oficial de compatibilidad."
/sierras/guia-para-sierra-circular/,DESCONOCIDO,revisada,no,,"**Desconocido.** No medimos desviación, repetibilidad ni calidad del borde con guías de terceros. No afirmamos que una guía “universal” encaje sin verificar su manual."
/sierras/guia-para-sierra-circular/,DESCONOCIDO,revisada,no,https://www.bosch-professional.com/es/es/products/gks-18v-57-g-06016A2101,Documentación primaria:** [compatibilidad de carriles Bosch GKS 18V-57 G](https://www.bosch-professional.com/es/es/products/gks-18v-57-g-06016A2101); [compatibilidad de topes paralelos Bosch](https://www.bosch-professional.com/es/es/guias-paralelas-para-sierras-circulares-portatiles-2869030-ocs-ac); [ficha Bosch GKS 150](https://www.bosch-professional.com/ar/es/products/gks-150-06016B30H0).
/sierras/guia-para-sierra-circular/,DESCONOCIDO,revisada,no,,Opiniones:** no se revisó una muestra verificable.
/sierras/ingletadoras-dewalt/,DATO VERIFICADO,revisada,no,,**Dato verificado:** comparamos las capacidades y características que DeWalt publica para DWS713 y DWS780 en su catálogo estadounidense. No asumimos disponibilidad ni compatibilidad eléctrica local.
/sierras/ingletadoras-dewalt/,DATO VERIFICADO,revisada,no,,Dato publicado | DWS713 | DWS780
/sierras/ingletadoras-dewalt/,DATO VERIFICADO,revisada,no,,"Diseño | Fija, bisel simple | Deslizante, doble bisel"
/sierras/ingletadoras-dewalt/,DATO VERIFICADO,revisada,no,,Disco | 10 in (254 mm) | 12 in (305 mm)
/sierras/ingletadoras-dewalt/,DATO VERIFICADO,revisada,no,,Capacidad a 90° | Madera 2 × 6 in | Madera 2 × 14 in
/sierras/ingletadoras-dewalt/,DATO VERIFICADO,revisada,no,,Capacidad a 45° | Madera 2 × 4 in | Madera 2 × 10 in
/sierras/ingletadoras-dewalt/,DATO VERIFICADO,revisada,no,,Bisel | 0–48° izquierda; 0–3° derecha | 49° izquierda y derecha
/sierras/ingletadoras-dewalt/,ANÁLISIS TALLERLAB,revisada,no,,"**Análisis TallerLab.** En las capacidades publicadas a 90°, DWS780 agrega 8 in de ancho nominal frente a DWS713; a 45°, agrega 6 in. Es una diferencia de ficha y no una prueba de corte. El carro deslizante y el disco mayor son relevantes si la pieza supera el límite del modelo fijo; si no, agregan volumen sin resolver una necesidad de capacidad."
/sierras/ingletadoras-dewalt/,DECLARACIÓN DEL FABRICANTE,revisada,no,,**Declaración del fabricante.** DeWalt ofrece DWS780 con sistema XPS de alineación de línea de corte; DWS713 utiliza topes de inglete y bisel simple. No medimos precisión de ninguno.
/sierras/ingletadoras-dewalt/,DESCONOCIDO,revisada,no,,"**Desconocido.** La fuente estadounidense lista DWS779 como discontinuada. Los códigos DWS713 y DWS780 consultados no son una validación de venta argentina; verificá placa, tensión, garantía y manual del producto ofrecido. El DWS780 de la ficha consultada indica 110 V."
/sierras/ingletadoras-dewalt/,DESCONOCIDO,revisada,no,https://www.dewalt.com/en-us/product/dws713/15a-10-single-bevel-compound-miter-saw,"Documentación primaria:** [DeWalt DWS713](https://www.dewalt.com/en-us/product/dws713/15a-10-single-bevel-compound-miter-saw); [DeWalt DWS780](https://www.dewalt.com/en-us/product/dws780/12-double-bevel-sliding-compound-miter-saw); [catálogo DeWalt de ingletadoras, con estado de DWS779](https://www.dewalt.com/en-us/products/power-tools/saws/miter-saws)."
/sierras/ingletadoras-dewalt/,DESCONOCIDO,revisada,no,,Opiniones:** no se usaron las reseñas visibles en las páginas de producto.
/sierras/ingletadoras-einhell/,DESCONOCIDO,revisada,no,,Comparamos códigos argentinos exactos TC-MS 2112 y TC-SM 2131/2 Dual. La variante TC-SM no es la TE-SM 2131 Dual de la descripción histórica; son productos distintos.
/sierras/ingletadoras-einhell/,DESCONOCIDO,revisada,no,,Dato verificado | TC-MS 2112 (4300295) | TC-SM 2131/2 Dual (4300390)
/sierras/ingletadoras-einhell/,DESCONOCIDO,revisada,no,,Mecanismo | Fijo | Deslizante
/sierras/ingletadoras-einhell/,DESCONOCIDO,revisada,no,,Disco | 210 mm | 210 mm
/sierras/ingletadoras-einhell/,DESCONOCIDO,revisada,no,,Ancho a 90° | 120 mm | 310 mm
/sierras/ingletadoras-einhell/,DESCONOCIDO,revisada,no,,Ancho a 45° | 80 mm | 210 mm
/sierras/ingletadoras-einhell/,DESCONOCIDO,revisada,no,,Profundidad a 90° | 55 mm | 62 mm
/sierras/ingletadoras-einhell/,DESCONOCIDO,revisada,no,,"Peso | 7,1 kg | 11 kg"
/sierras/ingletadoras-einhell/,DESCONOCIDO,revisada,no,,Potencia publicada | 1.600 W S6 40 % | 1.500 W S1 / 1.800 W S2
/sierras/ingletadoras-einhell/,ANÁLISIS TALLERLAB,revisada,no,,"**Análisis TallerLab.** La deslizante admite, según ficha, 190 mm más de ancho a 90° y 130 mm más a 45°. Pesa 3,9 kg más. Si tus piezas no superan 120 mm a 90°, esa mayor capacidad puede no justificar espacio y costo. Los watts no se comparan sin atender a S1, S2 y S6: son condiciones de servicio diferentes."
/sierras/ingletadoras-einhell/,DECLARACIÓN DEL FABRICANTE,revisada,no,,"**Declaración del fabricante.** Einhell anuncia inclinación a ambos lados en la TC-SM 2131/2 Dual; la TC-MS 2112 inclina hacia la izquierda. Confirmá el código 4300390 en la oferta, ya que el nombre TE-SM 2131 Dual refiere a otra variante."
/sierras/ingletadoras-einhell/,DESCONOCIDO,revisada,sí,,"**Desconocido.** No probamos exactitud de ángulos, aspiración ni calidad del disco incluido."
/sierras/ingletadoras-einhell/,DESCONOCIDO,revisada,no,https://www.einhell.com.ar/p/4300295-tc-ms-2112/,Documentación primaria:** [TC-MS 2112](https://www.einhell.com.ar/p/4300295-tc-ms-2112/); [TC-SM 2131/2 Dual](https://www.einhell.com.ar/p/4300390-tc-sm-2131-2-dual/).
/sierras/ingletadoras-einhell/,DESCONOCIDO,revisada,no,,Opiniones:** no se revisó una muestra verificable.
/sierras/ingletadoras-total/,DESCONOCIDO,revisada,no,,La tabla compara dos códigos incluidos en el catálogo TOTAL 2026. El borrador mezclaba el TS42182552 con una supuesta versión deslizante; mantenemos los modelos que aparecen identificados en documentación técnica.
/sierras/ingletadoras-total/,DESCONOCIDO,revisada,no,,Dato verificado en catálogo | TS42142107 | TS42182553
/sierras/ingletadoras-total/,DESCONOCIDO,revisada,no,,Potencia | 1.400 W | 1.800 W
/sierras/ingletadoras-total/,DESCONOCIDO,revisada,no,,"Disco / eje | 210 × 25,4 mm | 254 × 30 mm"
/sierras/ingletadoras-total/,DESCONOCIDO,revisada,no,,Capacidad máxima a 90° | 60 × 120 mm | 75 × 130 mm
/sierras/ingletadoras-total/,DESCONOCIDO,revisada,no,,"Peso publicado | 7,4 kg | 17,3 kg"
/sierras/ingletadoras-total/,DESCONOCIDO,revisada,no,,Ajuste de inglete | 45° a izquierda y derecha | 52° a izquierda y derecha
/sierras/ingletadoras-total/,DESCONOCIDO,revisada,no,,Bisel | 45° a izquierda | 45° a izquierda
/sierras/ingletadoras-total/,ANÁLISIS TALLERLAB,revisada,no,,"**Análisis TallerLab.** La TS42182553 publica 15 mm más de altura y 10 mm más de ancho máximo a 90°; su peso de catálogo supera al de TS42142107 en 9,9 kg. Son dos escalas y capacidades distintas. El disco de 254 mm no es reemplazo del de 210 mm y los ejes también difieren: 30 frente a 25,4 mm."
/sierras/ingletadoras-total/,DESCONOCIDO,revisada,no,,"**Desconocido.** El catálogo no confirma stock, kit o garantía de estos códigos en Argentina. No identificamos aquí una ficha primaria cotejada para la TS42182557 que figuraba en el borrador; no la tratamos como telescópica ni le atribuimos especificaciones. Pedí foto de placa y manual de la oferta concreta."
/sierras/ingletadoras-total/,DESCONOCIDO,revisada,no,https://amig.es/export_fr/downloadcatalogues/download?id=TOTAL+2026+FR.pdf&type=Catalogues+et+brochures,"Documentación primaria:** [catálogo TOTAL 2026, códigos TS42142107 y TS42182553](https://amig.es/export_fr/downloadcatalogues/download?id=TOTAL+2026+FR.pdf&type=Catalogues+et+brochures); [ficha técnica regional TS42182552, con capacidad publicada](https://totalmalaysia.my/ts42182552-mitre-saw/) — se incluye para distinguir el código similar, no como sustituto del 2553."
/sierras/ingletadoras-total/,DESCONOCIDO,revisada,no,,Opiniones:** no se revisó una muestra verificable.
/sierras/ingletadoras/,DATO VERIFICADO,revisada,no,,La capacidad publicada de dos máquinas Einhell con disco de 210 mm muestra cuánto cambia el ancho útil al incorporar un carro deslizante. **Dato verificado:** las capacidades de la tabla proceden de las dos fichas oficiales enlazadas.
/sierras/ingletadoras/,DATO VERIFICADO,revisada,no,,Ancho de pieza que necesitás cortar a 90° | Dato documental | Decisión que permite
/sierras/ingletadoras/,DATO VERIFICADO,revisada,no,,Hasta 120 mm | TC-MS 2112: 120 mm | Ambas entran por capacidad publicada
/sierras/ingletadoras/,DATO VERIFICADO,revisada,no,,"Más de 120 y hasta 310 mm | TC-SM 2131/2 Dual: 310 mm | De estas dos, solo la deslizante cubre ese ancho"
/sierras/ingletadoras/,DATO VERIFICADO,revisada,no,,Más de 310 mm | Ninguna de las dos lo documenta | Buscar otra máquina o método
/sierras/ingletadoras/,ANÁLISIS TALLERLAB,revisada,no,,"**Análisis TallerLab.** Las dos usan disco de 210 mm, pero sus anchos a 90° difieren 190 mm. El diámetro del disco por sí solo no predice ancho de corte. A 45°, la fija declara 80 mm y la deslizante 210 mm; medí la sección en la orientación real del trabajo. La profundidad a 90° es 55 y 62 mm, respectivamente: ancho y altura se deben comprobar por separado."
/sierras/ingletadoras/,DECLARACIÓN DEL FABRICANTE,revisada,no,,"**Declaración del fabricante.** Einhell publica 7,1 kg para la fija y 11 kg para la deslizante. Usá esas cifras si la vas a trasladar; no inferimos estabilidad o precisión por peso."
/sierras/ingletadoras/,DESCONOCIDO,revisada,no,,"**Desconocido.** No medimos espacio trasero con los carros extendidos ni exactitud de cortes. Antes de comprar, pedí dimensiones de instalación, sujeción de pieza, disco adecuado al material y tensión de la variante. Para los códigos exactos, consultá la [comparación Einhell](/sierras/ingletadoras-einhell/)."
/sierras/ingletadoras/,DESCONOCIDO,revisada,no,https://www.einhell.com.ar/p/4300295-tc-ms-2112/,Documentación primaria:** [Einhell TC-MS 2112](https://www.einhell.com.ar/p/4300295-tc-ms-2112/); [Einhell TC-SM 2131/2 Dual](https://www.einhell.com.ar/p/4300390-tc-sm-2131-2-dual/).
/sierras/ingletadoras/,DESCONOCIDO,revisada,no,,Opiniones:** no se revisó una muestra verificable.
/sierras/sable/,DESCONOCIDO,revisada,no,,"Las fichas argentinas de GSA 1100 E y GSA 18V-24 publican el mismo máximo de corte en madera. La diferencia documentada está en alimentación, carrera, peso del cuerpo y velocidad sin carga."
/sierras/sable/,DESCONOCIDO,revisada,no,,Dato verificado | GSA 1100 E | GSA 18V-24
/sierras/sable/,DESCONOCIDO,revisada,no,,"Alimentación | Cable, 1.100 W | Batería 18 V"
/sierras/sable/,DESCONOCIDO,revisada,no,,Carrera | 28 mm | 24 mm
/sierras/sable/,DESCONOCIDO,revisada,no,,Velocidad sin carga | 0–2.700 carreras/min | 0–3.100 carreras/min
/sierras/sable/,DESCONOCIDO,revisada,no,,Corte máximo en madera | 230 mm | 230 mm
/sierras/sable/,DESCONOCIDO,revisada,no,,"Peso publicado | 3,6 kg | 1,7 kg sin batería"
/sierras/sable/,ANÁLISIS TALLERLAB,revisada,no,,"**Análisis TallerLab.** El cuerpo de la inalámbrica pesa 1,9 kg menos que el dato publicado para la GSA 1100 E, pero la cifra no incluye batería. Los máximos declarados en madera coinciden (230 mm); eso no demuestra igual velocidad, autonomía o resultado en el mismo material. Para corte repetido, evaluá batería disponible y ciclos de trabajo, datos no comparados aquí."
/sierras/sable/,DECLARACIÓN DEL FABRICANTE,revisada,no,,"**Declaración del fabricante.** Bosch indica que la GSA 18V-24 incluye motor sin escobillas, velocidad variable, encastre SDS, apoyo pivotante y LED. No los convertimos en una afirmación de más precisión o menos fatiga medida por TallerLab."
/sierras/sable/,DESCONOCIDO,revisada,no,,**Desconocido.** Esta comparación cubre dos modelos Bosch; no define prestaciones de todas las sierras sable con cable o a batería. El corte en acero/tubo requiere consultar la tabla de capacidad del manual para el diámetro y hoja específicos.
/sierras/sable/,DESCONOCIDO,revisada,no,https://www.bosch-professional.com/py/es/products/gsa-1100-e-0601640800,Documentación primaria:** [Bosch GSA 1100 E](https://www.bosch-professional.com/py/es/products/gsa-1100-e-0601640800); [manual Bosch GSA 1100 E](https://www.bosch-professional.com/binary/manualsmedia/o109402v21_1619929L78_201207.pdf); [Bosch GSA 18V-24 Argentina](https://www.bosch-professional.com/ar/es/products/gsa-18v-24-06016A51E0).
/sierras/sable/,DESCONOCIDO,revisada,no,,Opiniones:** no se revisó una muestra verificable.
/sierras/sensitivas-dewalt/,DESCONOCIDO,revisada,no,,El manual latinoamericano distingue D28730AR de otras versiones de tensión. Una oferta de D28730-B3 no basta para asegurar alimentación compatible en Argentina.
/sierras/sensitivas-dewalt/,DESCONOCIDO,revisada,no,,Dato verificado en manual | D28730AR
/sierras/sensitivas-dewalt/,DESCONOCIDO,revisada,no,,Tensión / frecuencia | 220 V / 50 Hz
/sierras/sensitivas-dewalt/,DESCONOCIDO,revisada,no,,Velocidad en vacío | 4.200 rpm
/sierras/sensitivas-dewalt/,ANÁLISIS TALLERLAB,revisada,no,,"**Análisis TallerLab.** El código final importa: la ficha mexicana D28730-B3 y el manual D28730AR no son la misma identificación comercial. Verificá foto de la placa, enchufe y garantía local. El disco también debe admitir por lo menos la velocidad indicada para la máquina; 355 mm de diámetro no alcanza para decidir compatibilidad."
/sierras/sensitivas-dewalt/,DECLARACIÓN DEL FABRICANTE,revisada,no,,**Declaración del fabricante.** DeWalt describe morsa de liberación rápida y guía pivotante a 45° para la familia D28730. No medimos capacidad efectiva en perfiles ni estabilidad del conjunto.
/sierras/sensitivas-dewalt/,DESCONOCIDO,revisada,no,,**Desconocido.** No se verificaron accesorios incluidos en una oferta argentina concreta. Tampoco se comparó rendimiento real con la [CM-14K de Lüsqtoff](/sierras/sensitivas-lusqtoff/).
/sierras/sensitivas-dewalt/,DESCONOCIDO,revisada,no,https://assets.dewalt.com.mx/GLOBALBOM/B3/D28730/1/Instruction_Manual/EN/NB075052_D28730_T1_LA.pdf,"Documentación primaria:** [manual D28730 para Latinoamérica](https://assets.dewalt.com.mx/GLOBALBOM/B3/D28730/1/Instruction_Manual/EN/NB075052_D28730_T1_LA.pdf); [ficha DeWalt D28730-B3, variante distinta](https://www.dewalt.com.mx/es-mx/producto/d28730-b3/cortadora-de-metal-de-14-355mm-con-cable)."
/sierras/sensitivas-dewalt/,DESCONOCIDO,revisada,no,,Opiniones:** no se revisó una muestra verificable.
/sierras/sensitivas-lusqtoff/,DESCONOCIDO,revisada,no,,Separamos CM-14K de la variante CM14K-9 y de catálogos antiguos porque las potencias y accesorios publicados difieren.
/sierras/sensitivas-lusqtoff/,DESCONOCIDO,revisada,no,,Dato verificado | CM-14K actual | CM14K-9
/sierras/sensitivas-lusqtoff/,DESCONOCIDO,revisada,no,,Potencia anunciada | 2.000 W | 2.200 W
/sierras/sensitivas-lusqtoff/,DESCONOCIDO,revisada,no,,Disco | 355 mm | Verificar ficha y unidad
/sierras/sensitivas-lusqtoff/,DESCONOCIDO,revisada,no,,Velocidad en vacío | 3.800 rpm | Verificar ficha
/sierras/sensitivas-lusqtoff/,DESCONOCIDO,revisada,no,,Estado de ficha | Publicada | Discontinuada
/sierras/sensitivas-lusqtoff/,DESCONOCIDO,revisada,no,,Disco incluido | 1 según ficha actual | Confirmar contenido
/sierras/sensitivas-lusqtoff/,ANÁLISIS TALLERLAB,revisada,no,,"**Análisis TallerLab.** Una oferta que combina el código CM-14K con 2.200 W puede mezclar datos de CM14K-9. Además, un catálogo anterior informa otro peso y más accesorios que la ficha actual de CM-14K. Para presupuestar discos y traslado, solicitá foto de la placa y del contenido de caja de la unidad concreta."
/sierras/sensitivas-lusqtoff/,DECLARACIÓN DEL FABRICANTE,revisada,no,,**Declaración del fabricante.** Lüsqtoff publica para CM-14K capacidad de tubo redondo de 110 mm y perfil cuadrado de 100 × 100 mm. Son capacidades declaradas para geometrías específicas; no equivalen al máximo en cualquier material o posición.
/sierras/sensitivas-lusqtoff/,DESCONOCIDO,revisada,no,https://www.lusqtoff.com.ar/2023/uploads/Productos/12.%20HERRAMIENTAS%20DE%20PIE%20Y%20BANCO/CM-14K/MANUAL/CM-14k.pdf,"**Desconocido.** No se midió velocidad de corte, escuadra real ni duración del disco. Leé el [manual CM-14K](https://www.lusqtoff.com.ar/2023/uploads/Productos/12.%20HERRAMIENTAS%20DE%20PIE%20Y%20BANCO/CM-14K/MANUAL/CM-14k.pdf) y respetá el tipo de disco y su velocidad permitida."
/sierras/sensitivas-lusqtoff/,DESCONOCIDO,revisada,no,https://www.lusqtoff.com.ar/ver-producto/CM-14K,Documentación primaria:** [CM-14K](https://www.lusqtoff.com.ar/ver-producto/CM-14K); [CM14K-9](https://www.lusqtoff.com.ar/ver-producto/CM14K-9); [catálogo histórico Lüsqtoff](https://lusqtoff.com.ar/files/Catalogo_Lusqtoff_2020.pdf); [manual CM-14K](https://www.lusqtoff.com.ar/2023/uploads/Productos/12.%20HERRAMIENTAS%20DE%20PIE%20Y%20BANCO/CM-14K/MANUAL/CM-14k.pdf).
/sierras/sensitivas-lusqtoff/,DESCONOCIDO,revisada,no,,Opiniones:** no se revisó una muestra verificable.
/sierras/sensitivas-total/,DESCONOCIDO,revisada,no,,La ficha de TOTAL documenta el modelo TS223558. En Argentina se encuentra una oferta rotulada TS223558-4; ese sufijo necesita confirmación de placa antes de trasladar datos o garantía.
/sierras/sensitivas-total/,DESCONOCIDO,revisada,no,,Dato verificado para TS223558 | Especificación
/sierras/sensitivas-total/,DESCONOCIDO,revisada,no,,Tensión / frecuencia | 220–240 V / 50–60 Hz
/sierras/sensitivas-total/,DESCONOCIDO,revisada,no,,Velocidad en vacío | 3.700 rpm
/sierras/sensitivas-total/,DESCONOCIDO,revisada,no,,"Disco | 355 × 25,4 mm"
/sierras/sensitivas-total/,DESCONOCIDO,revisada,no,,Capacidad máxima declarada | Redondo 100 mm; cuadrado 100 × 100 mm; rectangular 120 × 100 mm; barra 50 mm
/sierras/sensitivas-total/,DESCONOCIDO,revisada,no,,Disco incluido | 1 disco de 355 mm
/sierras/sensitivas-total/,ANÁLISIS TALLERLAB,revisada,no,,"**Análisis TallerLab.** El disco de 355 mm no representa la sección que la máquina puede cortar. La tabla de TOTAL declara límites por geometría; no los extrapolamos a otras formas, cortes en ángulo o materiales. El sufijo -4 aparece en una publicación argentina de un vendedor, mientras la ficha técnica de fábrica consultada usa TS223558. Confirmá el código completo y garantía del importador."
/sierras/sensitivas-total/,DESCONOCIDO,revisada,no,,"**Desconocido.** La ficha de fábrica no publica aquí peso, ciclo de trabajo ni contenido completo de caja. No afirmamos uso continuo ni “industrial”. Para contrastarla con otra sensitiva, consultá la [CM-14K de Lüsqtoff](/sierras/sensitivas-lusqtoff/) y compará capacidad por forma, no solo potencia."
/sierras/sensitivas-total/,DESCONOCIDO,revisada,no,https://www.totalbusiness.com/ae/product/cut-off-saw/TS223558,Documentación primaria:** [ficha de fábrica TOTAL TS223558](https://www.totalbusiness.com/ae/product/cut-off-saw/TS223558).
/sierras/sensitivas-total/,DESCONOCIDO,revisada,no,https://articulo.mercadolibre.com.ar/MLA-1469785943-sierra-sensitiva-total-355mm-2200w-incluye-disco-ts223558-4-_JM,"Información comercial argentina:** [publicación identificada como TS223558-4](https://articulo.mercadolibre.com.ar/MLA-1469785943-sierra-sensitiva-total-355mm-2200w-incluye-disco-ts223558-4-_JM) — útil para verificar sufijo local, no como fuente de capacidad."
/sierras/sensitivas-total/,DESCONOCIDO,revisada,no,,Opiniones:** no se revisó una muestra verificable.
/sierras/sensitivas/,DATO VERIFICADO,revisada,no,,**Dato verificado:** las dos fichas oficiales publican máximos diferentes para los perfiles listados. Las capacidades dependen de la forma de la pieza; no se extrapolan a otros cortes.
/sierras/sensitivas/,DATO VERIFICADO,revisada,no,,Modelo documentado | Disco | Tubo redondo | Sección cuadrada/rectangular publicada
/sierras/sensitivas/,DATO VERIFICADO,revisada,no,,Lüsqtoff CM-14K | 355 mm; eje 1 in | 110 mm | Cuadrado 100 × 100 mm; ángulo 120 × 120 mm
/sierras/sensitivas/,DATO VERIFICADO,revisada,no,,"TOTAL TS223558 | 355 × 25,4 mm | 100 mm | Cuadrado 100 × 100 mm; rectangular 120 × 100 mm"
/sierras/sensitivas/,ANÁLISIS TALLERLAB,revisada,no,,"**Análisis TallerLab.** La diferencia publicada para tubo redondo es 10 mm. En cuadrados, ambas fichas declaran 100 × 100 mm. Las categorías rectangulares no son idénticas: Lüsqtoff informa ángulo, Total rectangular. No convertimos estos renglones en un ganador general. Antes de elegir, identifica el perfil exacto y el ángulo del corte."
/sierras/sensitivas/,DESCONOCIDO,revisada,no,,"Los dos ejes publicados como 1 pulgada y 25,4 mm representan la misma medida nominal. Aun así, verificá el disco permitido, el espesor y las RPM máximas impresas en la hoja. Una hoja abrasiva y una hoja de carburo para corte en frío no se deben comparar como si fueran el mismo consumible."
/sierras/sensitivas/,DESCONOCIDO,revisada,sí,,"**Desconocido.** No probamos rebaba, escuadra, calentamiento o duración del disco. Las capacidades máximas de catálogo no equivalen a una recomendación para todos los materiales."
/sierras/sensitivas/,DESCONOCIDO,revisada,no,https://www.lusqtoff.com.ar/ver-producto/CM-14K,Documentación primaria:** [Lüsqtoff CM-14K](https://www.lusqtoff.com.ar/ver-producto/CM-14K); [manual CM-14K](https://www.lusqtoff.com.ar/2023/uploads/Productos/12.%20HERRAMIENTAS%20DE%20PIE%20Y%20BANCO/CM-14K/MANUAL/CM-14k.pdf); [TOTAL TS223558](https://www.totalbusiness.com/ae/product/cut-off-saw/TS223558).
/sierras/sensitivas/,DESCONOCIDO,revisada,no,,Opiniones:** no se revisó una muestra verificable.
/sierras/sierra-caladora-bosch/,DESCONOCIDO,revisada,no,,"Comparamos fichas argentinas de GST 650, GST 680 y GST 185-LI. Una publicación de GST 75 E no debe usarse para completar los datos de estas variantes."
/sierras/sierra-caladora-bosch/,DESCONOCIDO,revisada,no,,Dato verificado | GST 650 | GST 680 | GST 185-LI
/sierras/sierra-caladora-bosch/,DESCONOCIDO,revisada,no,,Alimentación | Cable | Cable | Batería 18 V
/sierras/sierra-caladora-bosch/,DESCONOCIDO,revisada,no,,Potencia absorbida declarada | 450 W | 500 W | No comparable en W de red
/sierras/sierra-caladora-bosch/,DESCONOCIDO,revisada,no,,Carrera | 18 mm | 20 mm | Consultar ficha de variante
/sierras/sierra-caladora-bosch/,DESCONOCIDO,revisada,no,,"Peso publicado | 1,9 kg | 2,07 kg | Consultar ficha de variante"
/sierras/sierra-caladora-bosch/,ANÁLISIS TALLERLAB,revisada,no,,"**Análisis TallerLab.** Entre las dos máquinas con cable hay 50 W y 2 mm de diferencia en los valores publicados. Eso no demuestra una mejora visible en cada material: elección de hoja, velocidad y soporte de la pieza también intervienen. La GST 185-LI responde a otra decisión: acceso a una plataforma de baterías de 18 V. Su ficha argentina muestra una variante en caja con una hoja; no asumimos que incluya batería y cargador."
/sierras/sierra-caladora-bosch/,DECLARACIÓN DEL FABRICANTE,revisada,no,,"**Declaración del fabricante.** Bosch atribuye a la GST 680 una rueda de preselección de velocidad y protección contra astillas en el kit indicado. Es una prestación declarada, no una medición de calidad de corte de TallerLab."
/sierras/sierra-caladora-bosch/,DESCONOCIDO,revisada,no,,"**Desconocido.** No se cotejó la GST 75 E de la descripción histórica con una ficha argentina vigente. Confirmá código de pedido, contenido y garantía antes de aplicar la comparación a una oferta."
/sierras/sierra-caladora-bosch/,DESCONOCIDO,revisada,no,https://www.bosch-professional.com/ar/es/products/gst-650-06015A80H0,Documentación primaria:** [Bosch GST 650](https://www.bosch-professional.com/ar/es/products/gst-650-06015A80H0); [Bosch GST 680](https://www.bosch-professional.com/ar/es/products/gst-680-06015B40H0); [Bosch GST 185-LI](https://www.bosch-professional.com/ar/es/products/gst-185-li-06015B30E1).
/sierras/sierra-caladora-bosch/,DESCONOCIDO,revisada,no,,Opiniones:** no se revisó una muestra verificable.
/sierras/sierra-circular-dewalt-dwe560/,DESCONOCIDO,revisada,no,,"La variante argentina tiene datos suficientes para verificar potencia, disco y bisel; la profundidad de corte requiere documentación adicional."
/sierras/sierra-circular-dewalt-dwe560/,DESCONOCIDO,revisada,no,,Dato verificado | DWE560-AR
/sierras/sierra-circular-dewalt-dwe560/,DESCONOCIDO,revisada,no,,Disco anunciado | 185 mm
/sierras/sierra-circular-dewalt-dwe560/,DESCONOCIDO,revisada,no,,"Bisel máximo | 48°; topes a 22,5° y 45°"
/sierras/sierra-circular-dewalt-dwe560/,DESCONOCIDO,revisada,no,,Motor | Con carbones
/sierras/sierra-circular-dewalt-dwe560/,DESCONOCIDO,revisada,no,,"Alimentación en manual | 220 V, 50 Hz"
/sierras/sierra-circular-dewalt-dwe560/,DESCONOCIDO,revisada,no,,Velocidad en vacío en manual | 5.500 rpm
/sierras/sierra-circular-dewalt-dwe560/,DESCONOCIDO,revisada,no,,Incluye según ficha | Llave de ajuste y disco de 24 dientes
/sierras/sierra-circular-dewalt-dwe560/,ANÁLISIS TALLERLAB,revisada,no,,"**Análisis TallerLab.** La DWE560-AR anuncia 185 mm de disco y la [Stanley SC16-AR](/sierras/stanley-sc16/) 180 mm. Esa diferencia nominal es de 5 mm; no autoriza a intercambiar hojas. Comprobá diámetro permitido, eje y velocidad admisible en cada herramienta y disco."
/sierras/sierra-circular-dewalt-dwe560/,DECLARACIÓN DEL FABRICANTE,revisada,sí,,**Declaración del fabricante.** DeWalt describe la guarda y la zapata de 3 mm como elementos de diseño. TallerLab no verificó físicamente que eviten atascos o aumenten la durabilidad.
/sierras/sierra-circular-dewalt-dwe560/,DESCONOCIDO,revisada,no,,"**Desconocido.** La ficha y la tabla técnica del manual consultados no publican profundidad máxima a 90° o 45° ni peso. No inferimos esos valores de otra variante DWE560. Para trabajo con guía, verificá compatibilidad de la base antes de comprar el accesorio."
/sierras/sierra-circular-dewalt-dwe560/,DESCONOCIDO,revisada,no,https://www.dewalt.com.ar/es-ar/producto/dwe560-ar/sierra-circular-electrica-de-7-14-pulg-185mm,Documentación primaria:** [ficha DeWalt DWE560-AR](https://www.dewalt.com.ar/es-ar/producto/dwe560-ar/sierra-circular-electrica-de-7-14-pulg-185mm); [manual DeWalt DWE560-AR](https://www.toolservicenet.com/i/DEWALT/GLOBALBOM/AR/DWE560/1/Instruction_Manual/EN/N141338_DWE560.pdf).
/sierras/sierra-circular-dewalt-dwe560/,DESCONOCIDO,revisada,no,,Información comercial:** no se usó como fuente técnica.
/sierras/sierra-circular-dewalt-dwe560/,DESCONOCIDO,revisada,no,,Opiniones:** no se revisó una muestra verificable.
/sierras/sierra-sable-inalambrica/,DESCONOCIDO,revisada,no,,Comparamos una Bosch de 18 V publicada para Argentina y una DeWalt estadounidense marcada 20V MAX. DeWalt aclara que esa cifra máxima equivale a 18 V nominales; ambas fichas exigen confirmar si la batería viene en el kit.
/sierras/sierra-sable-inalambrica/,DESCONOCIDO,revisada,no,,Dato verificado | Bosch GSA 18V-24 | DeWalt DCS380B
/sierras/sierra-sable-inalambrica/,DESCONOCIDO,revisada,no,,Etiqueta de plataforma | 18 V | 20V MAX; 18 V nominales
/sierras/sierra-sable-inalambrica/,DESCONOCIDO,revisada,no,,"Carrera | 24 mm | 1-1/8 in (28,6 mm)"
/sierras/sierra-sable-inalambrica/,DESCONOCIDO,revisada,no,,Velocidad sin carga | 0–3.100 carreras/min | 0–3.000 carreras/min
/sierras/sierra-sable-inalambrica/,DESCONOCIDO,revisada,no,,"Peso publicado | 1,7 kg sin batería | No informado en la ficha consultada"
/sierras/sierra-sable-inalambrica/,DESCONOCIDO,revisada,no,,Incluye batería | Revisar el kit; la ficha muestra variante/caja | No; herramienta sola
/sierras/sierra-sable-inalambrica/,ANÁLISIS TALLERLAB,revisada,no,,"**Análisis TallerLab.** La carrera nominal de DeWalt supera a la de Bosch en 4,6 mm; Bosch declara 100 carreras/min más de velocidad máxima sin carga. Son dos variables geométricas/de ficha y no permiten concluir cuál corta más rápido: hoja, material y condiciones también intervienen. “20V MAX” es la tensión inicial sin carga; la nota de DeWalt informa 18 V nominales, así que no es una batería de sistema distinto por esa etiqueta sola."
/sierras/sierra-sable-inalambrica/,DESCONOCIDO,revisada,no,,"**Desconocido.** No hay una prueba directa de autonomía ni rendimiento en madera o metal. No compares peso a mano: falta una cifra de peso en la ficha DCS380B y la Bosch excluye batería. Confirmá plataforma, capacidad de batería, cargador incluido, código regional y servicio antes de comprar."
/sierras/sierra-sable-inalambrica/,DESCONOCIDO,revisada,no,https://www.bosch-professional.com/ar/es/products/gsa-18v-24-06016A51E0,"Documentación primaria:** [Bosch GSA 18V-24](https://www.bosch-professional.com/ar/es/products/gsa-18v-24-06016A51E0); [DeWalt DCS380B, ficha y nota de voltaje nominal](https://www.dewalt.com/en-us/product/dcs380b/20v-max-cordless-reciprocating-saw-tool-only)."
/sierras/sierra-sable-inalambrica/,DESCONOCIDO,revisada,no,,Opiniones:** no se revisó una muestra verificable.
/sierras/sierra-sin-fin-para-madera/,DESCONOCIDO,revisada,no,,"Contrastamos la SFL250-8 compacta con la SFL1100-9 de banco grande. La SFL300-8 aparece listada, pero no encontramos una ficha de capacidad suficiente para compararla."
/sierras/sierra-sin-fin-para-madera/,DESCONOCIDO,revisada,no,,Dato verificado | SFL250-8 | SFL300-8 | SFL1100-9
/sierras/sierra-sin-fin-para-madera/,DESCONOCIDO,revisada,no,,Estado | Discontinuada | Listada como banco 200 mm | Ficha vigente consultada
/sierras/sierra-sin-fin-para-madera/,DESCONOCIDO,revisada,no,,Altura máxima de corte | 80 mm | Desconocida | 206 mm
/sierras/sierra-sin-fin-para-madera/,DESCONOCIDO,revisada,no,,Garganta | 200 mm | Desconocida | 305 mm
/sierras/sierra-sin-fin-para-madera/,DESCONOCIDO,revisada,no,,"Hoja | 1.400 × 6,5 × 0,35 mm | Desconocida | 2.360 mm de longitud"
/sierras/sierra-sin-fin-para-madera/,DESCONOCIDO,revisada,no,,"Peso | 16,5 kg ficha; catálogo antiguo 15,5 kg | Desconocido | 84 kg"
/sierras/sierra-sin-fin-para-madera/,ANÁLISIS TALLERLAB,revisada,no,,"**Análisis TallerLab.** Entre SFL250-8 y SFL1100-9 hay 126 mm de diferencia en altura publicada y 67,5 kg de diferencia tomando la ficha consultada para el modelo pequeño. No son máquinas equivalentes de escala. Una garganta mayor aumenta la distancia disponible entre hoja y columna; no aumenta la altura de pieza: son dimensiones distintas."
/sierras/sierra-sin-fin-para-madera/,DESCONOCIDO,revisada,no,,"La ficha actual marca SFL250-8 como discontinuada. El catálogo de 2024–2025 publica 15,5 kg mientras su ficha de producto publica 16,5 kg; usamos la cifra de ficha y mostramos la discrepancia. Antes de comprar una unidad usada, revisá largo, ancho y grosor de hoja compatibles y disponibilidad de repuestos."
/sierras/sierra-sin-fin-para-madera/,DESCONOCIDO,revisada,no,,"**Desconocido.** La página comercial enumera SFL300-8 como “200 mm”, pero no confirma que sea altura máxima de corte. No interpretamos el nombre como especificación."
/sierras/sierra-sin-fin-para-madera/,DESCONOCIDO,revisada,no,https://www.lusqtoff.com.ar/ver-producto/SFL250-8,Documentación primaria:** [Lüsqtoff SFL250-8](https://www.lusqtoff.com.ar/ver-producto/SFL250-8); [catálogo Lüsqtoff 2024–2025](https://www.lusqtoff.com.ar/2023/uploads/Catalogos/CAT%C3%81LOGO%20LQ%202024-2025%20-%20web%20%281%29.pdf); [catálogo de modelos de banco y taller](https://www.lusqtoff.com.ar/ver-productos/12-herramientas-de-pie-y-banco); [SFL1100-9](https://lusqtoff.com.ar/ver-producto/SFL1100-9).
/sierras/sierra-sin-fin-para-madera/,DESCONOCIDO,revisada,no,,Opiniones:** no se revisó una muestra verificable.
/sierras/sin-fin-lusqtoff/,DESCONOCIDO,revisada,no,,El catálogo menciona tres escalas; la documentación pública consultada permite comparar con detalle dos códigos. El tercero queda deliberadamente incompleto.
/sierras/sin-fin-lusqtoff/,DESCONOCIDO,revisada,no,,Dato verificado | SFL250-8 | SFL300-8 | SFL1100-9
/sierras/sin-fin-lusqtoff/,DESCONOCIDO,revisada,no,,Estado en catálogo/ficha | Discontinuada | Listada como banco 200 mm | Ficha activa
/sierras/sin-fin-lusqtoff/,DESCONOCIDO,revisada,no,,Potencia | 250 W | Sin ficha detallada cotejada | 1.100 W
/sierras/sin-fin-lusqtoff/,DESCONOCIDO,revisada,no,,Altura máxima de corte | 80 mm | Desconocida | 206 mm
/sierras/sin-fin-lusqtoff/,DESCONOCIDO,revisada,no,,Garganta | 200 mm | Desconocida | 305 mm
/sierras/sin-fin-lusqtoff/,DESCONOCIDO,revisada,no,,"Peso | 16,5 kg | Desconocido | 84 kg"
/sierras/sin-fin-lusqtoff/,ANÁLISIS TALLERLAB,revisada,no,,"**Análisis TallerLab.** Entre los dos modelos con ficha detallada, la altura publicada difiere 126 mm y el peso 67,5 kg. Eso separa una máquina compacta de una instalación de taller; no dice cuál corta con mayor precisión. La SFL300-8 aparece en el catálogo de la marca, pero «200 mm» en el nombre comercial no demuestra una altura de corte de 200 mm."
/sierras/sin-fin-lusqtoff/,DECLARACIÓN DEL FABRICANTE,revisada,no,,"**Declaración del fabricante.** La ficha SFL1100-9 anuncia cinta de 2.360 mm, mesa de 548 × 400 mm y garantía de tres años. Verificá tensión, espacio y repuestos con el vendedor."
/sierras/sin-fin-lusqtoff/,DESCONOCIDO,revisada,no,,**Desconocido.** No se confirmó una ficha técnica detallada de SFL300-8 ni se probaron las tres. No trasladamos medidas de una variante a otra.
/sierras/sin-fin-lusqtoff/,DESCONOCIDO,revisada,no,https://www.lusqtoff.com.ar/ver-producto/SFL250-8,Documentación primaria:** [SFL250-8](https://www.lusqtoff.com.ar/ver-producto/SFL250-8); [catálogo de herramientas de pie y banco](https://lusqtoff.com.ar/categorias/herramientas-de-pie-y-banco); [SFL1100-9](https://lusqtoff.com.ar/ver-producto/SFL1100-9).
/sierras/sin-fin-lusqtoff/,DESCONOCIDO,revisada,no,,Opiniones:** no se revisó una muestra verificable.
/sierras/sin-fin-metal/,DATO VERIFICADO,revisada,no,,**Dato verificado:** las dos referencias de la tabla son sierras de banda portátiles Milwaukee con capacidades publicadas. No equivalen a una sierra horizontal de banco y no son una recomendación de marca.
/sierras/sin-fin-metal/,DATO VERIFICADO,revisada,no,,Modelo documentado | Capacidad máxima publicada | Alimentación / uso de la ficha
/sierras/sin-fin-metal/,DATO VERIFICADO,revisada,no,,"Milwaukee M12 2429-20 | 1-5/8 × 1-5/8 in (41,3 × 41,3 mm) | Batería M12; herramienta sola"
/sierras/sin-fin-metal/,DATO VERIFICADO,revisada,no,,"Milwaukee M18 2829-20 | 3-1/4 × 3-1/4 in (82,6 × 82,6 mm) | Batería M18; herramienta sola"
/sierras/sin-fin-metal/,ANÁLISIS TALLERLAB,revisada,no,,"**Análisis TallerLab.** La capacidad lineal publicada para el modelo M18 es el doble de la M12 (3,25 frente a 1,625 pulgadas). Esa comparación sirve si el perfil supera el límite de la compacta; no mide velocidad, autonomía o precisión. Ambas son portátiles: no las equiparamos con una sierra horizontal de banco con prensa, refrigerante o avance automático."
/sierras/sin-fin-metal/,DESCONOCIDO,revisada,no,,"Al evaluar un equipo para metal, anotá primero el mayor diámetro o sección, si el corte es recto o angular, y cómo se sujeta la pieza. Después verificá hoja (largo, ancho y TPI), tensión de batería y disponibilidad local. No afirmamos una recomendación de fluido de corte universal: el material y el manual determinan el procedimiento."
/sierras/sin-fin-metal/,DESCONOCIDO,revisada,no,,"**Desconocido.** No se relevaron modelos argentinos de sierra horizontal de banco en este análisis. Las fichas Milwaukee son del mercado estadounidense; disponibilidad, baterías compatibles y garantía local deben confirmarse por código regional."
/sierras/sin-fin-metal/,DESCONOCIDO,revisada,no,https://www.milwaukeetool.com/2429-20,Documentación primaria:** [Milwaukee M12 2429-20](https://www.milwaukeetool.com/2429-20); [Milwaukee M18 compacta 2829-20](https://www.milwaukeetool.com/products/details/m18-fuel-compact-band-saw-tool-only/2829-20).
/sierras/sin-fin-metal/,DESCONOCIDO,revisada,no,,Opiniones:** no se revisó una muestra verificable.
/sierras/stanley-sc16/,DESCONOCIDO,revisada,no,,La denominación comercial 7-1/4 pulgadas aparece junto con 180 mm en la ficha argentina. El manual que incluye la variante -AR indica un diámetro máximo distinto; documentamos la discrepancia antes de recomendar un repuesto.
/sierras/stanley-sc16/,DESCONOCIDO,revisada,no,,Dato verificado | SC16-AR | Fuente
/sierras/stanley-sc16/,DESCONOCIDO,revisada,no,,Potencia anunciada | 1.600 W | Ficha Stanley Argentina
/sierras/stanley-sc16/,DESCONOCIDO,revisada,no,,Diámetro anunciado | 180 mm | Ficha Stanley Argentina
/sierras/stanley-sc16/,DESCONOCIDO,revisada,no,,"Diámetro máximo en manual | 190 mm | Manual Stanley SC16, tabla de variantes"
/sierras/stanley-sc16/,DESCONOCIDO,revisada,no,,Orificio en manual | 16 mm | Manual Stanley SC16
/sierras/stanley-sc16/,DESCONOCIDO,revisada,no,,Profundidad máxima a 90° / 45° en manual | 65 / 50 mm | Manual Stanley SC16
/sierras/stanley-sc16/,DESCONOCIDO,revisada,no,,Alimentación | Con cable | Ficha Stanley Argentina
/sierras/stanley-sc16/,DESCONOCIDO,revisada,no,,Garantía publicada | 2 años limitada | Ficha Stanley Argentina
/sierras/stanley-sc16/,ANÁLISIS TALLERLAB,revisada,no,,"**Análisis TallerLab.** La ficha dice «7-1/4 pulgadas» y «180 mm» en el mismo título. Como 7,25 × 25,4 = 184,15 mm, hay una diferencia de unos 4 mm entre ambas expresiones. El manual compartido de SC16, que incluye -AR en la tabla, permite hasta 190 mm y señala eje de 16 mm. Los documentos no explican por qué la página comercial ofrece 180 mm. Antes de instalar otro tamaño, confirmá la placa y el manual que acompañan la unidad concreta."
/sierras/stanley-sc16/,DESCONOCIDO,revisada,no,,**Desconocido.** No verificamos qué disco viene dentro de cada caja ni el rendimiento de corte. La ficha comercial no da profundidad; la cifra de la tabla proviene del manual y debe contrastarse con la revisión de la unidad ofrecida.
/sierras/stanley-sc16/,DESCONOCIDO,revisada,no,,"Para comparar capacidades documentadas, mirá la [Bosch GKS 150](/sierras/bosch-gks-150/) y la [DeWalt DWE560](/sierras/sierra-circular-dewalt-dwe560/). La potencia anunciada por sí sola no prueba calidad de corte."
/sierras/stanley-sc16/,DESCONOCIDO,revisada,no,https://ar.stanleytools.global/producto/sc16-ar/sierra-circular-7-14-pulg-180mm-1600w,Documentación primaria:** [ficha Stanley SC16-AR](https://ar.stanleytools.global/producto/sc16-ar/sierra-circular-7-14-pulg-180mm-1600w); [manual Stanley SC16 con variante -AR](https://www.toolservicenet.com/i/STANLEY/GLOBALBOM/B3/SC16D2/1/Instruction_Manual/EN/N611276_SC16_T1_LAG.pdf).
/sierras/stanley-sc16/,DESCONOCIDO,revisada,no,,Información comercial:** no se utilizó para validar prestaciones.
/sierras/stanley-sc16/,DESCONOCIDO,revisada,no,,Opiniones:** no se revisó una muestra verificable.
/soldadoras/,DATO VERIFICADO,revisada,no,,**Dato verificado:** las cifras se atribuyen al documento indicado en cada tabla. Los cálculos se identifican como **Análisis TallerLab**; lo no confirmado queda como **Desconocido**. Esta guía es documental y no incluye prueba física.
/soldadoras/,DESCONOCIDO,revisada,no,,Tipo de análisis: documental
/soldadoras/,DESCONOCIDO,revisada,no,,Prueba física de TallerLab: no
/soldadoras/,DESCONOCIDO,revisada,no,,Especificaciones contrastadas: sí
/soldadoras/,DESCONOCIDO,revisada,no,,Opiniones de compradores: no
/soldadoras/,DESCONOCIDO,revisada,no,,Fuentes primarias: sí
/soldadoras/,DESCONOCIDO,revisada,no,,Última revisión: 27/09/2026
/soldadoras/,DESCONOCIDO,revisada,no,,Proceso | Consumible/documento de referencia | Gas de protección | Dato que cambia la elección
/soldadoras/,DESCONOCIDO,revisada,no,,"MMA/SMAW | Electrodo revestido, p. ej. E6013 o E7018 del fabricante exacto | No requiere gas externo | Tipo de metal base, clasificación completa, diámetro, corriente y posición"
/soldadoras/,DESCONOCIDO,revisada,no,,"MIG/MAG/GMAW con alambre macizo | ER70S-6; ESAB publica gases C1 y M21 para su producto | Sí; gas especificado por alambre/procedimiento | Composición/gas, diámetro, alimentación y rango de la fuente"
/soldadoras/,DESCONOCIDO,revisada,no,,"Alambre tubular autoprotegido (FCAW-S) | Ejemplos de fabricante: E71T-GS y E71T-11 | El producto indicado se clasifica como autoprotegido; sin gas externo | Clasificación completa, diámetro, polaridad y límite de aplicación del fabricante"
/soldadoras/,DESCONOCIDO,revisada,no,,"TIG/GTAW | Varilla de aporte si corresponde y antorcha TIG | Gas externo según consumible/procedimiento | Corriente AC/DC, material y control térmico"
/soldadoras/,DESCONOCIDO,revisada,no,,"Soldadura por resistencia/punto | Electrodos de cobre de la máquina | No usa alambre/electrodo consumible revestido | Espesor, geometría, presión/corriente/tiempo que especifique el equipo"
/soldadoras/,DATO VERIFICADO,revisada,no,,"**Dato verificado:** ESAB identifica la HandyArc MIG 160i para MIG/MAG, alambre tubular y electrodo; su familia HandyArc 162i se especifica para MMA. ESAB Weld 70S-6 declara clasificación ER70S-6 y gas C1/M21; Lincoln identifica productos E71T-GS y E71T-11 como alambres tubulares autoprotegidos. Las fuentes citadas documentan esos productos concretos, no todos los consumibles con nombres similares."
/soldadoras/,ANÁLISIS TALLERLAB,revisada,no,,"**Análisis TallerLab:** empezar por material y unión, luego verificar el proceso que permite controlar el equipo disponible y, por último, el consumible compatible con su polaridad/rango. La sigla del proceso no determina por sí sola el espesor soldable ni la calidad de una unión. Esta tabla orienta a la documentación necesaria; no es un procedimiento de soldadura ni reemplaza un WPS, código de construcción o calificación cuando aplique."
/soldadoras/,DESCONOCIDO,revisada,no,,"**Desconocido:** sin material base, espesor, preparación, posición, servicio y norma del trabajo no se puede indicar un proceso, amperaje o consumible universal. No se evaluaron resultados de soldadura ni productos físicamente."
/soldadoras/,DESCONOCIDO,revisada,no,https://esab.com/ar/sam_es/products-solutions/product/welding-equipment/mig-welders-gmaw/handyarc-mig-160i/,Fabricantes:** [ESAB HandyArc MIG 160i](https://esab.com/ar/sam_es/products-solutions/product/welding-equipment/mig-welders-gmaw/handyarc-mig-160i/); [ESAB HandyArc 142i/162i](https://esab.com/ar/sam_es/products-solutions/product/welding-equipment/stick-welders-smaw/handyarc-132i-dv-142i-162i/); [ESAB Weld 70S-6](https://esab.com/mx/nam_es/products-solutions/product/filler-metals/mild-steel/mig-wires-tig-rods-gmaw-gtaw/weld-70s-6/); [Lincoln Electric Steelcore 71T-GS](https://ch-delivery.lincoln
/soldadoras/,DESCONOCIDO,revisada,no,,Opiniones de compradores:** no se revisó una muestra verificable.
/soldadoras/,DESCONOCIDO,revisada,no,,Para seguir comparando: [ficha ESAB HandyArc 162i por número de producto](/soldadoras/esab-handyarc-162i/).
/soldadoras/,DESCONOCIDO,revisada,no,,Para conocer el criterio editorial: [Ver metodología de TallerLab](/como-trabajamos/).
/soldadoras/,DESCONOCIDO,revisada,no,,Para explorar la categoría: [guías relacionadas](/soldadoras/).
/soldadoras/alambre-flux/,DATO VERIFICADO,revisada,no,,**Dato verificado:** las cifras se atribuyen al documento indicado en cada tabla. Los cálculos se identifican como **Análisis TallerLab**; lo no confirmado queda como **Desconocido**. Esta guía es documental y no incluye prueba física.
/soldadoras/alambre-flux/,DESCONOCIDO,revisada,no,,Tipo de análisis: documental
/soldadoras/alambre-flux/,DESCONOCIDO,revisada,no,,Prueba física de TallerLab: no
/soldadoras/alambre-flux/,DESCONOCIDO,revisada,no,,Especificaciones contrastadas: sí
/soldadoras/alambre-flux/,DESCONOCIDO,revisada,no,,Opiniones de compradores: no
/soldadoras/alambre-flux/,DESCONOCIDO,revisada,no,,Fuentes primarias: sí
/soldadoras/alambre-flux/,DESCONOCIDO,revisada,no,,Última revisión: 27/09/2026
/soldadoras/alambre-flux/,DESCONOCIDO,revisada,no,,Producto/fuente | Clasificación publicada | Diámetro y rango publicado | Polaridad | Espesor máximo indicado por fabricante
/soldadoras/alambre-flux/,DESCONOCIDO,revisada,no,,"Lincoln Steelcore 71T-GS | AWS A5.20 E71T-GS | 0,8 mm: 60–150 A; 0,9 mm: 60–180 A | DC− | 5 mm en ficha australiana"
/soldadoras/alambre-flux/,DESCONOCIDO,revisada,no,,"Lincoln Innershield NR-211-MP | AWS E71T-11 | 0,8–1,1 mm; rango y parámetros dependen del diámetro | La tabla de la ficha específica define el ajuste | Hasta 7,9 mm para diámetros ≤1,1 mm en documento citado"
/soldadoras/alambre-flux/,DATO VERIFICADO,revisada,no,,"**Dato verificado:** Lincoln identifica ambos productos como alambres tubulares autoprotegidos; la ficha Steelcore especifica E71T-GS y DC−, mientras NR-211-MP se clasifica E71T-11. Las tablas y límites de espesor de la matriz pertenecen a las fichas de fabricante enlazadas y a sus configuraciones concretas."
/soldadoras/alambre-flux/,ANÁLISIS TALLERLAB,revisada,no,,"**Análisis TallerLab:** que ambos se vendan como «flux» o «sin gas» no los vuelve intercambiables. La clasificación, el diámetro, la polaridad, la máquina y el espesor publicado deben coincidir con la ficha del alambre ofertado. El límite de espesor no es una garantía de unión estructural ni una recomendación para cualquier posición, preparación o código."
/soldadoras/alambre-flux/,DESCONOCIDO,revisada,no,,"**Desconocido:** las fichas consultadas corresponden a mercados de Australia/EE. UU.; no confirman homologación, disponibilidad o parámetros de la bobina vendida en Argentina. No extrapolamos sus rangos a alambres genéricos E71T-GS o E71T-11."
/soldadoras/alambre-flux/,DESCONOCIDO,revisada,no,https://ch-delivery.lincolnelectric.com/api/public/content/4b116c2b3b5f46fdaa024bac101c8e4b?v=e32391fd,"Documentación primaria:** [Lincoln Electric Steelcore 71T-GS, ficha técnica](https://ch-delivery.lincolnelectric.com/api/public/content/4b116c2b3b5f46fdaa024bac101c8e4b?v=e32391fd); [Lincoln Electric Innershield NR-211-MP, ficha técnica](https://ch-delivery.lincolnelectric.com/api/public/content/f5e38ae6ebf441829d73d7b1a404818b?v=84bee2da); [manual Telwin de soldadora por resistencia](https://www.telwin.com/ExternalAssets/risc6000/954534_L.PDF)."
/soldadoras/alambre-flux/,DESCONOCIDO,revisada,no,,Opiniones de compradores:** no se revisó una muestra verificable.
/soldadoras/alambre-flux/,DESCONOCIDO,revisada,no,,Para seguir comparando: [alambre MIG macizo: clasificación y gas](/soldadoras/alambre-para-soldadura-mig/).
/soldadoras/alambre-flux/,DESCONOCIDO,revisada,no,,Para conocer el criterio editorial: [Ver metodología de TallerLab](/como-trabajamos/).
/soldadoras/alambre-flux/,DESCONOCIDO,revisada,no,,Para explorar la categoría: [guías relacionadas](/soldadoras/).
/soldadoras/alambre-para-soldadura-mig/,DATO VERIFICADO,revisada,no,,**Dato verificado:** las cifras se atribuyen al documento indicado en cada tabla. Los cálculos se identifican como **Análisis TallerLab**; lo no confirmado queda como **Desconocido**. Esta guía es documental y no incluye prueba física.
/soldadoras/alambre-para-soldadura-mig/,DESCONOCIDO,revisada,no,,Tipo de análisis: documental
/soldadoras/alambre-para-soldadura-mig/,DESCONOCIDO,revisada,no,,Prueba física de TallerLab: no
/soldadoras/alambre-para-soldadura-mig/,DESCONOCIDO,revisada,no,,Especificaciones contrastadas: sí
/soldadoras/alambre-para-soldadura-mig/,DESCONOCIDO,revisada,no,,Opiniones de compradores: no
/soldadoras/alambre-para-soldadura-mig/,DESCONOCIDO,revisada,no,,Fuentes primarias: sí
/soldadoras/alambre-para-soldadura-mig/,DESCONOCIDO,revisada,no,,Última revisión: 27/09/2026
/soldadoras/alambre-para-soldadura-mig/,DESCONOCIDO,revisada,no,,Diámetro Weld 70S-6 | Corriente de ficha | Tensión | Velocidad de alimentación | Tasa de deposición | Gas especificado
/soldadoras/alambre-para-soldadura-mig/,DESCONOCIDO,revisada,no,,"0,9 mm | 80–175 A | 17–22 V | 2,5–6,4 m/min | 0,7–1,8 kg/h | C1 (CO₂) o M21"
/soldadoras/alambre-para-soldadura-mig/,DESCONOCIDO,revisada,no,,"1,14 mm | 145–200 A | 19–21 V | 3,2–5,1 m/min | 1,5–2,5 kg/h | C1 (CO₂) o M21"
/soldadoras/alambre-para-soldadura-mig/,DATO VERIFICADO,revisada,no,,**Dato verificado:** ESAB clasifica Weld 70S-6 como alambre macizo ER70S-6 y publica gases de protección C1/M21 en su ficha. Los rangos por diámetro reproducen la tabla de depósito de ese producto y mercado; no describen todos los alambres ER70S-6 ni establecen un único ajuste para una máquina concreta.
/soldadoras/alambre-para-soldadura-mig/,ANÁLISIS TALLERLAB,revisada,no,,"**Análisis TallerLab:** al pasar de 0,9 a 1,14 mm, la ficha del producto desplaza los intervalos de corriente y velocidad a valores mayores. En una instalación real también deben coincidir rodillos/guía, rango de la fuente, transferencia, gas y preparación de junta. No convertimos los datos de depósito de catálogo en velocidad de avance de la antorcha."
/soldadoras/alambre-para-soldadura-mig/,DESCONOCIDO,revisada,no,,"**Desconocido:** la fuente mexicana consultada no confirma formatos de bobina ni disponibilidad local; los rangos para 0,6/0,8 mm no se completan con datos de otra marca. La clasificación del alambre no reemplaza el WPS ni valida una aplicación estructural."
/soldadoras/alambre-para-soldadura-mig/,DESCONOCIDO,revisada,no,https://esab.com/mx/nam_es/products-solutions/product/filler-metals/mild-steel/mig-wires-tig-rods-gmaw-gtaw/weld-70s-6/,"Documentación primaria:** [ESAB Weld 70S-6, ficha en español](https://esab.com/mx/nam_es/products-solutions/product/filler-metals/mild-steel/mig-wires-tig-rods-gmaw-gtaw/weld-70s-6/); [ESAB Weld 70S-6, página técnica de producto](https://esab.com/us/nam_en/products-solutions/product/filler-metals/mild-steel/mig-wires-tig-rods-gmaw-gtaw/weld-70s-6/)."
/soldadoras/alambre-para-soldadura-mig/,DESCONOCIDO,revisada,no,,Opiniones de compradores:** no se revisó una muestra verificable.
/soldadoras/alambre-para-soldadura-mig/,DESCONOCIDO,revisada,no,,Para seguir comparando: [E6013: rangos de corriente de un producto específico](/soldadoras/electrodo-6013/).
/soldadoras/alambre-para-soldadura-mig/,DESCONOCIDO,revisada,no,,Para conocer el criterio editorial: [Ver metodología de TallerLab](/como-trabajamos/).
/soldadoras/alambre-para-soldadura-mig/,DESCONOCIDO,revisada,no,,Para explorar la categoría: [guías relacionadas](/soldadoras/alambre-flux/).
/soldadoras/carro-para-soldadora-mig/,DATO VERIFICADO,revisada,no,,**Dato verificado:** las cifras se atribuyen al documento indicado en cada tabla. Los cálculos se identifican como **Análisis TallerLab**; lo no confirmado queda como **Desconocido**. Esta guía es documental y no incluye prueba física.
/soldadoras/carro-para-soldadora-mig/,DESCONOCIDO,revisada,no,,Tipo de análisis: documental
/soldadoras/carro-para-soldadora-mig/,DESCONOCIDO,revisada,no,,Prueba física de TallerLab: no
/soldadoras/carro-para-soldadora-mig/,DESCONOCIDO,revisada,no,,Especificaciones contrastadas: sí
/soldadoras/carro-para-soldadora-mig/,DESCONOCIDO,revisada,no,,Opiniones de compradores: no
/soldadoras/carro-para-soldadora-mig/,DESCONOCIDO,revisada,no,,Fuentes primarias: sí
/soldadoras/carro-para-soldadora-mig/,DESCONOCIDO,revisada,no,,Última revisión: 27/09/2026
/soldadoras/carro-para-soldadora-mig/,DESCONOCIDO,revisada,no,,Carro/código | Dimensiones publicadas | Peso | Cilindro publicado | Carga admitida publicada
/soldadoras/carro-para-soldadora-mig/,DESCONOCIDO,revisada,no,,"Telwin Federal 803091 | 980 × 500 × 1.040 mm | 23,24 kg | Compartimento para cilindro; capacidad/tamaño no publicados en esa página | No publicado"
/soldadoras/carro-para-soldadora-mig/,DESCONOCIDO,revisada,no,,"Lincoln K520/K520-1 | No localizado en manual citado | No localizado | Diámetro exterior máx. 20,6 cm; altura máx. 117 cm; peso máx. 45 kg | 45 kg soldadora sola; 90 kg soldadora + cilindro"
/soldadoras/carro-para-soldadora-mig/,DATO VERIFICADO,revisada,no,,"**Dato verificado:** Telwin describe el modelo Federal 803091 con cuatro ruedas (dos giratorias), compartimento para cilindro y soporte de alimentador, e informa 980 × 500 × 1.040 mm y 23,24 kg. Lincoln documenta para K520/K520-1 los límites de cilindro y carga de la tabla."
/soldadoras/carro-para-soldadora-mig/,ANÁLISIS TALLERLAB,revisada,no,,"**Análisis TallerLab:** antes de elegir, medir la huella de la máquina con conectores, la base y diámetro real del cilindro, el espacio de mangueras/cables y el recorrido de las ruedas. La tabla muestra dos diseños: Telwin publica dimensiones externas pero no capacidad; Lincoln sí pone límites de carga y cilindro en el manual consultado. No se debe inferir resistencia máxima para el Telwin por su peso propio."
/soldadoras/carro-para-soldadora-mig/,ANÁLISIS TALLERLAB,revisada,no,,Medida del taller | Comprobación propia antes de comprar
/soldadoras/carro-para-soldadora-mig/,ANÁLISIS TALLERLAB,revisada,no,,Bandeja superior | Ancho × fondo útil versus base de la máquina y espacio de cables
/soldadoras/carro-para-soldadora-mig/,ANÁLISIS TALLERLAB,revisada,no,,"Cilindro | Diámetro, altura, masa y sujeción admitidos por fabricante"
/soldadoras/carro-para-soldadora-mig/,ANÁLISIS TALLERLAB,revisada,no,,"Carga | Suma de máquina, alimentador, cilindro y consumibles versus carga máxima declarada"
/soldadoras/carro-para-soldadora-mig/,ANÁLISIS TALLERLAB,revisada,no,,"Circulación | Ancho total, radio de giro, umbral y estabilidad con el cilindro asegurado"
/soldadoras/carro-para-soldadora-mig/,DESCONOCIDO,revisada,no,,"**Desconocido:** no se verificó disponibilidad argentina, compatibilidad de montaje por modelo de soldadora, precio, frenos o capacidad nominal del Telwin Federal. Confirmar esas condiciones con el manual del carro exacto."
/soldadoras/carro-para-soldadora-mig/,DESCONOCIDO,revisada,no,https://www.telwin.com/intl/en/products/trolleys/803091-trolley-federal,Documentación primaria:** [Telwin Federal 803091](https://www.telwin.com/intl/en/products/trolleys/803091-trolley-federal); [manual Lincoln K520/K520-1](https://ch-delivery.lincolnelectric.com/api/public/content/0543dfa0438b451096025e84d666a015?v=a71a7ecf).
/soldadoras/carro-para-soldadora-mig/,DESCONOCIDO,revisada,no,,Opiniones de compradores:** no se revisó una muestra verificable.
/soldadoras/carro-para-soldadora-mig/,DESCONOCIDO,revisada,no,,Para seguir comparando: [dimensiones y corriente de la ESAB HandyArc 162i](/soldadoras/esab-handyarc-162i/).
/soldadoras/carro-para-soldadora-mig/,DESCONOCIDO,revisada,no,,Para conocer el criterio editorial: [Ver metodología de TallerLab](/como-trabajamos/).
/soldadoras/carro-para-soldadora-mig/,DESCONOCIDO,revisada,no,,Para explorar la categoría: [guías relacionadas](/soldadoras/).
/soldadoras/electrodo-6013/,DATO VERIFICADO,revisada,no,,**Dato verificado:** las cifras se atribuyen al documento indicado en cada tabla. Los cálculos se identifican como **Análisis TallerLab**; lo no confirmado queda como **Desconocido**. Esta guía es documental y no incluye prueba física.
/soldadoras/electrodo-6013/,DESCONOCIDO,revisada,no,,Tipo de análisis: documental
/soldadoras/electrodo-6013/,DESCONOCIDO,revisada,no,,Prueba física de TallerLab: no
/soldadoras/electrodo-6013/,DESCONOCIDO,revisada,no,,Especificaciones contrastadas: sí
/soldadoras/electrodo-6013/,DESCONOCIDO,revisada,no,,Opiniones de compradores: no
/soldadoras/electrodo-6013/,DESCONOCIDO,revisada,no,,Fuentes primarias: sí
/soldadoras/electrodo-6013/,DESCONOCIDO,revisada,no,,Última revisión: 27/09/2026
/soldadoras/electrodo-6013/,DESCONOCIDO,revisada,no,,Producto de fabricante | Diámetro | Corriente publicada
/soldadoras/electrodo-6013/,DESCONOCIDO,revisada,no,,"ESAB Sureweld 6013 | 2,4 mm | 60–90 A"
/soldadoras/electrodo-6013/,DESCONOCIDO,revisada,no,,"ESAB Sureweld 6013 | 3,2 mm | 120–135 A"
/soldadoras/electrodo-6013/,DESCONOCIDO,revisada,no,,"ESAB LBL BW E6013 | 2,5 mm | 70–90 A"
/soldadoras/electrodo-6013/,DESCONOCIDO,revisada,no,,"ESAB LBL BW E6013 | 3,2 mm | 95–125 A"
/soldadoras/electrodo-6013/,DATO VERIFICADO,revisada,no,,"**Dato verificado:** ambas fuentes identifican sus productos como E6013 y publican los rangos de corriente listados. Aunque las clasificaciones coinciden, las tablas son de líneas comerciales distintas y usan diámetros/presentaciones propios."
/soldadoras/electrodo-6013/,ANÁLISIS TALLERLAB,revisada,no,,"**Análisis TallerLab:** para 3,2 mm, los dos rangos publicados se superponen entre 120 y 125 A, pero sus extremos difieren. Esto muestra por qué la corriente debe tomarse de la caja/ficha del fabricante del electrodo y ajustarse a la fuente y aplicación; no se puede formar una tabla universal sumando marcas. No se recomienda un amperaje para una pieza desconocida."
/soldadoras/electrodo-6013/,DESCONOCIDO,revisada,no,,"**Desconocido:** las páginas ESAB citadas corresponden a referencias de EE. UU. y Bangladesh; no prueban que esos SKU sean los que se venden en Argentina ni sustituyen la ficha de Conarco u otra marca. Para el ejemplar local, verificar diámetro, polaridad/corriente permitida, posición y clasificación en el envase."
/soldadoras/electrodo-6013/,DESCONOCIDO,revisada,no,https://esab.com/us/nam_en/products-solutions/product/filler-metals/mild-steel/stick-electrodes-smaw/sureweld-6013/,Documentación primaria:** [ESAB Sureweld 6013](https://esab.com/us/nam_en/products-solutions/product/filler-metals/mild-steel/stick-electrodes-smaw/sureweld-6013/); [ESAB LBL BW E6013](https://esab.com/bd/ind_en/products-solutions/product/filler-metals/mild-steel/stick-electrodes-smaw/lbl-bw-e6013/); [ESAB Weld 6013](https://esab.com/au/apc_en/products-solutions/product/filler-metals/mild-steel/stick-electrodes-smaw/weld-6013/).
/soldadoras/electrodo-6013/,DESCONOCIDO,revisada,no,,Opiniones de compradores:** no se revisó una muestra verificable.
/soldadoras/electrodo-6013/,DESCONOCIDO,revisada,no,,Para seguir comparando: [E7018: datos del fabricante y almacenamiento](/soldadoras/electrodo-7018/).
/soldadoras/electrodo-6013/,DESCONOCIDO,revisada,no,,Para conocer el criterio editorial: [Ver metodología de TallerLab](/como-trabajamos/).
/soldadoras/electrodo-6013/,DESCONOCIDO,revisada,no,,Para explorar la categoría: [guías relacionadas](/soldadoras/).
/soldadoras/electrodo-7018/,DATO VERIFICADO,revisada,no,,**Dato verificado:** las cifras se atribuyen al documento indicado en cada tabla. Los cálculos se identifican como **Análisis TallerLab**; lo no confirmado queda como **Desconocido**. Esta guía es documental y no incluye prueba física.
/soldadoras/electrodo-7018/,DESCONOCIDO,revisada,no,,Tipo de análisis: documental
/soldadoras/electrodo-7018/,DESCONOCIDO,revisada,no,,Prueba física de TallerLab: no
/soldadoras/electrodo-7018/,DESCONOCIDO,revisada,no,,Especificaciones contrastadas: sí
/soldadoras/electrodo-7018/,DESCONOCIDO,revisada,no,,Opiniones de compradores: no
/soldadoras/electrodo-7018/,DESCONOCIDO,revisada,no,,Fuentes primarias: sí
/soldadoras/electrodo-7018/,DESCONOCIDO,revisada,no,,Última revisión: 27/09/2026
/soldadoras/electrodo-7018/,DESCONOCIDO,revisada,no,,Referencia documentada | Diámetro de electrodo | Rango del fabricante
/soldadoras/electrodo-7018/,DESCONOCIDO,revisada,no,,"ESAB Atom Arc 7018, hoja México | 2,4 mm | 70–110 A"
/soldadoras/electrodo-7018/,DESCONOCIDO,revisada,no,,"ESAB Atom Arc 7018, hoja México | 3,2 mm | 90–160 A"
/soldadoras/electrodo-7018/,DESCONOCIDO,revisada,no,,"ESAB Atom Arc 7018, hoja México | 4,0 mm | 130–220 A"
/soldadoras/electrodo-7018/,DESCONOCIDO,revisada,no,,"ESAB HandyArc 162i, salida MMA | Corriente máxima de fuente | 160 A al 20 %; 92 A al 60 %; 72 A al 100 %"
/soldadoras/electrodo-7018/,DATO VERIFICADO,revisada,no,,"**Dato verificado:** ESAB clasifica Atom Arc 7018 como E7018 H4R y publica los rangos por diámetro de la tabla. La ficha de HandyArc 162i publica corriente nominal de salida de 160 A al 20 % de ciclo, 92 A al 60 % y 72 A al 100 % a 220 V."
/soldadoras/electrodo-7018/,ANÁLISIS TALLERLAB,revisada,no,,"**Análisis TallerLab:** los 160 A máximos de la máquina no son un ajuste continuo: el ciclo publicado baja a 92 A/60 % y 72 A/100 %. Además, el rango de 4,0 mm de la ficha del electrodo se extiende a 220 A, por encima de la salida máxima de esta máquina. Eso compara dos hojas técnicas, no dicta que un diámetro sea adecuado para una junta o que una fuente produzca el resultado requerido."
/soldadoras/electrodo-7018/,DESCONOCIDO,revisada,no,,"**Desconocido:** Atom Arc 7018 H4R es un producto concreto y su rango no se aplica automáticamente a cualquier E7018, marca o lote local. No se indica un procedimiento de secado/horneado universal; seguir etiqueta, empaque y manual del consumible exacto, especialmente para electrodos bajo hidrógeno."
/soldadoras/electrodo-7018/,DESCONOCIDO,revisada,no,https://esab.com/mx/nam_es/products-solutions/product/filler-metals/mild-steel/stick-electrodes-smaw/atom-arc-7018/,"Documentación primaria:** [ESAB Atom Arc 7018, ficha México](https://esab.com/mx/nam_es/products-solutions/product/filler-metals/mild-steel/stick-electrodes-smaw/atom-arc-7018/); [ESAB HandyArc 142i/162i, ficha Argentina](https://esab.com/ar/sam_es/products-solutions/product/welding-equipment/stick-welders-smaw/handyarc-132i-dv-142i-162i/); [ESAB 7018, datos de otro producto regional](https://esab.com/us/nam_en/products-solutions/product/filler-metals/mild-steel/stick-electrodes-smaw/esab-7018/)"
/soldadoras/electrodo-7018/,DESCONOCIDO,revisada,no,,Opiniones de compradores:** no se revisó una muestra verificable.
/soldadoras/electrodo-7018/,DESCONOCIDO,revisada,no,,Para seguir comparando: [electrodos inoxidables: clasificación y metal base](/soldadoras/electrodo-para-acero-inoxidable/).
/soldadoras/electrodo-7018/,DESCONOCIDO,revisada,no,,Para conocer el criterio editorial: [Ver metodología de TallerLab](/como-trabajamos/).
/soldadoras/electrodo-7018/,DESCONOCIDO,revisada,no,,Para explorar la categoría: [guías relacionadas](/soldadoras/electrodo-6013/).
/soldadoras/electrodo-para-acero-inoxidable/,DATO VERIFICADO,revisada,no,,**Dato verificado:** las cifras se atribuyen al documento indicado en cada tabla. Los cálculos se identifican como **Análisis TallerLab**; lo no confirmado queda como **Desconocido**. Esta guía es documental y no incluye prueba física.
/soldadoras/electrodo-para-acero-inoxidable/,DESCONOCIDO,revisada,no,,Tipo de análisis: documental
/soldadoras/electrodo-para-acero-inoxidable/,DESCONOCIDO,revisada,no,,Prueba física de TallerLab: no
/soldadoras/electrodo-para-acero-inoxidable/,DESCONOCIDO,revisada,no,,Especificaciones contrastadas: sí
/soldadoras/electrodo-para-acero-inoxidable/,DESCONOCIDO,revisada,no,,Opiniones de compradores: no
/soldadoras/electrodo-para-acero-inoxidable/,DESCONOCIDO,revisada,no,,Fuentes primarias: sí
/soldadoras/electrodo-para-acero-inoxidable/,DESCONOCIDO,revisada,no,,Última revisión: 27/09/2026
/soldadoras/electrodo-para-acero-inoxidable/,DESCONOCIDO,revisada,no,,Referencia ESAB | Clasificación | Uso descrito por el fabricante en la ficha consultada | Dato de corriente de producto
/soldadoras/electrodo-para-acero-inoxidable/,DESCONOCIDO,revisada,no,,OK 308L | AWS A5.4 E308L-16 | Aceros del tipo 19Cr10Ni; la ficha menciona aceros estabilizados de composición similar con límite específico | No se incorpora rango sin cotejar la variante local
/soldadoras/electrodo-para-acero-inoxidable/,DESCONOCIDO,revisada,no,,"Cromarco 316L-16 Premium | AWS A5.4 E316L-16 | AISI 316/316L | 2,4 mm: 40–80 A; 3,2 mm: 70–110 A; 4,0 mm: 100–145 A"
/soldadoras/electrodo-para-acero-inoxidable/,DESCONOCIDO,revisada,no,,OK 67.61 N | SFA/AWS A5.4 E309L-16 | Clasificación confirmada en la página ESAB Argentina; no se extrapola aquí un procedimiento de unión disímil | Verificar corriente en la ficha/paquete del diámetro local
/soldadoras/electrodo-para-acero-inoxidable/,DATO VERIFICADO,revisada,no,,"**Dato verificado:** las páginas de producto ESAB identifican las clasificaciones de la tabla. La ficha de Cromarco 316L-16 Premium señala uso en AISI 316/316L y publica corrientes por diámetro; OK 308L se describe para aceros 19Cr10Ni. Para OK 67.61 N, la página ESAB Argentina confirma E309L-16."
/soldadoras/electrodo-para-acero-inoxidable/,ANÁLISIS TALLERLAB,revisada,no,,"**Análisis TallerLab:** los sufijos y la clasificación cambian el metal de aporte; no basta decir «electrodo inoxidable». La tabla ayuda a cruzar el metal base con la descripción del producto exacto. Compatibilidad química, temperatura de servicio, corrosión, preparación y calificación requieren consultar el código/procedimiento aplicable; esta matriz no aprueba una unión para servicio crítico."
/soldadoras/electrodo-para-acero-inoxidable/,DESCONOCIDO,revisada,no,,"**Desconocido:** no se confirmaron equivalencias entre marcas ni designaciones AWS/EN para los electrodos ofrecidos localmente, tampoco precio o disponibilidad actual. No se prescribe un E309L para toda unión inoxidable–acero al carbono ni una polaridad sin manual del producto."
/soldadoras/electrodo-para-acero-inoxidable/,DESCONOCIDO,revisada,no,https://esab.com/au/apc_en/products-solutions/product/filler-metals/stainless-steel/stick-electrodes-smaw/ok-308l/,"Documentación primaria:** [ESAB OK 308L](https://esab.com/au/apc_en/products-solutions/product/filler-metals/stainless-steel/stick-electrodes-smaw/ok-308l/); [ESAB Cromarco 316L-16 Premium](https://esab.com/co/sam_es/products-solutions/product/filler-metals/stainless-steel/stick-electrodes-smaw/cromarco-316l-16-premium/); [ESAB OK 67.61 N, Argentina](https://esab.com/ar/sam_es/products-solutions/product/filler-metals/stainless-steel/stick-electrodes-smaw/ok-67-61-n/)."
/soldadoras/electrodo-para-acero-inoxidable/,DESCONOCIDO,revisada,no,,Opiniones de compradores:** no se revisó una muestra verificable.
/soldadoras/electrodo-para-acero-inoxidable/,DESCONOCIDO,revisada,no,,Para seguir comparando: [electrodo para fundición: Ni-CI y NiFe-CI](/soldadoras/electrodo-para-fundicion/).
/soldadoras/electrodo-para-acero-inoxidable/,DESCONOCIDO,revisada,no,,Para conocer el criterio editorial: [Ver metodología de TallerLab](/como-trabajamos/).
/soldadoras/electrodo-para-acero-inoxidable/,DESCONOCIDO,revisada,no,,Para explorar la categoría: [guías relacionadas](/soldadoras/electrodo-7018/).
/soldadoras/electrodo-para-fundicion/,DATO VERIFICADO,revisada,no,,**Dato verificado:** las cifras se atribuyen al documento indicado en cada tabla. Los cálculos se identifican como **Análisis TallerLab**; lo no confirmado queda como **Desconocido**. Esta guía es documental y no incluye prueba física.
/soldadoras/electrodo-para-fundicion/,DESCONOCIDO,revisada,no,,Tipo de análisis: documental
/soldadoras/electrodo-para-fundicion/,DESCONOCIDO,revisada,no,,Prueba física de TallerLab: no
/soldadoras/electrodo-para-fundicion/,DESCONOCIDO,revisada,no,,Especificaciones contrastadas: sí
/soldadoras/electrodo-para-fundicion/,DESCONOCIDO,revisada,no,,Opiniones de compradores: no
/soldadoras/electrodo-para-fundicion/,DESCONOCIDO,revisada,no,,Fuentes primarias: sí
/soldadoras/electrodo-para-fundicion/,DESCONOCIDO,revisada,no,,Última revisión: 27/09/2026
/soldadoras/electrodo-para-fundicion/,DESCONOCIDO,revisada,no,,Producto / clasificación | Familia de aleación publicada | Aplicación que indica ESAB | Corriente publicada por diámetro
/soldadoras/electrodo-para-fundicion/,DESCONOCIDO,revisada,no,,"OK Ni-CI, AWS A5.15 ENi-CI | Base níquel; análisis típico 94 % Ni en ficha | Reparación/unión de fundiciones grises, dúctiles y maleables; también hierro fundido con acero | 2,5 mm: 55–110 A; 3,2 mm: 80–140 A"
/soldadoras/electrodo-para-fundicion/,DESCONOCIDO,revisada,no,,"OK NiFe-CI, AWS A5.15 ENiFe-CI | Níquel-hierro; análisis típico 53 % Ni y 44 % Fe en ficha | Producto ESAB para fundición; confirmar el caso exacto en hoja técnica | 2,5 mm: 60–100 A; 3,2 mm: 80–150 A"
/soldadoras/electrodo-para-fundicion/,DATO VERIFICADO,revisada,no,,**Dato verificado:** ESAB clasifica OK Ni-CI como ENi-CI y OK NiFe-CI como ENiFe-CI. Sus páginas informan composiciones típicas y rangos de corriente específicos para cada diámetro. ESAB describe OK Ni-CI para ciertos grados normales de fundición y uniones con acero; esas indicaciones corresponden a ese producto.
/soldadoras/electrodo-para-fundicion/,ANÁLISIS TALLERLAB,revisada,no,,"**Análisis TallerLab:** la tabla permite comprobar clasificación y contenido nominal de aleación antes de comprar. No convierte «níquel puro» o «ferroníquel» en una selección suficiente: la fundición, contaminación, geometría, restricción y servicio de la pieza pueden cambiar el método requerido. Una reparación de componente presurizado, de seguridad o con carga exige procedimiento y personal calificado."
/soldadoras/electrodo-para-fundicion/,DESCONOCIDO,revisada,no,,"**Desconocido:** no se identificó composición de la pieza a reparar ni se ensayaron cordones. No se recomienda universalmente soldar «en frío» o precalentar a una temperatura fija; aplicar solo las instrucciones del consumible, el código y la evaluación técnica de la pieza."
/soldadoras/electrodo-para-fundicion/,DESCONOCIDO,revisada,no,https://esab.com/au/apc_en/products-solutions/product/filler-metals/nickel/stick-electrodes-smaw/ok-ni-ci/,Documentación primaria:** [ESAB OK Ni-CI](https://esab.com/au/apc_en/products-solutions/product/filler-metals/nickel/stick-electrodes-smaw/ok-ni-ci/); [ESAB OK NiFe-CI](https://esab.com/es/eur_es/products-solutions/product/filler-metals/other/repair-and-maintenance/ok-nife-ci/).
/soldadoras/electrodo-para-fundicion/,DESCONOCIDO,revisada,no,,Opiniones de compradores:** no se revisó una muestra verificable.
/soldadoras/electrodo-para-fundicion/,DESCONOCIDO,revisada,no,,Para seguir comparando: [fuente MMA y rango de corriente de ESAB HandyArc](/soldadoras/esab-handyarc-162i/).
/soldadoras/electrodo-para-fundicion/,DESCONOCIDO,revisada,no,,Para conocer el criterio editorial: [Ver metodología de TallerLab](/como-trabajamos/).
/soldadoras/electrodo-para-fundicion/,DESCONOCIDO,revisada,no,,Para explorar la categoría: [guías relacionadas](/soldadoras/electrodo-para-acero-inoxidable/).
/soldadoras/esab-handyarc-162i/,DATO VERIFICADO,revisada,no,,**Dato verificado:** las cifras se atribuyen al documento indicado en cada tabla. Los cálculos se identifican como **Análisis TallerLab**; lo no confirmado queda como **Desconocido**. Esta guía es documental y no incluye prueba física.
/soldadoras/esab-handyarc-162i/,DESCONOCIDO,revisada,no,,Tipo de análisis: documental
/soldadoras/esab-handyarc-162i/,DESCONOCIDO,revisada,no,,Prueba física de TallerLab: no
/soldadoras/esab-handyarc-162i/,DESCONOCIDO,revisada,no,,Especificaciones contrastadas: sí
/soldadoras/esab-handyarc-162i/,DESCONOCIDO,revisada,no,,Opiniones de compradores: no
/soldadoras/esab-handyarc-162i/,DESCONOCIDO,revisada,no,,Fuentes primarias: sí
/soldadoras/esab-handyarc-162i/,DESCONOCIDO,revisada,no,,Última revisión: 27/09/2026
/soldadoras/esab-handyarc-162i/,DESCONOCIDO,revisada,no,,Parámetro HandyArc 162i (0409616) | Dato publicado por ESAB Argentina
/soldadoras/esab-handyarc-162i/,DESCONOCIDO,revisada,no,,"Alimentación | 220 V ±10 %, monofásica, 50/60 Hz"
/soldadoras/esab-handyarc-162i/,DESCONOCIDO,revisada,no,,Rango de corriente MMA | 20–160 A
/soldadoras/esab-handyarc-162i/,DESCONOCIDO,revisada,no,,"Salida nominal al 20 % | 160 A / 26,4 V"
/soldadoras/esab-handyarc-162i/,DESCONOCIDO,revisada,no,,"Salida nominal al 60 % | 92 A / 23,7 V"
/soldadoras/esab-handyarc-162i/,DESCONOCIDO,revisada,no,,"Salida nominal al 100 % | 72 A / 22,9 V"
/soldadoras/esab-handyarc-162i/,DESCONOCIDO,revisada,no,,"Potencia aparente | 7,04 kVA"
/soldadoras/esab-handyarc-162i/,DESCONOCIDO,revisada,no,,"Generador recomendado por ESAB | 10,5 kVA"
/soldadoras/esab-handyarc-162i/,DESCONOCIDO,revisada,no,,Protección / norma | IP21S / IEC 60974-1
/soldadoras/esab-handyarc-162i/,DATO VERIFICADO,revisada,no,,"**Dato verificado:** ESAB Argentina publica los datos anteriores para HandyArc 162i, número de producto 0409616. El ciclo de trabajo identifica puntos distintos de corriente/tensión nominal; 160 A aparece al 20 %, mientras que la salida indicada al 100 % es 72 A."
/soldadoras/esab-handyarc-162i/,ANÁLISIS TALLERLAB,revisada,no,,"**Análisis TallerLab:** la relación de la propia tabla impide interpretar «162» o «160 A» como corriente sostenida: el amperaje publicado varía según ciclo. El generador de 10,5 kVA es una recomendación de ESAB para el producto y no verifica por sí sola el tamaño de cualquier instalación, alargue o generador disponible."
/soldadoras/esab-handyarc-162i/,ANÁLISIS TALLERLAB,revisada,no,,Antes de comprar | Confirmación necesaria
/soldadoras/esab-handyarc-162i/,ANÁLISIS TALLERLAB,revisada,no,,"Identidad | Modelo HandyArc 162i y código 0409616, no la 142i ni HandyArc MIG 160i"
/soldadoras/esab-handyarc-162i/,ANÁLISIS TALLERLAB,revisada,no,,"Red eléctrica | Tensión, protección y sección de conductores según placa/manual y normativa local"
/soldadoras/esab-handyarc-162i/,ANÁLISIS TALLERLAB,revisada,no,,"Consumible | Diámetro, clasificación, polaridad y amperaje de la ficha del electrodo"
/soldadoras/esab-handyarc-162i/,ANÁLISIS TALLERLAB,revisada,no,,"Accesorios/garantía | Lista de entrega, distribuidor, cobertura y servicio vigentes"
/soldadoras/esab-handyarc-162i/,DESCONOCIDO,revisada,no,,"**Desconocido:** no se inspeccionó unidad física, precio local, contenido de una oferta ni resultados de soldadura. La página comercial no basta para confirmar qué pinza, cable u otros accesorios incluye cada paquete."
/soldadoras/esab-handyarc-162i/,DESCONOCIDO,revisada,no,https://esab.com/ar/sam_es/products-solutions/product/welding-equipment/stick-welders-smaw/handyarc-132i-dv-142i-162i/,"Documentación primaria:** [ESAB HandyArc 142i/162i, página oficial Argentina](https://esab.com/ar/sam_es/products-solutions/product/welding-equipment/stick-welders-smaw/handyarc-132i-dv-142i-162i/); [hoja técnica ESAB HandyArc 162i](https://assets.esab.com/assetbank-esab/assetfile/41560.pdf)."
/soldadoras/esab-handyarc-162i/,DESCONOCIDO,revisada,no,,Opiniones de compradores:** no se revisó una muestra verificable.
/soldadoras/esab-handyarc-162i/,DESCONOCIDO,revisada,no,,Para seguir comparando: [amperajes de electrodos E7018 según ficha](/soldadoras/electrodo-7018/).
/soldadoras/esab-handyarc-162i/,DESCONOCIDO,revisada,no,,Para conocer el criterio editorial: [Ver metodología de TallerLab](/como-trabajamos/).
/soldadoras/esab-handyarc-162i/,DESCONOCIDO,revisada,no,,Para explorar la categoría: [guías relacionadas](/soldadoras/).
/soldadoras/esab/,DATO VERIFICADO,revisada,no,,"**Dato verificado:** las especificaciones se atribuyen al fabricante y al modelo/código indicado. Los cálculos se identifican como **Análisis TallerLab**; lo no confirmado queda como **Desconocido**. Esta guía es documental, sin prueba física ni muestra de opiniones."
/soldadoras/esab/,DESCONOCIDO,revisada,no,,Tipo de análisis: documental
/soldadoras/esab/,DESCONOCIDO,revisada,no,,Prueba física de TallerLab: no
/soldadoras/esab/,DESCONOCIDO,revisada,no,,Especificaciones contrastadas: sí
/soldadoras/esab/,DESCONOCIDO,revisada,no,,Opiniones de compradores: no
/soldadoras/esab/,DESCONOCIDO,revisada,no,,Fuentes primarias: sí
/soldadoras/esab/,DESCONOCIDO,revisada,no,,Última revisión: 27/09/2026
/soldadoras/esab/,DESCONOCIDO,revisada,no,,Modelo/código ESAB Argentina | Procesos que publica ESAB | Corriente y ciclo publicados | Alimentación y peso
/soldadoras/esab/,DESCONOCIDO,revisada,no,,"HandyArc 162i, 0409616 | MMA | 160 A/20%; 92 A/60%; 72 A/100% | 220 V ±10%, monofásica; 3,7 kg"
/soldadoras/esab/,DESCONOCIDO,revisada,no,,"HandyArc MIG 160i, 0410060 | GMAW (MIG/MAG) y MMA | GMAW: 160 A/15%, 80 A/60%, 62 A/100%; MMA: 140 A/15%, 70 A/60%, 54 A/100% | 220 V ±10%; 10,2 kg"
/soldadoras/esab/,DATO VERIFICADO,revisada,no,,**Dato verificado:** la tabla copia los puntos nominales que ESAB Argentina publica para dos equipos con procesos distintos. La 162i es una fuente MMA; la MIG 160i agrega proceso GMAW y alimentación de alambre. El nombre comercial «160» no significa el mismo ciclo ni las mismas funciones en ambos modelos.
/soldadoras/esab/,ANÁLISIS TALLERLAB,revisada,no,,"**Análisis TallerLab:** al comparar ofertas, primero identificá el proceso requerido y el código; después leé juntos corriente, tensión y porcentaje de ciclo. En MMA, la 162i llega a 72 A al 100%; en GMAW, la MIG 160i declara 62 A al 100%. Son datos de placa/ficha, no una medición de TallerLab ni una recomendación de espesor."
/soldadoras/esab/,ANÁLISIS TALLERLAB,revisada,no,,Verificación de compra | Qué coincide en la documentación
/soldadoras/esab/,ANÁLISIS TALLERLAB,revisada,no,,Proceso | MMA para 162i; GMAW y MMA para MIG 160i
/soldadoras/esab/,ANÁLISIS TALLERLAB,revisada,no,,Red | Ambas páginas indican 220 V; comprobar placa y circuito local
/soldadoras/esab/,ANÁLISIS TALLERLAB,revisada,no,,Consumible | Electrodo revestido para MMA; alambre y configuración compatibles para GMAW
/soldadoras/esab/,ANÁLISIS TALLERLAB,revisada,no,,Paquete | Accesorios y garantía deben verificarse en la oferta del código adquirido
/soldadoras/esab/,DESCONOCIDO,revisada,no,,"**Desconocido:** la guía no confirma inventario, precio, términos de garantía por distribuidor ni el contenido de cada publicación comercial. No se revisó una muestra de compradores ni se probó una máquina."
/soldadoras/esab/,DESCONOCIDO,revisada,no,https://esab.com/ar/sam_es/products-solutions/product/welding-equipment/stick-welders-smaw/handyarc-132i-dv-142i-162i/,"Documentación primaria:** [ESAB HandyArc 142i/162i, Argentina](https://esab.com/ar/sam_es/products-solutions/product/welding-equipment/stick-welders-smaw/handyarc-132i-dv-142i-162i/); [hoja técnica ES-AR HandyArc 142i/162i](https://assets.esab.com/assetbank-esab/assetfile/41560.pdf); [ESAB HandyArc MIG 160i, Argentina](https://esab.com/ar/sam_es/products-solutions/product/welding-equipment/mig-welders-gmaw/handyarc-mig-160i/)."
/soldadoras/esab/,DESCONOCIDO,revisada,no,,Opiniones de compradores:** no se revisó una muestra verificable.
/soldadoras/esab/,DESCONOCIDO,revisada,no,,Para seguir comparando: [ficha y ciclo de trabajo ESAB HandyArc 162i](/soldadoras/esab-handyarc-162i/).
/soldadoras/esab/,DESCONOCIDO,revisada,no,,Para conocer el criterio editorial: [Ver metodología de TallerLab](/como-trabajamos/).
/soldadoras/esab/,DESCONOCIDO,revisada,no,,Para explorar la categoría: [guías relacionadas](/soldadoras/).
/soldadoras/guantes/,DATO VERIFICADO,revisada,no,,"**Dato verificado:** las especificaciones se atribuyen al fabricante y al modelo/código indicado. Los cálculos se identifican como **Análisis TallerLab**; lo no confirmado queda como **Desconocido**. Esta guía es documental, sin prueba física ni muestra de opiniones."
/soldadoras/guantes/,DESCONOCIDO,revisada,no,,Tipo de análisis: documental
/soldadoras/guantes/,DESCONOCIDO,revisada,no,,Prueba física de TallerLab: no
/soldadoras/guantes/,DESCONOCIDO,revisada,no,,Especificaciones contrastadas: sí
/soldadoras/guantes/,DESCONOCIDO,revisada,no,,Opiniones de compradores: no
/soldadoras/guantes/,DESCONOCIDO,revisada,no,,Fuentes primarias: sí
/soldadoras/guantes/,DESCONOCIDO,revisada,no,,Última revisión: 27/09/2026
/soldadoras/guantes/,DESCONOCIDO,revisada,no,,Producto ESAB | Proceso indicado por fabricante | Construcción publicada | Norma declarada | Peso publicado
/soldadoras/guantes/,DESCONOCIDO,revisada,no,,"Heavy Duty Black, 0615465 | Guante de soldador general; la ficha lo agrupa con guantes Heavy Duty | Palma reforzada, pulgar palmeado y forro hasta el puño | EN 407 413X4X; EN 12477 Type A; EN 388 4134X | 350 g"
/soldadoras/guantes/,DESCONOCIDO,revisada,no,,"TIG Basic, 0700500460 | TIG | Cuero vacuno dividido y piel de cabra; sin forro | EN 407 413X4X; EN 12477 Type A; EN 388 2122X | 160 g"
/soldadoras/guantes/,DATO VERIFICADO,revisada,no,,"**Dato verificado:** las fichas ESAB publican las construcciones, masas y códigos de la tabla. La designación EN 12477 Type A y los códigos EN 388/EN 407 corresponden a esos productos concretos y a la documentación del fabricante."
/soldadoras/guantes/,ANÁLISIS TALLERLAB,revisada,no,,"**Análisis TallerLab:** la comparación muestra diferencias comprobables (190 g entre los productos y construcción forrada frente a no forrada). No demuestra que uno sea más seguro para cualquier trabajo ni permite trasladar sus valores a guantes sin código y declaración de conformidad equivalentes. Para comprar, comprobar talla, etiqueta, daños, puño y estado del par; seguir la evaluación de riesgos del puesto y las instrucciones del fabricante."
/soldadoras/guantes/,DESCONOCIDO,revisada,no,,"**Desconocido:** no se verificó protección térmica de guantes genéricos por espesor o tipo de cuero, temperaturas de contacto admisibles, tiempo de servicio, stock local ni equivalencia de la nomenclatura comercial con una certificación. Una descripción de cuero o costura no reemplaza el marcado y la ficha del EPP."
/soldadoras/guantes/,DESCONOCIDO,revisada,no,https://esab.com/pe/sam_es/products-solutions/product/ppe-safety/hands-and-body/heavy-duty-black-gloves/,Documentación primaria:** [ESAB Guantes Heavy Duty Black](https://esab.com/pe/sam_es/products-solutions/product/ppe-safety/hands-and-body/heavy-duty-black-gloves/); [ESAB TIG Basic Glove](https://esab.com/ae/mea_en/products-solutions/product/ppe-safety/hands-and-body/tig-basic-glove/); [ESAB Heavy Duty EXL](https://esab.com/ae/mea_en/products-solutions/product/ppe-safety/hands-and-body/heavy-duty-exl/) como ficha adicional de la familia de guantes.
/soldadoras/guantes/,DESCONOCIDO,revisada,no,,Opiniones de compradores:** no se revisó una muestra verificable.
/soldadoras/guantes/,DESCONOCIDO,revisada,no,,Para seguir comparando: [máscaras fotosensibles: datos declarados por modelo](/soldadoras/mascaras-fotosensibles/).
/soldadoras/guantes/,DESCONOCIDO,revisada,no,,Para conocer el criterio editorial: [Ver metodología de TallerLab](/como-trabajamos/).
/soldadoras/guantes/,DESCONOCIDO,revisada,no,,Para explorar la categoría: [guías relacionadas](/soldadoras/).
/soldadoras/lusqtoff-iron-100/,DATO VERIFICADO,revisada,no,,"**Dato verificado:** las especificaciones se atribuyen al fabricante y al modelo/código indicado. Los cálculos se identifican como **Análisis TallerLab**; lo no confirmado queda como **Desconocido**. Esta guía es documental, sin prueba física ni muestra de opiniones."
/soldadoras/lusqtoff-iron-100/,DESCONOCIDO,revisada,no,,Tipo de análisis: documental
/soldadoras/lusqtoff-iron-100/,DESCONOCIDO,revisada,no,,Prueba física de TallerLab: no
/soldadoras/lusqtoff-iron-100/,DESCONOCIDO,revisada,no,,Especificaciones contrastadas: sí
/soldadoras/lusqtoff-iron-100/,DESCONOCIDO,revisada,no,,Opiniones de compradores: no
/soldadoras/lusqtoff-iron-100/,DESCONOCIDO,revisada,no,,Fuentes primarias: sí
/soldadoras/lusqtoff-iron-100/,DESCONOCIDO,revisada,no,,Última revisión: 27/09/2026
/soldadoras/lusqtoff-iron-100/,DESCONOCIDO,revisada,no,,Referencia Lüsqtoff | Corriente/ciclo que publica la fuente | Peso | Qué incluye la fuente citada
/soldadoras/lusqtoff-iron-100/,DESCONOCIDO,revisada,no,,"IRON-100, catálogo 2020/21 | Rango 10–105 A; no se transcribe un ciclo | 3,2 kg | No es una oferta de kit documentada en ese recorte"
/soldadoras/lusqtoff-iron-100/,DESCONOCIDO,revisada,no,,"MEGAIRON100-8, ficha actual | Ciclo MMA 105 A al 30%; la ficha de producto no informa rango completo | No publicado en ficha de producto citada | Soldadora, máscara ST-1X y dos escuadras magnéticas"
/soldadoras/lusqtoff-iron-100/,DATO VERIFICADO,revisada,no,,"**Dato verificado:** el catálogo histórico denomina al primer equipo IRON-100 y le asigna 220 V/50 Hz, proceso MMA, rango 10–105 A, peso 3,2 kg y garantía indicada de seis meses en esa edición. La página actual MEGAIRON100-8 describe otro código de kit, con ciclo MMA 30% a 105 A y los accesorios de la tabla. No hay evidencia de que las cifras de peso, rango y garantía de la primera referencia deban copiarse al segundo SKU."
/soldadoras/lusqtoff-iron-100/,ANÁLISIS TALLERLAB,revisada,no,,"**Análisis TallerLab:** «Iron 100» en un título de publicación puede referirse a la máquina anterior o al kit MEGAIRON100-8. Para comparar precio, peso o cobertura, confirmar código completo en placa/factura y separar fuente, máscara y escuadras. El amperaje máximo anunciado no indica por sí solo una salida continua: el kit 100-8 declara un punto de 105 A con ciclo del 30%."
/soldadoras/lusqtoff-iron-100/,DESCONOCIDO,revisada,no,,"**Desconocido:** la ficha consultada no detalla masa ni ciclo completo del MEGAIRON100-8, y el catálogo 2020/21 no prueba condiciones de garantía actuales. Verificar manual vigente, tensión nominal, accesorios de la caja y garantía escrita del distribuidor antes de compra."
/soldadoras/lusqtoff-iron-100/,DESCONOCIDO,revisada,no,https://www.lusqtoff.com.ar/ver-producto/MEGAIRON100-8,"Documentación primaria:** [Lüsqtoff MEGAIRON100-8](https://www.lusqtoff.com.ar/ver-producto/MEGAIRON100-8); [catálogo oficial Lüsqtoff 2020/21, IRON-100](https://lusqtoff.com.ar/files/Catalogo_Lusqtoff_2020.pdf); [manual oficial MEGAIRON100-8](https://www.lusqtoff.com.ar/2023/uploads/Productos/NUEVOS/SOLDADORAS_INVERTER/MEGAIRON100-8/manual%20MEGAIRON100-8_compressed%20%281%29.pdf)."
/soldadoras/lusqtoff-iron-100/,DESCONOCIDO,revisada,no,,Opiniones de compradores:** no se revisó una muestra verificable.
/soldadoras/lusqtoff-iron-100/,DESCONOCIDO,revisada,no,,Para seguir comparando: [datos publicados del kit Lusqtoff Iron 250](/soldadoras/lusqtoff-iron-250/).
/soldadoras/lusqtoff-iron-100/,DESCONOCIDO,revisada,no,,Para conocer el criterio editorial: [Ver metodología de TallerLab](/como-trabajamos/).
/soldadoras/lusqtoff-iron-100/,DESCONOCIDO,revisada,no,,Para explorar la categoría: [guías relacionadas](/soldadoras/lusqtoff/).
/soldadoras/lusqtoff-iron-250/,DATO VERIFICADO,revisada,no,,"**Dato verificado:** las especificaciones se atribuyen al fabricante y al modelo/código indicado. Los cálculos se identifican como **Análisis TallerLab**; lo no confirmado queda como **Desconocido**. Esta guía es documental, sin prueba física ni muestra de opiniones."
/soldadoras/lusqtoff-iron-250/,DESCONOCIDO,revisada,no,,Tipo de análisis: documental
/soldadoras/lusqtoff-iron-250/,DESCONOCIDO,revisada,no,,Prueba física de TallerLab: no
/soldadoras/lusqtoff-iron-250/,DESCONOCIDO,revisada,no,,Especificaciones contrastadas: sí
/soldadoras/lusqtoff-iron-250/,DESCONOCIDO,revisada,no,,Opiniones de compradores: no
/soldadoras/lusqtoff-iron-250/,DESCONOCIDO,revisada,no,,Fuentes primarias: sí
/soldadoras/lusqtoff-iron-250/,DESCONOCIDO,revisada,no,,Última revisión: 27/09/2026
/soldadoras/lusqtoff-iron-250/,DESCONOCIDO,revisada,no,,Dato del kit Lüsqtoff MEGAIRON250 | Declaración del fabricante
/soldadoras/lusqtoff-iron-250/,DESCONOCIDO,revisada,no,,Equipo incluido | Soldadora identificada como IRON-250 dentro de kit MEGAIRON250
/soldadoras/lusqtoff-iron-250/,DESCONOCIDO,revisada,no,,Tensión/frecuencia | 220 V ±15%; 50 Hz; monofásica
/soldadoras/lusqtoff-iron-250/,DESCONOCIDO,revisada,no,,Rango de salida publicado | 20–180 A
/soldadoras/lusqtoff-iron-250/,DESCONOCIDO,revisada,no,,"Ciclo a 40 °C | 180 A / 27,2 V al 40%; 114 A / 24,2 V al 100%"
/soldadoras/lusqtoff-iron-250/,DESCONOCIDO,revisada,no,,"Entrada nominal | 6,5 kW; corriente de entrada 30 A"
/soldadoras/lusqtoff-iron-250/,DESCONOCIDO,revisada,no,,Masa publicada | 5 kg
/soldadoras/lusqtoff-iron-250/,DESCONOCIDO,revisada,no,,Accesorios del kit | Máscara ST-1X y dos escuadras magnéticas LQE-6001
/soldadoras/lusqtoff-iron-250/,DATO VERIFICADO,revisada,no,,"**Dato verificado:** aunque el nombre comercial incluye «250», la ficha de MEGAIRON250 identifica la máquina como IRON-250 y declara rango de salida hasta 180 A. La misma ficha publica los dos puntos de ciclo de trabajo en la tabla. Presentamos lo que dice esa página, no una medición independiente."
/soldadoras/lusqtoff-iron-250/,ANÁLISIS TALLERLAB,revisada,no,,"**Análisis TallerLab:** para comparar equipos, la salida máxima de ficha y el ciclo de trabajo describen aspectos distintos. En este caso, el fabricante publica 180 A al 40% y 114 A al 100%; el número «250» del nombre no debe leerse como corriente de salida verificada. Los 6,5 kW y 30 A de entrada también requieren verificar el circuito según la placa y normativa local."
/soldadoras/lusqtoff-iron-250/,DESCONOCIDO,revisada,no,,"**Desconocido:** no se confirmó si el vendedor entrega exactamente la máscara, escuadras y configuración de la ficha, ni precio vigente, garantía aplicable, longitud/sección de cables o desempeño con un electrodo y unión particulares. Confirmar código y manual con el vendedor."
/soldadoras/lusqtoff-iron-250/,DESCONOCIDO,revisada,no,https://www.lusqtoff.com.ar/ver-producto/MEGAIRON250,"Documentación primaria:** [Lüsqtoff MEGAIRON250, ficha oficial](https://www.lusqtoff.com.ar/ver-producto/MEGAIRON250); [catálogo Lüsqtoff 2023/24](https://lusqtoff.com.ar/2023/uploads/Catalogos/CAT%C3%81LOGO%20LQ%202024-2025%20-%20web%20%281%29.pdf); [sitio oficial de soldadoras inverter Lüsqtoff](https://lusqtoff.com.ar/ver-productos/13-soldadoras-inverter)."
/soldadoras/lusqtoff-iron-250/,DESCONOCIDO,revisada,no,,Opiniones de compradores:** no se revisó una muestra verificable.
/soldadoras/lusqtoff-iron-250/,DESCONOCIDO,revisada,no,,Para seguir comparando: [kit MEGAIRON100-8: ciclo y contenidos declarados](/soldadoras/lusqtoff-iron-100/).
/soldadoras/lusqtoff-iron-250/,DESCONOCIDO,revisada,no,,Para conocer el criterio editorial: [Ver metodología de TallerLab](/como-trabajamos/).
/soldadoras/lusqtoff-iron-250/,DESCONOCIDO,revisada,no,,Para explorar la categoría: [guías relacionadas](/soldadoras/lusqtoff/).
/soldadoras/lusqtoff-sml120-8d/,DATO VERIFICADO,revisada,no,,"**Dato verificado:** las especificaciones se atribuyen al fabricante y al modelo/código indicado. Los cálculos se identifican como **Análisis TallerLab**; lo no confirmado queda como **Desconocido**. Esta guía es documental, sin prueba física ni muestra de opiniones."
/soldadoras/lusqtoff-sml120-8d/,DESCONOCIDO,revisada,no,,Tipo de análisis: documental
/soldadoras/lusqtoff-sml120-8d/,DESCONOCIDO,revisada,no,,Prueba física de TallerLab: no
/soldadoras/lusqtoff-sml120-8d/,DESCONOCIDO,revisada,no,,Especificaciones contrastadas: sí
/soldadoras/lusqtoff-sml120-8d/,DESCONOCIDO,revisada,no,,Opiniones de compradores: no
/soldadoras/lusqtoff-sml120-8d/,DESCONOCIDO,revisada,no,,Fuentes primarias: sí
/soldadoras/lusqtoff-sml120-8d/,DESCONOCIDO,revisada,no,,Última revisión: 27/09/2026
/soldadoras/lusqtoff-sml120-8d/,DESCONOCIDO,revisada,no,,Referencia | Procesos y rango publicados | Peso de ficha | Accesorios publicados
/soldadoras/lusqtoff-sml120-8d/,DESCONOCIDO,revisada,no,,"SML120-8D, unidad | FLUX 20–120 A; MMA 20–100 A; Lift TIG 20–100 A | 6,6 kg | Pinza de masa, portaelectrodos, torcha Flux y picos de contacto"
/soldadoras/lusqtoff-sml120-8d/,DESCONOCIDO,revisada,no,,"SML120-8DK, kit | FLUX 20–120 A; MMA 20–100 A; Lift TIG 20–100 A | 8,1 kg | SML120-8D, máscara ST-1X, escuadras LQE-6001 y rollo LQFLUX045, además de pinzas"
/soldadoras/lusqtoff-sml120-8d/,DATO VERIFICADO,revisada,no,,"**Dato verificado:** las dos páginas oficiales identifican los procesos y rangos de la máquina base. El kit agrega accesorios y declara 1,5 kg más que la unidad suelta; esa diferencia es el cálculo TallerLab entre masas publicadas, no el peso medido de una caja abierta."
/soldadoras/lusqtoff-sml120-8d/,ANÁLISIS TALLERLAB,revisada,no,,"**Análisis TallerLab:** el sufijo K diferencia una presentación de kit; no cambia los rangos de soldadura publicados para la fuente SML120-8D. El PVP visto en cada página puede variar y no garantiza que un distribuidor entregue el mismo paquete. La ficha de la unidad indica 200 V–50 Hz, por lo que conviene corroborar placa y red disponible antes de comprar."
/soldadoras/lusqtoff-sml120-8d/,DESCONOCIDO,revisada,no,,"**Desconocido:** las fuentes no publican aquí una masa separada para cada accesorio, ni confirman existencias, garantía de una oferta externa o consumibles incluidos más allá de los enumerados. No se comparó rendimiento de cordón ni se probó el equipo."
/soldadoras/lusqtoff-sml120-8d/,DESCONOCIDO,revisada,no,https://www.lusqtoff.com.ar/ver-producto/SML120-8D,Documentación primaria:** [Lüsqtoff SML120-8D](https://www.lusqtoff.com.ar/ver-producto/SML120-8D); [Lüsqtoff SML120-8DK](https://lusqtoff.com.ar/ver-producto/SML120-8DK); [catálogo oficial de soldadoras inverter](https://lusqtoff.com.ar/ver-productos/13-soldadoras-inverter).
/soldadoras/lusqtoff-sml120-8d/,DESCONOCIDO,revisada,no,,Opiniones de compradores:** no se revisó una muestra verificable.
/soldadoras/lusqtoff-sml120-8d/,DESCONOCIDO,revisada,no,,Para seguir comparando: [comparativa de soldadoras MIG Flux Lüsqtoff por modelo](/soldadoras/mig-lusqtoff/).
/soldadoras/lusqtoff-sml120-8d/,DESCONOCIDO,revisada,no,,Para conocer el criterio editorial: [Ver metodología de TallerLab](/como-trabajamos/).
/soldadoras/lusqtoff-sml120-8d/,DESCONOCIDO,revisada,no,,Para explorar la categoría: [guías relacionadas](/soldadoras/lusqtoff/).
/soldadoras/lusqtoff-sml130-7/,DATO VERIFICADO,revisada,no,,"**Dato verificado:** las especificaciones se atribuyen al fabricante y al modelo/código indicado. Los cálculos se identifican como **Análisis TallerLab**; lo no confirmado queda como **Desconocido**. Esta guía es documental, sin prueba física ni muestra de opiniones."
/soldadoras/lusqtoff-sml130-7/,DESCONOCIDO,revisada,no,,Tipo de análisis: documental
/soldadoras/lusqtoff-sml130-7/,DESCONOCIDO,revisada,no,,Prueba física de TallerLab: no
/soldadoras/lusqtoff-sml130-7/,DESCONOCIDO,revisada,no,,Especificaciones contrastadas: sí
/soldadoras/lusqtoff-sml130-7/,DESCONOCIDO,revisada,no,,Opiniones de compradores: no
/soldadoras/lusqtoff-sml130-7/,DESCONOCIDO,revisada,no,,Fuentes primarias: sí
/soldadoras/lusqtoff-sml130-7/,DESCONOCIDO,revisada,no,,Última revisión: 27/09/2026
/soldadoras/lusqtoff-sml130-7/,DESCONOCIDO,revisada,no,,Campo SML130-7 | Página oficial de producto | Manual del fabricante
/soldadoras/lusqtoff-sml130-7/,DESCONOCIDO,revisada,no,,Estado comercial | Marcado como discontinuado | Manual de la generación publicada
/soldadoras/lusqtoff-sml130-7/,DESCONOCIDO,revisada,no,,"Entrada | 220 V ±15%, 50 Hz; 3,7 kW; 17 A | 220 V/50 Hz; 3,74 kVA; 17 A"
/soldadoras/lusqtoff-sml130-7/,DESCONOCIDO,revisada,no,,Salida FCAW | 25–120 A | 25–120 A
/soldadoras/lusqtoff-sml130-7/,DESCONOCIDO,revisada,no,,"Ciclo publicado | 50 A/16,5 V al 60%; 120 A/20 V al 10%, a 40 °C | 120 A al 10%"
/soldadoras/lusqtoff-sml130-7/,DESCONOCIDO,revisada,no,,"Alambre y carrete | 0,6/0,8/0,9 mm; rollos 0,5 o 1 kg | 0,6–1,0 mm; incluye rollo flux de 0,45 kg"
/soldadoras/lusqtoff-sml130-7/,DESCONOCIDO,revisada,no,,"Dimensiones/peso | 485 × 290 × 310 mm; 14,7 kg | Peso 14,7 kg"
/soldadoras/lusqtoff-sml130-7/,DATO VERIFICADO,revisada,no,,**Dato verificado:** Lüsqtoff etiqueta la página como discontinuada. Ambas fuentes identifican la SML130-7 para alambre tubular autoprotegido y muestran rango de salida 25–120 A; el manual lista un intervalo de diámetros más amplio que la ficha comercial. La página añade un punto a 50 A/60% que el extracto de manual consultado no reproduce.
/soldadoras/lusqtoff-sml130-7/,ANÁLISIS TALLERLAB,revisada,no,,"**Análisis TallerLab:** para comprar o reemplazar una unidad, el manual y la etiqueta del equipo deben gobernar la compatibilidad de alambre y los ajustes. No completamos la divergencia de 0,9 frente a 1,0 mm por inferencia. Los 120 A al 10% tampoco significan uso continuo a esa corriente."
/soldadoras/lusqtoff-sml130-7/,DESCONOCIDO,revisada,no,,"**Desconocido:** no se confirmó disponibilidad de repuestos ni garantía vigente para unidades discontinuadas. La página comercial incluye una torcha MB-15 y un rollo, mientras el manual enumera el rollo de 0,45 kg; verificar accesorios reales en la oferta."
/soldadoras/lusqtoff-sml130-7/,DESCONOCIDO,revisada,no,https://lusqtoff.com.ar/ver-producto/SML130-7,"Documentación primaria:** [Lüsqtoff SML130-7, página oficial](https://lusqtoff.com.ar/ver-producto/SML130-7); [manual de usuario SML130-7](https://lusqtoff.com.ar/2023/uploads/Productos/13.%20SOLDADORAS%20INVERTER/SML130-7/MANUAL%20FOR%20SML130-7.pdf); [familia de soldadoras inverter Lüsqtoff](https://lusqtoff.com.ar/ver-productos/13-soldadoras-inverter)."
/soldadoras/lusqtoff-sml130-7/,DESCONOCIDO,revisada,no,,Opiniones de compradores:** no se revisó una muestra verificable.
/soldadoras/lusqtoff-sml130-7/,DESCONOCIDO,revisada,no,,Para seguir comparando: [Lüsqtoff SML120-8D: diferencias entre unidad y kit](/soldadoras/lusqtoff-sml120-8d/).
/soldadoras/lusqtoff-sml130-7/,DESCONOCIDO,revisada,no,,Para conocer el criterio editorial: [Ver metodología de TallerLab](/como-trabajamos/).
/soldadoras/lusqtoff-sml130-7/,DESCONOCIDO,revisada,no,,Para explorar la categoría: [guías relacionadas](/soldadoras/mig-lusqtoff/).
/soldadoras/lusqtoff-sml150-8/,ANÁLISIS TALLERLAB,revisada,no,,**Análisis TallerLab.** Pedí el código completo antes de comparar una SML150-8 con una SML150-8D. Las fichas de Lüsqtoff documentan procesos y kits distintos: la SML150-8 aparece como MIG Flux y discontinuada; la SML150-8D declara MIG Flux y MMA. El “150” del nombre no debe tomarse como corriente de soldadura continua.
/soldadoras/lusqtoff-sml150-8/,DATO VERIFICADO,revisada,no,https://lusqtoff.com.ar/ver-producto/SML150-8,"**Dato verificado en documentación primaria.** Contrastamos la [ficha SML150-8](https://lusqtoff.com.ar/ver-producto/SML150-8), su [manual](https://lusqtoff.com.ar/2023/uploads/Productos/13.%20SOLDADORAS%20INVERTER/SML150-8/SML150-8.pdf) y la [ficha SML150-8D](https://www.lusqtoff.com.ar/ver-producto/SML150-8D). Las cifras siguientes son declaraciones del fabricante para cada código, no mediciones nuestras."
/soldadoras/lusqtoff-sml150-8/,DATO VERIFICADO,revisada,no,,Variable | SML150-8 | SML150-8D
/soldadoras/lusqtoff-sml150-8/,DATO VERIFICADO,revisada,no,,Proceso indicado | MIG Flux | MIG Flux y MMA
/soldadoras/lusqtoff-sml150-8/,DATO VERIFICADO,revisada,no,,Corriente MIG declarada | 20–120 A | 20–120 A
/soldadoras/lusqtoff-sml150-8/,DATO VERIFICADO,revisada,no,,Corriente MMA declarada | No figura en la ficha consultada | 20–100 A
/soldadoras/lusqtoff-sml150-8/,DATO VERIFICADO,revisada,no,,Ciclo de trabajo publicado | Manual: 70 A al 100% en 10 min | MMA: 20% a 100 A
/soldadoras/lusqtoff-sml150-8/,DATO VERIFICADO,revisada,no,,"Alimentación | 220 V, 50/60 Hz | 220 V, 50 Hz"
/soldadoras/lusqtoff-sml150-8/,DATO VERIFICADO,revisada,no,,Estado en catálogo | Discontinuada | La ficha consultada no indica discontinuación
/soldadoras/lusqtoff-sml150-8/,DATO VERIFICADO,revisada,no,,"Accesorios de la ficha | Máscara ST-1X, dos escuadras y rollo Flux | Máscara ST-1X, dos escuadras, rollo Flux, pinzas y torcha Flux"
/soldadoras/lusqtoff-sml150-8/,ANÁLISIS TALLERLAB,revisada,no,,"**Análisis TallerLab.** La diferencia documentada más útil es la función MMA en la variante **D**. Ninguna de las dos fichas permite concluir por sí sola cuál suelda mejor ni cuánto durará. Si necesitás MMA, verificá que la placa diga SML150-8D y que la publicación incluya la pinza portaelectrodo correspondiente."
/soldadoras/lusqtoff-sml150-8/,DATO VERIFICADO,revisada,no,,"**Dato verificado.** La ficha web de la SML150-8 escribe “ciclo de trabajo al 100 % durante 10 min.: 70 V”. El manual expresa ese dato como **70 A**. La unidad “V” de la ficha es inconsistente con la corriente a la que se informa un ciclo de trabajo. Para dimensionar tareas, consultá el manual y confirmá la placa de la unidad concreta; no conviertas ese renglón de la web en una prestación medida."
/soldadoras/lusqtoff-sml150-8/,DESCONOCIDO,revisada,no,,"**Desconocido.** No verificamos compatibilidad con alambre macizo y gas, espesor máximo soldable, vida útil ni opiniones de compradores. Tampoco inferimos que el kit de una publicación actual coincida con el contenido de la ficha histórica de un modelo discontinuado. Antes de pagar, pedí fotos de placa, conexiones, accesorios y garantía."
/soldadoras/lusqtoff-sml150-8/,DESCONOCIDO,revisada,no,,"Para comparar procesos y otras máquinas, volvé al [hub de soldadoras](/soldadoras/)."
/soldadoras/lusqtoff-sml150-8/,DESCONOCIDO,revisada,no,https://lusqtoff.com.ar/ver-producto/SML150-8,"Documentación primaria:** [ficha Lüsqtoff SML150-8](https://lusqtoff.com.ar/ver-producto/SML150-8), [manual SML150-8](https://lusqtoff.com.ar/2023/uploads/Productos/13.%20SOLDADORAS%20INVERTER/SML150-8/SML150-8.pdf) y [ficha SML150-8D](https://www.lusqtoff.com.ar/ver-producto/SML150-8D)."
/soldadoras/lusqtoff-sml150-8/,DESCONOCIDO,revisada,no,,"Información comercial y opiniones:** no usadas para establecer rendimiento, disponibilidad o satisfacción de compradores."
/soldadoras/lusqtoff/,DATO VERIFICADO,revisada,no,,"**Dato verificado:** las especificaciones se atribuyen al fabricante y al modelo/código indicado. Los cálculos se identifican como **Análisis TallerLab**; lo no confirmado queda como **Desconocido**. Esta guía es documental, sin prueba física ni muestra de opiniones."
/soldadoras/lusqtoff/,DESCONOCIDO,revisada,no,,Tipo de análisis: documental
/soldadoras/lusqtoff/,DESCONOCIDO,revisada,no,,Prueba física de TallerLab: no
/soldadoras/lusqtoff/,DESCONOCIDO,revisada,no,,Especificaciones contrastadas: sí
/soldadoras/lusqtoff/,DESCONOCIDO,revisada,no,,Opiniones de compradores: no
/soldadoras/lusqtoff/,DESCONOCIDO,revisada,no,,Fuentes primarias: sí
/soldadoras/lusqtoff/,DESCONOCIDO,revisada,no,,Última revisión: 27/09/2026
/soldadoras/lusqtoff/,DESCONOCIDO,revisada,no,,Modelo/código de fuente | Proceso documentado | Rango/ciclo publicado | Situación que informa la página
/soldadoras/lusqtoff/,DESCONOCIDO,revisada,no,,"SML120-8D | FLUX, MMA y Lift TIG | FLUX 20–120 A; MMA/Lift TIG 20–100 A; ciclo 25% a 25 °C | Página de producto vigente en el catálogo consultado"
/soldadoras/lusqtoff/,DESCONOCIDO,revisada,no,,SML130-7 | FCAW con tubular autoprotegido | 25–120 A; 120 A/10% y 50 A/60% a 40 °C en página | Discontinuada
/soldadoras/lusqtoff/,DESCONOCIDO,revisada,no,,MEGAIRON100-8 | MMA | 105 A al 30% en página; rango completo no publicado allí | Kit incluye ST-1X y escuadras
/soldadoras/lusqtoff/,DATO VERIFICADO,revisada,no,,"**Dato verificado:** la tabla diferencia tres códigos según páginas/manuales de Lüsqtoff. No atribuye MIG/MMA/TIG a todos los equipos: la SML120-8D sí declara tres procesos, SML130-7 es un modelo de alambre tubular discontinuado y MEGAIRON100-8 se describe como MMA."
/soldadoras/lusqtoff/,ANÁLISIS TALLERLAB,revisada,no,,**Análisis TallerLab:** elegí primero proceso y disponibilidad de consumibles; compará luego puntos de ciclo a la misma temperatura y condiciones. No es válido ordenar estos equipos solo por el número de amperios o por la palabra «kit»: SML130-7 figura discontinuada y los otros dos tienen procesos y presentaciones distintas. Confirmá si la ficha corresponde a máquina sola o paquete y revisá placa del ejemplar ofertado.
/soldadoras/lusqtoff/,DESCONOCIDO,revisada,no,,"**Desconocido:** esta muestra no representa todo el catálogo Lusqtoff. No se verificaron disponibilidad local, precio estable, cobertura de garantía por vendedor ni resultados de soldadura. Para equipos no incluidos, el dato queda pendiente hasta localizar su ficha o manual exactos."
/soldadoras/lusqtoff/,DESCONOCIDO,revisada,no,https://www.lusqtoff.com.ar/ver-producto/SML120-8D,Documentación primaria:** [Lüsqtoff SML120-8D](https://www.lusqtoff.com.ar/ver-producto/SML120-8D); [Lüsqtoff SML130-7](https://lusqtoff.com.ar/ver-producto/SML130-7); [manual SML130-7](https://lusqtoff.com.ar/2023/uploads/Productos/13.%20SOLDADORAS%20INVERTER/SML130-7/MANUAL%20FOR%20SML130-7.pdf); [Lüsqtoff MEGAIRON100-8](https://www.lusqtoff.com.ar/ver-producto/MEGAIRON100-8); [catálogo de soldadoras](https://lusqtoff.com.ar/ver-productos/13-soldadoras-inverter).
/soldadoras/lusqtoff/,DESCONOCIDO,revisada,no,,Opiniones de compradores:** no se revisó una muestra verificable.
/soldadoras/lusqtoff/,DESCONOCIDO,revisada,no,,Para seguir comparando: [soldadoras MIG Flux Lüsqtoff por modelo y ciclo](/soldadoras/mig-lusqtoff/).
/soldadoras/lusqtoff/,DESCONOCIDO,revisada,no,,Para conocer el criterio editorial: [Ver metodología de TallerLab](/como-trabajamos/).
/soldadoras/lusqtoff/,DESCONOCIDO,revisada,no,,Para explorar la categoría: [guías relacionadas](/soldadoras/).
/soldadoras/mascara-lusqtoff-st-1x/,DATO VERIFICADO,revisada,no,,"**Dato verificado:** las especificaciones se atribuyen al fabricante y al modelo/código indicado. Los cálculos se identifican como **Análisis TallerLab**; lo no confirmado queda como **Desconocido**. Esta guía es documental, sin prueba física ni muestra de opiniones."
/soldadoras/mascara-lusqtoff-st-1x/,DESCONOCIDO,revisada,no,,Tipo de análisis: documental
/soldadoras/mascara-lusqtoff-st-1x/,DESCONOCIDO,revisada,no,,Prueba física de TallerLab: no
/soldadoras/mascara-lusqtoff-st-1x/,DESCONOCIDO,revisada,no,,Especificaciones contrastadas: sí
/soldadoras/mascara-lusqtoff-st-1x/,DESCONOCIDO,revisada,no,,Opiniones de compradores: no
/soldadoras/mascara-lusqtoff-st-1x/,DESCONOCIDO,revisada,no,,Fuentes primarias: sí
/soldadoras/mascara-lusqtoff-st-1x/,DESCONOCIDO,revisada,no,,Última revisión: 27/09/2026
/soldadoras/mascara-lusqtoff-st-1x/,DESCONOCIDO,revisada,no,,Modelo | Área de visión | Sensores | Tono declarado | Velocidad declarada | Estado en fuente consultada
/soldadoras/mascara-lusqtoff-st-1x/,DESCONOCIDO,revisada,no,,ST-1X | 92 × 42 mm | 2 | DIN 4/9–13 | 1/15.000 s | Catálogo oficial 2020/21; aparece incluida en algunos kits actuales
/soldadoras/mascara-lusqtoff-st-1x/,DESCONOCIDO,revisada,no,,ST-1B | 98 × 43 mm | 4 | DIN 4/9–13 | 1/25.000 s | Ficha actual de producto
/soldadoras/mascara-lusqtoff-st-1x/,DATO VERIFICADO,revisada,no,,"**Dato verificado:** los datos ST-1X proceden del catálogo oficial histórico de Lüsqtoff; los ST-1B, de su página de producto actual. Lüsqtoff también identifica ST-1X como parte de ciertos kits de soldadora, pero eso no confirma que la máscara suelta conserve idénticas especificaciones o garantía."
/soldadoras/mascara-lusqtoff-st-1x/,ANÁLISIS TALLERLAB,revisada,no,,"**Análisis TallerLab:** los números permiten distinguir dos filtros comercializados con códigos distintos; no equivalen a una prueba comparativa de protección, calidad óptica o tiempo real de respuesta. La rapidez indicada es una cifra nominal de ficha y depende de que el equipo esté intacto, ajustado y dentro de sus condiciones de operación."
/soldadoras/mascara-lusqtoff-st-1x/,DESCONOCIDO,revisada,no,,"**Desconocido:** no se encontró ficha de producto vigente independiente para ST-1X ni se confirmó disponibilidad, certificación actual o garantía para una unidad suelta. Antes de comprar, comprobar el código impreso en filtro/casco, marcado de conformidad, tono, repuestos y fecha/lote."
/soldadoras/mascara-lusqtoff-st-1x/,DESCONOCIDO,revisada,no,https://lusqtoff.com.ar/files/Catalogo_Lusqtoff_2020.pdf,"Documentación primaria:** [catálogo Lüsqtoff 2020/21, ST-1X](https://lusqtoff.com.ar/files/Catalogo_Lusqtoff_2020.pdf); [ficha actual Lüsqtoff ST-1B](https://lusqtoff.com.ar/ver-producto/ST-1B); [kit actual SML150-8D que lista ST-1X](https://www.lusqtoff.com.ar/ver-producto/SML150-8D)."
/soldadoras/mascara-lusqtoff-st-1x/,DESCONOCIDO,revisada,no,,Opiniones de compradores:** no se revisó una muestra verificable.
/soldadoras/mascara-lusqtoff-st-1x/,DESCONOCIDO,revisada,no,,Para seguir comparando: [qué accesorios enumera el kit SML120-8DK](/soldadoras/lusqtoff-sml120-8d/).
/soldadoras/mascara-lusqtoff-st-1x/,DESCONOCIDO,revisada,no,,Para conocer el criterio editorial: [Ver metodología de TallerLab](/como-trabajamos/).
/soldadoras/mascara-lusqtoff-st-1x/,DESCONOCIDO,revisada,no,,Para explorar la categoría: [guías relacionadas](/soldadoras/mascaras-fotosensibles/).
/soldadoras/mascaras-fotosensibles/,DATO VERIFICADO,revisada,no,,"**Dato verificado:** las especificaciones se atribuyen al fabricante y al modelo/código indicado. Los cálculos se identifican como **Análisis TallerLab**; lo no confirmado queda como **Desconocido**. Esta guía es documental, sin prueba física ni muestra de opiniones."
/soldadoras/mascaras-fotosensibles/,DESCONOCIDO,revisada,no,,Tipo de análisis: documental
/soldadoras/mascaras-fotosensibles/,DESCONOCIDO,revisada,no,,Prueba física de TallerLab: no
/soldadoras/mascaras-fotosensibles/,DESCONOCIDO,revisada,no,,Especificaciones contrastadas: sí
/soldadoras/mascaras-fotosensibles/,DESCONOCIDO,revisada,no,,Opiniones de compradores: no
/soldadoras/mascaras-fotosensibles/,DESCONOCIDO,revisada,no,,Fuentes primarias: sí
/soldadoras/mascaras-fotosensibles/,DESCONOCIDO,revisada,no,,Última revisión: 27/09/2026
/soldadoras/mascaras-fotosensibles/,DESCONOCIDO,revisada,no,,Modelo Lüsqtoff | Área visible | Sensores | Tono declarado | Alimentación/cambio de batería | Datos adicionales publicados
/soldadoras/mascaras-fotosensibles/,DESCONOCIDO,revisada,no,,ST-1N | 90 × 35 mm | 2 | DIN 4/11 | Celda solar y batería integrada | Respuesta 1/10.000 s; tono/sensibilidad automáticos
/soldadoras/mascaras-fotosensibles/,DESCONOCIDO,revisada,no,,ST-1E | 92 × 42 mm | 2 | DIN 4/9–13 | Celda solar y CR2032 reemplazable | Respuesta 1/15.000 s; controles internos/externos según función
/soldadoras/mascaras-fotosensibles/,DESCONOCIDO,revisada,no,,ST-1B | 98 × 43 mm | 4 | DIN 4/9–13 | Celda solar y CR2450 reemplazable | Respuesta 1/25.000 s; función amolado declarada
/soldadoras/mascaras-fotosensibles/,DATO VERIFICADO,revisada,no,,"**Dato verificado:** las tres filas reproducen fichas oficiales de los modelos, no una norma universal para máscaras fotosensibles. Todas las velocidades están presentadas como las publica Lüsqtoff; el fabricante no describe aquí una medición realizada por TallerLab."
/soldadoras/mascaras-fotosensibles/,ANÁLISIS TALLERLAB,revisada,no,,"**Análisis TallerLab:** la matriz ayuda a verificar si un filtro ofrece tono regulable o fijo, cuántos sensores declara, el tamaño visible y si su batería se reemplaza. Más sensores, ventana mayor o respuesta nominal diferente no prueban por sí solos mejor protección ni compatibilidad con una aplicación concreta. Elegí el filtro dentro del rango de sombra requerido por el proceso y corriente, según instrucciones del fabricante y evaluación de seguridad del trabajo."
/soldadoras/mascaras-fotosensibles/,DESCONOCIDO,revisada,no,,"**Desconocido:** no se verificaron certificados independientes de cada lote, estado de filtros usados, desempeño con sensores parcialmente cubiertos ni protección efectiva ante fallas. Revisá marcado, manual, test del filtro, batería y mica externa; no uses una máscara con daños o conmutación irregular."
/soldadoras/mascaras-fotosensibles/,DESCONOCIDO,revisada,no,https://lusqtoff.com.ar/ver-producto/ST-1N,Documentación primaria:** [Lüsqtoff ST-1N](https://lusqtoff.com.ar/ver-producto/ST-1N); [Lüsqtoff ST-1E](https://lusqtoff.com.ar/ver-producto/ST-1E); [Lüsqtoff ST-1B](https://lusqtoff.com.ar/ver-producto/ST-1B); [catálogo oficial de máscaras fotosensibles](https://lusqtoff.com.ar/ver-productos/14-mascaras-fotosensibles).
/soldadoras/mascaras-fotosensibles/,DESCONOCIDO,revisada,no,,Opiniones de compradores:** no se revisó una muestra verificable.
/soldadoras/mascaras-fotosensibles/,DESCONOCIDO,revisada,no,,Para seguir comparando: [datos históricos de máscara Lüsqtoff ST-1X](/soldadoras/mascara-lusqtoff-st-1x/).
/soldadoras/mascaras-fotosensibles/,DESCONOCIDO,revisada,no,,Para conocer el criterio editorial: [Ver metodología de TallerLab](/como-trabajamos/).
/soldadoras/mascaras-fotosensibles/,DESCONOCIDO,revisada,no,,Para explorar la categoría: [guías relacionadas](/soldadoras/).
/soldadoras/mig-lusqtoff/,DATO VERIFICADO,revisada,no,,"**Dato verificado:** las especificaciones se atribuyen al fabricante y al modelo/código indicado. Los cálculos se identifican como **Análisis TallerLab**; lo no confirmado queda como **Desconocido**. Esta guía es documental, sin prueba física ni muestra de opiniones."
/soldadoras/mig-lusqtoff/,DESCONOCIDO,revisada,no,,Tipo de análisis: documental
/soldadoras/mig-lusqtoff/,DESCONOCIDO,revisada,no,,Prueba física de TallerLab: no
/soldadoras/mig-lusqtoff/,DESCONOCIDO,revisada,no,,Especificaciones contrastadas: sí
/soldadoras/mig-lusqtoff/,DESCONOCIDO,revisada,no,,Opiniones de compradores: no
/soldadoras/mig-lusqtoff/,DESCONOCIDO,revisada,no,,Fuentes primarias: sí
/soldadoras/mig-lusqtoff/,DESCONOCIDO,revisada,no,,Última revisión: 27/09/2026
/soldadoras/mig-lusqtoff/,DESCONOCIDO,revisada,no,,Modelo | Proceso/consumible documentado | Salida y ciclo publicados | Diferencia práctica documentada
/soldadoras/mig-lusqtoff/,DESCONOCIDO,revisada,no,,"SML120-8D | FLUX, MMA y Lift TIG | FLUX 20–120 A; MMA y Lift TIG 20–100 A; 25% a 25 °C | Tres procesos declarados; masa de máquina 6,6 kg"
/soldadoras/mig-lusqtoff/,DESCONOCIDO,revisada,no,,SML130-7 | FCAW con tubular autoprotegido | 25–120 A; 120 A/10% y 50 A/60% a 40 °C | Fabricante la marca discontinuada; torcha MB-15 incluida en página
/soldadoras/mig-lusqtoff/,DESCONOCIDO,revisada,no,,"SML150-8D | FLUX y MMA | MIG 20–120 A; MMA 20–100 A; STICK 20% a 100 A | Kit/ficha incluye rollo de 0,45 kg, máscara ST-1X y escuadras"
/soldadoras/mig-lusqtoff/,DATO VERIFICADO,revisada,no,,**Dato verificado:** cada fila procede de la página o manual del código indicado. La etiqueta «MIG» que Lüsqtoff usa para estas unidades no significa que todas requieran o acepten alambre macizo con gas: SML130-7 se describe para alambre tubular autoprotegido; SML120-8D y SML150-8D identifican modo FLUX.
/soldadoras/mig-lusqtoff/,ANÁLISIS TALLERLAB,revisada,no,,"**Análisis TallerLab:** para comparar, identificá el código y el proceso antes de mirar amperaje máximo. Las fichas expresan el ciclo en condiciones distintas (25 °C frente a 40 °C y puntos distintos), así que no conviene ordenarlas por porcentaje sin homogeneizar condiciones. También separá máquina suelta de kit: la ST-1X y el rollo figuran en algunas configuraciones, no necesariamente en todas las publicaciones."
/soldadoras/mig-lusqtoff/,DESCONOCIDO,revisada,no,,"**Desconocido:** no se confirmaron disponibilidad local de SML130-7, garantía actual de equipos discontinuados, diferencias internas entre cada sufijo de kit ni aplicación para espesores específicos. No se probó ninguna unión ni se revisó una muestra de compradores."
/soldadoras/mig-lusqtoff/,DESCONOCIDO,revisada,no,https://www.lusqtoff.com.ar/ver-producto/SML120-8D,Documentación primaria:** [Lüsqtoff SML120-8D](https://www.lusqtoff.com.ar/ver-producto/SML120-8D); [Lüsqtoff SML130-7](https://lusqtoff.com.ar/ver-producto/SML130-7); [manual SML130-7](https://lusqtoff.com.ar/2023/uploads/Productos/13.%20SOLDADORAS%20INVERTER/SML130-7/MANUAL%20FOR%20SML130-7.pdf); [Lüsqtoff SML150-8D](https://www.lusqtoff.com.ar/ver-producto/SML150-8D); [manual SML150-8](https://lusqtoff.com.ar/2023/uploads/Productos/13.%20SOLDADORAS%20INVERTER/SML150-8/SML150-8.pdf).
/soldadoras/mig-lusqtoff/,DESCONOCIDO,revisada,no,,Opiniones de compradores:** no se revisó una muestra verificable.
/soldadoras/mig-lusqtoff/,DESCONOCIDO,revisada,no,,Para seguir comparando: [ficha y manual del modelo discontinuado SML130-7](/soldadoras/lusqtoff-sml130-7/).
/soldadoras/mig-lusqtoff/,DESCONOCIDO,revisada,no,,Para conocer el criterio editorial: [Ver metodología de TallerLab](/como-trabajamos/).
/soldadoras/mig-lusqtoff/,DESCONOCIDO,revisada,no,,Para explorar la categoría: [guías relacionadas](/soldadoras/lusqtoff/).
/soldadoras/mig-sin-gas/,DATO VERIFICADO,revisada,no,,"**Dato verificado:** las especificaciones se atribuyen al fabricante y al modelo/código indicado. Los cálculos se identifican como **Análisis TallerLab**; lo no confirmado queda como **Desconocido**. Esta guía es documental, sin prueba física ni muestra de opiniones."
/soldadoras/mig-sin-gas/,DESCONOCIDO,revisada,no,,Tipo de análisis: documental
/soldadoras/mig-sin-gas/,DESCONOCIDO,revisada,no,,Prueba física de TallerLab: no
/soldadoras/mig-sin-gas/,DESCONOCIDO,revisada,no,,Especificaciones contrastadas: sí
/soldadoras/mig-sin-gas/,DESCONOCIDO,revisada,no,,Opiniones de compradores: no
/soldadoras/mig-sin-gas/,DESCONOCIDO,revisada,no,,Fuentes primarias: sí
/soldadoras/mig-sin-gas/,DESCONOCIDO,revisada,no,,Última revisión: 27/09/2026
/soldadoras/mig-sin-gas/,DESCONOCIDO,revisada,no,,Modelo documentado | Procesos / alambre | Salida y ciclo publicados | Límite que conviene notar
/soldadoras/mig-sin-gas/,DESCONOCIDO,revisada,no,,"Lüsqtoff SML130-7 | FCAW con alambre tubular autoprotegido | 25–120 A; 120 A/10% y 50 A/60% a 40 °C | Discontinuada; página acepta rollos de 0,5 y 1 kg"
/soldadoras/mig-sin-gas/,DESCONOCIDO,revisada,no,,"Lüsqtoff SML120-8D | FLUX, MMA y Lift TIG | FLUX 20–120 A; ciclo declarado 25% a 25 °C | La hoja consultada no aclara todos los parámetros del alambre"
/soldadoras/mig-sin-gas/,DESCONOCIDO,revisada,no,,"ESAB HandyArc MIG 160i | MIG/MAG y tubular con o sin gas | GMAW 30–160 A; 160 A/15%, 80 A/60%, 62 A/100% | ESAB declara bobinas hasta 5 kg y alambre hasta 0,9 mm"
/soldadoras/mig-sin-gas/,DATO VERIFICADO,revisada,no,,**Dato verificado:** las fuentes oficiales separan alambre tubular autoprotegido de alambre macizo para MIG/MAG. La SML130-7 se describe para FCAW y aparece como discontinuada; ESAB declara que MIG 160i acepta alambres tubulares con y sin gas y también ofrece proceso MIG/MAG.
/soldadoras/mig-sin-gas/,ANÁLISIS TALLERLAB,revisada,no,,"**Análisis TallerLab:** para trabajar sin cilindro, el alambre debe ser autoprotegido y la fuente debe permitir su polaridad, diámetro y alimentación. La palabra “MIG” en el nombre no confirma por sí sola que la máquina admita alambre macizo sin gas. Comprobá manual de la máquina y ficha del consumible como un par compatible. Los puntos de ciclo de las dos máquinas no son comparables sin igualar proceso y temperatura de ensayo."
/soldadoras/mig-sin-gas/,DESCONOCIDO,revisada,no,,"**Desconocido:** no se identificó un carrete concreto ni se verificó su ficha, stock argentino o condición estructural del trabajo. No se puede deducir espesor soldable universal a partir del amperaje máximo."
/soldadoras/mig-sin-gas/,DESCONOCIDO,revisada,no,https://lusqtoff.com.ar/ver-producto/SML130-7,"Documentación primaria:** [Lüsqtoff SML130-7](https://lusqtoff.com.ar/ver-producto/SML130-7); [manual oficial SML130-7](https://lusqtoff.com.ar/2023/uploads/Productos/13.%20SOLDADORAS%20INVERTER/SML130-7/MANUAL%20FOR%20SML130-7.pdf); [Lüsqtoff SML120-8D](https://www.lusqtoff.com.ar/ver-producto/SML120-8D); [ESAB HandyArc MIG 160i, Argentina](https://esab.com/ar/sam_es/products-solutions/product/welding-equipment/mig-welders-gmaw/handyarc-mig-160i/)."
/soldadoras/mig-sin-gas/,DESCONOCIDO,revisada,no,,Opiniones de compradores:** no se revisó una muestra verificable.
/soldadoras/mig-sin-gas/,DESCONOCIDO,revisada,no,,Para seguir comparando: [modelos MIG Flux Lüsqtoff y sus ciclos publicados](/soldadoras/mig-lusqtoff/).
/soldadoras/mig-sin-gas/,DESCONOCIDO,revisada,no,,Para conocer el criterio editorial: [Ver metodología de TallerLab](/como-trabajamos/).
/soldadoras/mig-sin-gas/,DESCONOCIDO,revisada,no,,Para explorar la categoría: [guías relacionadas](/soldadoras/).
/soldadoras/para-aluminio/,DATO VERIFICADO,revisada,no,,"**Dato verificado:** las especificaciones se atribuyen al fabricante y al modelo/código indicado. Los cálculos se identifican como **Análisis TallerLab**; lo no confirmado queda como **Desconocido**. Esta guía es documental, sin prueba física ni muestra de opiniones."
/soldadoras/para-aluminio/,DESCONOCIDO,revisada,no,,Tipo de análisis: documental
/soldadoras/para-aluminio/,DESCONOCIDO,revisada,no,,Prueba física de TallerLab: no
/soldadoras/para-aluminio/,DESCONOCIDO,revisada,no,,Especificaciones contrastadas: sí
/soldadoras/para-aluminio/,DESCONOCIDO,revisada,no,,Opiniones de compradores: no
/soldadoras/para-aluminio/,DESCONOCIDO,revisada,no,,Fuentes primarias: sí
/soldadoras/para-aluminio/,DESCONOCIDO,revisada,no,,Última revisión: 27/09/2026
/soldadoras/para-aluminio/,DESCONOCIDO,revisada,no,,Modelo | Proceso AC/DC que identifica la ficha | Alimentación | Salida TIG/ciclo publicado | Masa
/soldadoras/para-aluminio/,DESCONOCIDO,revisada,no,,"ESAB ET 200i AC/DC (0738827) | TIG AC y DC; ESAB especifica AC para aluminio y DC para otros metales | 220 V ±10%, monofásica | 200 A/20%; 116 A/60%; 90 A/100% | 22 kg"
/soldadoras/para-aluminio/,DESCONOCIDO,revisada,no,,"Lüsqtoff TIG350ACDC-9 | TIG AC/DC, trifásica | 380 V, 50 Hz | 315 A/40%; rango 5–315 A según la página | 31,5 kg"
/soldadoras/para-aluminio/,DATO VERIFICADO,revisada,no,,**Dato verificado:** las dos fichas identifican TIG AC/DC. ESAB explica que en ET 200i la salida AC se usa para aluminio y sus aleaciones; Lüsqtoff presenta TIG350ACDC-9 como equipo trifásico AC/DC y publica sus puntos de corriente/ciclo.
/soldadoras/para-aluminio/,ANÁLISIS TALLERLAB,revisada,no,,"**Análisis TallerLab:** antes de comparar precio o amperaje, comprobá si la red disponible corresponde a una fuente monofásica de 220 V o trifásica de 380 V y leé ciclo, no solo corriente máxima. La tabla documenta especificaciones de fabricante; no determina espesor, aporte, gas, preparación, habilidad requerida ni calidad de cordón para una pieza concreta."
/soldadoras/para-aluminio/,DESCONOCIDO,revisada,no,,"**Desconocido:** no se cotejaron alambres/varillas, aleación y estado del aluminio, espesor ni procedimiento aplicable. La ficha de ESAB enumera accesorios compatibles, pero la entrega de cada vendedor debe confirmarse en la oferta; para TIG350ACDC-9, el fabricante advierte que el cable de alimentación no está incluido."
/soldadoras/para-aluminio/,DESCONOCIDO,revisada,no,https://esab.com/ar/sam_es/products-solutions/product/welding-equipment/tig-welders-gtaw/et-200i-ac-dc/,"Documentación primaria:** [ESAB ET 200i AC/DC, Argentina](https://esab.com/ar/sam_es/products-solutions/product/welding-equipment/tig-welders-gtaw/et-200i-ac-dc/); [Lüsqtoff TIG350ACDC-9](https://lusqtoff.com.ar/ver-producto/TIG350ACDC-9); [catálogo de soldadoras Lüsqtoff](https://lusqtoff.com.ar/ver-productos/13-soldadoras-inverter)."
/soldadoras/para-aluminio/,DESCONOCIDO,revisada,no,,Opiniones de compradores:** no se revisó una muestra verificable.
/soldadoras/para-aluminio/,DESCONOCIDO,revisada,no,,Para seguir comparando: [comparativa de TIG AC/DC y sus condiciones eléctricas](/soldadoras/soldadora-tig-ac-dc/).
/soldadoras/para-aluminio/,DESCONOCIDO,revisada,no,,Para conocer el criterio editorial: [Ver metodología de TallerLab](/como-trabajamos/).
/soldadoras/para-aluminio/,DESCONOCIDO,revisada,no,,Para explorar la categoría: [guías relacionadas](/soldadoras/).
/soldadoras/soldadora-de-punto/,DATO VERIFICADO,revisada,no,,"**Dato verificado:** las especificaciones se atribuyen al fabricante y al modelo/código indicado. Los cálculos se identifican como **Análisis TallerLab**; lo no confirmado queda como **Desconocido**. Esta guía es documental, sin prueba física ni muestra de opiniones."
/soldadoras/soldadora-de-punto/,DESCONOCIDO,revisada,no,,Tipo de análisis: documental
/soldadoras/soldadora-de-punto/,DESCONOCIDO,revisada,no,,Prueba física de TallerLab: no
/soldadoras/soldadora-de-punto/,DESCONOCIDO,revisada,no,,Especificaciones contrastadas: sí
/soldadoras/soldadora-de-punto/,DESCONOCIDO,revisada,no,,Opiniones de compradores: no
/soldadoras/soldadora-de-punto/,DESCONOCIDO,revisada,no,,Fuentes primarias: sí
/soldadoras/soldadora-de-punto/,DESCONOCIDO,revisada,no,,Última revisión: 27/09/2026
/soldadoras/soldadora-de-punto/,DESCONOCIDO,revisada,no,,Equipo Telwin | Aplicación/espesor máximo de dos chapas | Alimentación declarada | Corriente máxima de punto | Ciclo y peso
/soldadoras/soldadora-de-punto/,DESCONOCIDO,revisada,no,,"Digital Car Spotter 5500, 823232 | Equipo de reparación; hasta 1,5 + 1,5 mm | 400 V, 50/60 Hz, dos fases | 3.000 A (pico 4.200 A) | 3%; 25 kg"
/soldadoras/soldadora-de-punto/,DESCONOCIDO,revisada,no,,"Digital Spotter 9000, 823195 | Soldadura por punto; hasta 3 + 3 mm | 400 V, 50/60 Hz, dos fases | 7.000 A | 3%; 78 kg"
/soldadoras/soldadora-de-punto/,DATO VERIFICADO,revisada,no,,**Dato verificado:** Telwin presenta el 5500 como spotter electrónico de reparación de carrocerías con accesorios para tracción y punteo; el Digital Spotter 9000 admite puntos en chapas de hasta 3+3 mm. Las magnitudes de la tabla son los máximos que el fabricante publica para cada modelo.
/soldadoras/soldadora-de-punto/,ANÁLISIS TALLERLAB,revisada,no,,"**Análisis TallerLab:** “soldadora de punto” puede referirse a una máquina de resistencia para unir chapas o a un spotter que también tracciona abolladuras. Estos ejemplos son equipos de carrocería que declaran alimentación de 400 V y ciclo del 3%; no representan una soldadora doméstica enchufable. El espesor máximo no valida cualquier material, geometría, recubrimiento, acceso o unión."
/soldadoras/soldadora-de-punto/,DESCONOCIDO,revisada,no,,"**Desconocido:** no se verificó suministro eléctrico del taller, herramientas opcionales, consumibles de electrodo ni disponibilidad local. Antes de adquirir o usar un equipo de estas características, cotejar manual, red, protecciones y procedimiento de reparación específico."
/soldadoras/soldadora-de-punto/,DESCONOCIDO,revisada,no,https://www.telwin.com/intl/en/products/repair-systems/823232-digital-car-spotter-5500-400v,Documentación primaria:** [Telwin Digital Car Spotter 5500 400V](https://www.telwin.com/intl/en/products/repair-systems/823232-digital-car-spotter-5500-400v); [Telwin Digital Spotter 9000](https://www.telwin.com/intl/en/products/spot-welding-machines/823195-digital-spotter-9000); [manual Telwin de soldadora por resistencia](https://www.telwin.com/ExternalAssets/risc6000/954534_L.PDF).
/soldadoras/soldadora-de-punto/,DESCONOCIDO,revisada,no,,Opiniones de compradores:** no se revisó una muestra verificable.
/soldadoras/soldadora-de-punto/,DESCONOCIDO,revisada,no,,Para seguir comparando: [soldadura de aluminio: comparación de fuentes TIG AC/DC](/soldadoras/para-aluminio/).
/soldadoras/soldadora-de-punto/,DESCONOCIDO,revisada,no,,Para conocer el criterio editorial: [Ver metodología de TallerLab](/como-trabajamos/).
/soldadoras/soldadora-de-punto/,DESCONOCIDO,revisada,no,,Para explorar la categoría: [guías relacionadas](/soldadoras/).
/soldadoras/soldadora-dogo-180/,DATO VERIFICADO,revisada,no,,"**Dato verificado:** las especificaciones se atribuyen al fabricante y al modelo/código indicado. Los cálculos se identifican como **Análisis TallerLab**; lo no confirmado queda como **Desconocido**. Esta guía es documental, sin prueba física ni muestra de opiniones."
/soldadoras/soldadora-dogo-180/,DESCONOCIDO,revisada,no,,Tipo de análisis: documental
/soldadoras/soldadora-dogo-180/,DESCONOCIDO,revisada,no,,Prueba física de TallerLab: no
/soldadoras/soldadora-dogo-180/,DESCONOCIDO,revisada,no,,Especificaciones contrastadas: sí
/soldadoras/soldadora-dogo-180/,DESCONOCIDO,revisada,no,,Opiniones de compradores: no
/soldadoras/soldadora-dogo-180/,DESCONOCIDO,revisada,no,,Fuentes primarias: sí
/soldadoras/soldadora-dogo-180/,DESCONOCIDO,revisada,no,,Última revisión: 27/09/2026
/soldadoras/soldadora-dogo-180/,DESCONOCIDO,revisada,no,,Dato del modelo Dogo Dogostar 180 Moderna | Declaración publicada por Dogo
/soldadoras/soldadora-dogo-180/,DESCONOCIDO,revisada,no,,Tecnología/proceso base | Inverter IGBT; electrodo revestido MMA
/soldadoras/soldadora-dogo-180/,DESCONOCIDO,revisada,no,,Rango y tensión | 20–180 A; 220 V; tensión en vacío 60 V
/soldadoras/soldadora-dogo-180/,DESCONOCIDO,revisada,no,,Masa / accesorios listados | 3 kg; pinza de masa y portaelectrodos
/soldadoras/soldadora-dogo-180/,DESCONOCIDO,revisada,no,,"Factor de servicio por diámetro informado | 2,5 mm: 100%; 3,2 mm: 80%; 4,0 mm: 60%; 5,0 mm: 30%"
/soldadoras/soldadora-dogo-180/,DESCONOCIDO,revisada,no,,TIG | La descripción indica TIG por raspado con torcha adicional
/soldadoras/soldadora-dogo-180/,DATO VERIFICADO,revisada,no,,"**Dato verificado:** la tabla corresponde al código DOG50045 de la ficha del fabricante. Dogo separa el máximo de 180 A del factor de servicio por diámetro; publica también que la función TIG requiere comprar una torcha adicional. Su campo de tipos de electrodos lista 1,5–4 mm, mientras el factor de servicio incluye un punto para 5 mm; conservamos ambas declaraciones sin inferir compatibilidad universal."
/soldadoras/soldadora-dogo-180/,ANÁLISIS TALLERLAB,revisada,no,,"**Análisis TallerLab:** para comparar una oferta, verificá que código, tensión, accesorios y factores de servicio coincidan con DOG50045. Los porcentajes se atribuyen tal como Dogo los presenta; no prueban resultado de soldadura ni funcionamiento continuo fuera de esos valores."
/soldadoras/soldadora-dogo-180/,DESCONOCIDO,revisada,no,,"**Desconocido:** la página oficial no detalla corriente/tensión de salida en cada punto de servicio, longitud/sección de cables ni condiciones de garantía en el extracto citado. Confirmar esos campos en manual y etiqueta antes de comprar; los precios y disponibilidad cambian."
/soldadoras/soldadora-dogo-180/,DESCONOCIDO,revisada,no,https://dogoherramientas.com.ar/tienda/soldadura/inverter/soldadora-inverter-dogostar-180-moderna-mma,"Documentación primaria:** [Dogo Dogostar 180 Moderna, código DOG50045](https://dogoherramientas.com.ar/tienda/soldadura/inverter/soldadora-inverter-dogostar-180-moderna-mma); [catálogo oficial Dogo](https://www.dogoherramientas.com.ar/Pubs/Public/Catalogo/DOGO-LABOR%20FINAL%2001-09%20B.pdf); [catálogo online de inverter Dogo](https://www.dogoherramientas.com.ar/tienda/soldadura/inverter)."
/soldadoras/soldadora-dogo-180/,DESCONOCIDO,revisada,no,,Opiniones de compradores:** no se revisó una muestra verificable.
/soldadoras/soldadora-dogo-180/,DESCONOCIDO,revisada,no,,Para seguir comparando: [comparativa de inverter alrededor de 160 A](/soldadoras/soldadora-inverter-160-amp/).
/soldadoras/soldadora-dogo-180/,DESCONOCIDO,revisada,no,,Para conocer el criterio editorial: [Ver metodología de TallerLab](/como-trabajamos/).
/soldadoras/soldadora-dogo-180/,DESCONOCIDO,revisada,no,,Para explorar la categoría: [guías relacionadas](/soldadoras/).
/soldadoras/soldadora-inverter-160-amp/,DATO VERIFICADO,revisada,no,,"**Dato verificado:** las especificaciones se atribuyen al fabricante y al modelo/código indicado. Los cálculos se identifican como **Análisis TallerLab**; lo no confirmado queda como **Desconocido**. Esta guía es documental, sin prueba física ni muestra de opiniones."
/soldadoras/soldadora-inverter-160-amp/,DESCONOCIDO,revisada,no,,Tipo de análisis: documental
/soldadoras/soldadora-inverter-160-amp/,DESCONOCIDO,revisada,no,,Prueba física de TallerLab: no
/soldadoras/soldadora-inverter-160-amp/,DESCONOCIDO,revisada,no,,Especificaciones contrastadas: sí
/soldadoras/soldadora-inverter-160-amp/,DESCONOCIDO,revisada,no,,Opiniones de compradores: no
/soldadoras/soldadora-inverter-160-amp/,DESCONOCIDO,revisada,no,,Fuentes primarias: sí
/soldadoras/soldadora-inverter-160-amp/,DESCONOCIDO,revisada,no,,Última revisión: 27/09/2026
/soldadoras/soldadora-inverter-160-amp/,DESCONOCIDO,revisada,no,,Modelo/código | Proceso y rango máximo de ficha | Puntos de ciclo publicados | Masa
/soldadoras/soldadora-inverter-160-amp/,DESCONOCIDO,revisada,no,,"ESAB HandyArc 162i, 0409616 | MMA, 20–160 A | 160 A/20%; 92 A/60%; 72 A/100% | 3,7 kg"
/soldadoras/soldadora-inverter-160-amp/,DESCONOCIDO,revisada,no,,"ESAB HandyArc MIG 160i, 0410060 | GMAW 30–160 A; MMA 10–140 A | GMAW: 160 A/15%, 80 A/60%, 62 A/100%; MMA: 140 A/15%, 70 A/60%, 54 A/100% | 10,2 kg"
/soldadoras/soldadora-inverter-160-amp/,DESCONOCIDO,revisada,no,,"Dogo Dogostar 160 Moderna | MMA, 20–160 A | Dogo lista 2,5 mm/100%, 3,2 mm/80% y 4 mm/60% | Ficha de producto: verificar el peso de la versión ofertada"
/soldadoras/soldadora-inverter-160-amp/,DATO VERIFICADO,revisada,no,,"**Dato verificado:** los dos modelos ESAB tienen fichas oficiales argentinas; la página Dogo identifica su Dogostar 160 y muestra el factor de servicio por consumible. El número “160” no establece que los procesos, puntos de ciclo, alimentación eléctrica o accesorios sean iguales."
/soldadoras/soldadora-inverter-160-amp/,ANÁLISIS TALLERLAB,revisada,no,,"**Análisis TallerLab:** HandyArc 162i y MIG 160i difieren en masa publicada en 6,5 kg (cálculo entre 10,2 y 3,7 kg), pero también en proceso y configuración. Ese dato no predice facilidad de uso ni el trabajo que puede completarse. Para una elección documental, compará el proceso necesario, ciclo a la corriente relevante, voltaje, tipo de consumible y disponibilidad de alimentación."
/soldadoras/soldadora-inverter-160-amp/,DESCONOCIDO,revisada,no,,"**Desconocido:** no se unifican los porcentajes por diámetro de Dogo con el ciclo IEC de ESAB, porque están expresados de forma distinta. Tampoco se confirmaron accesorios, existencias, garantías actuales ni resultados reales de soldadura."
/soldadoras/soldadora-inverter-160-amp/,DESCONOCIDO,revisada,no,https://esab.com/ar/sam_es/products-solutions/product/welding-equipment/stick-welders-smaw/handyarc-132i-dv-142i-162i/,"Documentación primaria:** [ESAB HandyArc 162i, Argentina](https://esab.com/ar/sam_es/products-solutions/product/welding-equipment/stick-welders-smaw/handyarc-132i-dv-142i-162i/); [ESAB HandyArc MIG 160i, Argentina](https://esab.com/ar/sam_es/products-solutions/product/welding-equipment/mig-welders-gmaw/handyarc-mig-160i/); [Dogo Dogostar 160 Moderna](https://www.dogoherramientas.com.ar/tienda/soldadura/inverter/soldadora-inverter-dogostar-160-moderna-mma); [catálogo de inverter Dogo](https://www"
/soldadoras/soldadora-inverter-160-amp/,DESCONOCIDO,revisada,no,,Opiniones de compradores:** no se revisó una muestra verificable.
/soldadoras/soldadora-inverter-160-amp/,DESCONOCIDO,revisada,no,,Para seguir comparando: [equipos inverter cercanos a 200 A con ciclos publicados](/soldadoras/soldadora-inverter-200-amp/).
/soldadoras/soldadora-inverter-160-amp/,DESCONOCIDO,revisada,no,,Para conocer el criterio editorial: [Ver metodología de TallerLab](/como-trabajamos/).
/soldadoras/soldadora-inverter-160-amp/,DESCONOCIDO,revisada,no,,Para explorar la categoría: [guías relacionadas](/soldadoras/).
/soldadoras/soldadora-inverter-200-amp/,DATO VERIFICADO,revisada,no,,"**Dato verificado:** las especificaciones se atribuyen al fabricante y al modelo/código indicado. Los cálculos se identifican como **Análisis TallerLab**; lo no confirmado queda como **Desconocido**. Esta guía es documental, sin prueba física ni muestra de opiniones."
/soldadoras/soldadora-inverter-200-amp/,DESCONOCIDO,revisada,no,,Tipo de análisis: documental
/soldadoras/soldadora-inverter-200-amp/,DESCONOCIDO,revisada,no,,Prueba física de TallerLab: no
/soldadoras/soldadora-inverter-200-amp/,DESCONOCIDO,revisada,no,,Especificaciones contrastadas: sí
/soldadoras/soldadora-inverter-200-amp/,DESCONOCIDO,revisada,no,,Opiniones de compradores: no
/soldadoras/soldadora-inverter-200-amp/,DESCONOCIDO,revisada,no,,Fuentes primarias: sí
/soldadoras/soldadora-inverter-200-amp/,DESCONOCIDO,revisada,no,,Última revisión: 27/09/2026
/soldadoras/soldadora-inverter-200-amp/,DESCONOCIDO,revisada,no,,Modelo/código | Entrada / proceso | Rango máximo de ficha | Punto de ciclo publicado | Masa
/soldadoras/soldadora-inverter-200-amp/,DESCONOCIDO,revisada,no,,"Lüsqtoff SLCEL200-9 | 230 V monofásica; MMA, selector para celulósico; también lift TIG | 10–200 A | Para electrodo de 2,5 mm: 100 A al 100% | 6,9 kg"
/soldadoras/soldadora-inverter-200-amp/,DESCONOCIDO,revisada,no,,"Dogo Dogostar 200 Moderna, DOG50046 | 220 V; MMA; función TIG por raspado con torcha adicional | 20–200 A | Dogo lista 3,2 mm/100%, 4,0 mm/60% y 5,0 mm/50% | 3,3 kg"
/soldadoras/soldadora-inverter-200-amp/,DATO VERIFICADO,revisada,no,,"**Dato verificado:** ambas fuentes publican un máximo de 200 A, pero describen servicio de maneras diferentes. Lüsqtoff ofrece un punto continuo de 100 A para electrodo de 2,5 mm; Dogo presenta porcentajes asociados a diámetros. No convertimos esos campos en un ciclo común ni suponemos salida continua a 200 A."
/soldadoras/soldadora-inverter-200-amp/,ANÁLISIS TALLERLAB,revisada,no,,"**Análisis TallerLab:** los 200 A del nombre son un máximo de rango. Para comparar uso sostenido, buscá condiciones de medición equivalentes, tensión de salida y temperatura; la documentación consultada no ofrece el mismo formato en ambos productos. La diferencia de entrada nominal (230 V frente a 220 V) merece comprobarse en la placa/manual y la instalación."
/soldadoras/soldadora-inverter-200-amp/,DESCONOCIDO,revisada,no,,"**Desconocido:** no se validó que el selector “celulósico” de Lüsqtoff equivalga a cualquier procedimiento o electrodo, ni que la cifra de Dogo para 5 mm aplique a todo producto de ese diámetro. Confirmar garantía, accesorios reales y manual correspondiente al código exacto."
/soldadoras/soldadora-inverter-200-amp/,DESCONOCIDO,revisada,no,https://lusqtoff.com.ar/ver-producto/SLCEL200-9,"Documentación primaria:** [Lüsqtoff SLCEL200-9](https://lusqtoff.com.ar/ver-producto/SLCEL200-9); [catálogo de soldadoras Lüsqtoff](https://lusqtoff.com.ar/categorias/black-series/soldadoras); [Dogo Dogostar 200 Moderna, DOG50046](https://www.dogoherramientas.com.ar/tienda/soldadura/inverter/soldadora-inverter-dogostar-200-moderna-mma); [categoría inverter Dogo](https://www.dogoherramientas.com.ar/tienda/soldadura/inverter)."
/soldadoras/soldadora-inverter-200-amp/,DESCONOCIDO,revisada,no,,Opiniones de compradores:** no se revisó una muestra verificable.
/soldadoras/soldadora-inverter-200-amp/,DESCONOCIDO,revisada,no,,Para seguir comparando: [guía central de soldadoras y procesos](/soldadoras/).
/soldadoras/soldadora-inverter-200-amp/,DESCONOCIDO,revisada,no,,Para conocer el criterio editorial: [Ver metodología de TallerLab](/como-trabajamos/).
/soldadoras/soldadora-inverter-200-amp/,DESCONOCIDO,revisada,no,,Para explorar la categoría: [guías relacionadas](/soldadoras/).
/soldadoras/soldadora-mig-con-gas/,DATO VERIFICADO,revisada,no,,"**Dato verificado:** las especificaciones se atribuyen al fabricante y al modelo/código indicado. Los cálculos se identifican como **Análisis TallerLab**; lo no confirmado queda como **Desconocido**. Esta guía es documental, sin prueba física ni muestra de opiniones."
/soldadoras/soldadora-mig-con-gas/,DESCONOCIDO,revisada,no,,Tipo de análisis: documental
/soldadoras/soldadora-mig-con-gas/,DESCONOCIDO,revisada,no,,Prueba física de TallerLab: no
/soldadoras/soldadora-mig-con-gas/,DESCONOCIDO,revisada,no,,Especificaciones contrastadas: sí
/soldadoras/soldadora-mig-con-gas/,DESCONOCIDO,revisada,no,,Opiniones de compradores: no
/soldadoras/soldadora-mig-con-gas/,DESCONOCIDO,revisada,no,,Fuentes primarias: sí
/soldadoras/soldadora-mig-con-gas/,DESCONOCIDO,revisada,no,,Última revisión: 27/09/2026
/soldadoras/soldadora-mig-con-gas/,DESCONOCIDO,revisada,no,,Modelo | Proceso/capacidad publicada | Alimentación de alambre | Dato de gas documentado
/soldadoras/soldadora-mig-con-gas/,DESCONOCIDO,revisada,no,,"ESAB HandyArc MIG 160i (0410060) | MIG/MAG, rango GMAW 30–160 A; ciclos 160 A/15%, 80 A/60%, 62 A/100% | Bobina hasta 5 kg; diámetro hasta 0,9 mm | Ficha admite alambres tubulares con gas y sin gas; verificar consumible y regulación para la aplicación"
/soldadoras/soldadora-mig-con-gas/,DESCONOCIDO,revisada,no,,"Lüsqtoff MIGDUAL200-9 | MIG, MMA y pulso MIG; rango MIG informado hasta 200 A | Porta rollo de 5–15 kg; incluye torcha MIG y manguera | La lista de accesorios incluye manguera; confirmar regulador, gas y consumible requeridos en manual"
/soldadoras/soldadora-mig-con-gas/,DATO VERIFICADO,revisada,no,,"**Dato verificado:** ESAB documenta los rangos, ciclos y capacidad del devanador para MIG 160i. Lüsqtoff publica los datos de MIGDUAL200-9 y enumera una manguera entre los elementos del kit. La presencia de manguera no identifica por sí sola el gas, regulador o configuración incluidos en una oferta comercial."
/soldadoras/soldadora-mig-con-gas/,ANÁLISIS TALLERLAB,revisada,no,,"**Análisis TallerLab:** para soldar con protección gaseosa, verificá compatibilidad de alambre, rodillo, punta, polaridad y sistema de gas en el manual del equipo y ficha del consumible. Los rangos de corriente de dos equipos no sustituyen esas comprobaciones y no son directamente comparables si difieren condiciones de ciclo."
/soldadoras/soldadora-mig-con-gas/,DESCONOCIDO,revisada,no,,**Desconocido:** no se informa aquí qué regulador o cilindro incluye cada vendedor ni la mezcla de gas adecuada para una aleación y unión concretas. No se probó arco ni se recomendaron parámetros de procedimiento.
/soldadoras/soldadora-mig-con-gas/,DESCONOCIDO,revisada,no,https://esab.com/ar/sam_es/products-solutions/product/welding-equipment/mig-welders-gmaw/handyarc-mig-160i/,"Documentación primaria:** [ESAB HandyArc MIG 160i, Argentina](https://esab.com/ar/sam_es/products-solutions/product/welding-equipment/mig-welders-gmaw/handyarc-mig-160i/); [Lüsqtoff MIGDUAL200-9](https://lusqtoff.com.ar/ver-producto/MIGDUAL200-9); [catálogo oficial Lüsqtoff 2024/25](https://www.lusqtoff.com.ar/2023/uploads/Catalogos/CAT%C3%81LOGO%20LQ%202024-2025%20-%20web%20%281%29.pdf)."
/soldadoras/soldadora-mig-con-gas/,DESCONOCIDO,revisada,no,,Opiniones de compradores:** no se revisó una muestra verificable.
/soldadoras/soldadora-mig-con-gas/,DESCONOCIDO,revisada,no,,Para seguir comparando: [qué especifica el fabricante para MIG con alambre tubular](/soldadoras/mig-sin-gas/).
/soldadoras/soldadora-mig-con-gas/,DESCONOCIDO,revisada,no,,Para conocer el criterio editorial: [Ver metodología de TallerLab](/como-trabajamos/).
/soldadoras/soldadora-mig-con-gas/,DESCONOCIDO,revisada,no,,Para explorar la categoría: [guías relacionadas](/soldadoras/).
/soldadoras/soldadora-tig-ac-dc/,DATO VERIFICADO,revisada,no,,"**Dato verificado:** las especificaciones se atribuyen al fabricante y al modelo/código indicado. Los cálculos se identifican como **Análisis TallerLab**; lo no confirmado queda como **Desconocido**. Esta guía es documental, sin prueba física ni muestra de opiniones."
/soldadoras/soldadora-tig-ac-dc/,DESCONOCIDO,revisada,no,,Tipo de análisis: documental
/soldadoras/soldadora-tig-ac-dc/,DESCONOCIDO,revisada,no,,Prueba física de TallerLab: no
/soldadoras/soldadora-tig-ac-dc/,DESCONOCIDO,revisada,no,,Especificaciones contrastadas: sí
/soldadoras/soldadora-tig-ac-dc/,DESCONOCIDO,revisada,no,,Opiniones de compradores: no
/soldadoras/soldadora-tig-ac-dc/,DESCONOCIDO,revisada,no,,Fuentes primarias: sí
/soldadoras/soldadora-tig-ac-dc/,DESCONOCIDO,revisada,no,,Última revisión: 27/09/2026
/soldadoras/soldadora-tig-ac-dc/,DESCONOCIDO,revisada,no,,Modelo | Red / fases | Corriente TIG y ciclo publicado | Datos de selección que no hay que omitir
/soldadoras/soldadora-tig-ac-dc/,DESCONOCIDO,revisada,no,,"ESAB ET 200i AC/DC (0738827) | 220 V ±10%, monofásica | 200 A/20%; 116 A/60%; 90 A/100% | 22 kg; TIG AC HF y DC en ficha argentina"
/soldadoras/soldadora-tig-ac-dc/,DESCONOCIDO,revisada,no,,"Lüsqtoff TIG350ACDC-9 | 380 V, trifásica | 315 A/40%; rango de 5–315 A | 31,5 kg; fabricante dice que cable de alimentación no está incluido"
/soldadoras/soldadora-tig-ac-dc/,DESCONOCIDO,revisada,no,,"Lüsqtoff SMART TIG-AC/DC200, catálogo | 220 V monofásica ±10% | 200 A/25% en TIG AC y DC, según catálogo | Ficha de producto actual localizada no permite validar todas las cifras del catálogo"
/soldadoras/soldadora-tig-ac-dc/,DATO VERIFICADO,revisada,no,,"**Dato verificado:** ESAB publica salidas distintas al 20%, 60% y 100% para ET 200i. Lüsqtoff identifica TIG350ACDC-9 como trifásica y publica 315 A/40%. El SMART TIG-AC/DC200 aparece en catálogo Lüsqtoff con dos modos AC/DC y puntos de ciclo; los tratamos como dato de esa edición, no como ficha actual confirmada."
/soldadoras/soldadora-tig-ac-dc/,ANÁLISIS TALLERLAB,revisada,no,,"**Análisis TallerLab:** las necesidades eléctricas y ciclos separan claramente estas opciones: no se comparan solo por el número máximo. Comprobá fases disponibles, protección de red, ciclo a corriente de trabajo, accesorios y manual del modelo. Las descripciones de producto no bastan para elegir corriente, frecuencia/pulso o preparación de una junta."
/soldadoras/soldadora-tig-ac-dc/,DESCONOCIDO,revisada,no,,"**Desconocido:** no se confirmó vigencia comercial local del modelo SMART TIG-AC/DC200, parámetros completos por modo de la versión corriente ni contenidos exactos de cada publicación. No se ensayaron materiales."
/soldadoras/soldadora-tig-ac-dc/,DESCONOCIDO,revisada,no,https://esab.com/ar/sam_es/products-solutions/product/welding-equipment/tig-welders-gtaw/et-200i-ac-dc/,"Documentación primaria:** [ESAB ET 200i AC/DC, Argentina](https://esab.com/ar/sam_es/products-solutions/product/welding-equipment/tig-welders-gtaw/et-200i-ac-dc/); [Lüsqtoff TIG350ACDC-9](https://lusqtoff.com.ar/ver-producto/TIG350ACDC-9); [catálogo Lüsqtoff 2024/25, SMART TIG-AC/DC200](https://www.lusqtoff.com.ar/2023/uploads/Catalogos/CAT%C3%81LOGO%20LQ%202024-2025%20-%20web%20%281%29.pdf); [catálogo Lüsqtoff de soldadoras](https://lusqtoff.com.ar/ver-productos/13-soldadoras-inverter)."
/soldadoras/soldadora-tig-ac-dc/,DESCONOCIDO,revisada,no,,Opiniones de compradores:** no se revisó una muestra verificable.
/soldadoras/soldadora-tig-ac-dc/,DESCONOCIDO,revisada,no,,Para seguir comparando: [soldadura TIG: procesos y fichas de equipos](/soldadoras/tig/).
/soldadoras/soldadora-tig-ac-dc/,DESCONOCIDO,revisada,no,,Para conocer el criterio editorial: [Ver metodología de TallerLab](/como-trabajamos/).
/soldadoras/soldadora-tig-ac-dc/,DESCONOCIDO,revisada,no,,Para explorar la categoría: [guías relacionadas](/soldadoras/).
/soldadoras/tig/,DATO VERIFICADO,revisada,no,,"**Dato verificado:** las especificaciones se atribuyen al fabricante y al modelo/código indicado. Los cálculos se identifican como **Análisis TallerLab**; lo no confirmado queda como **Desconocido**. Esta guía es documental, sin prueba física ni muestra de opiniones."
/soldadoras/tig/,DESCONOCIDO,revisada,no,,Tipo de análisis: documental
/soldadoras/tig/,DESCONOCIDO,revisada,no,,Prueba física de TallerLab: no
/soldadoras/tig/,DESCONOCIDO,revisada,no,,Especificaciones contrastadas: sí
/soldadoras/tig/,DESCONOCIDO,revisada,no,,Opiniones de compradores: no
/soldadoras/tig/,DESCONOCIDO,revisada,no,,Fuentes primarias: sí
/soldadoras/tig/,DESCONOCIDO,revisada,no,,Última revisión: 27/09/2026
/soldadoras/tig/,DESCONOCIDO,revisada,no,,Modelo | Proceso que declara el fabricante | Rango / puntos de ciclo TIG | Estado o restricción visible
/soldadoras/tig/,DESCONOCIDO,revisada,no,,"ESAB ET 200i AC/DC | TIG AC/DC y MMA | 5–200 A; 200 A/20%, 116 A/60%, 90 A/100% | 220 V monofásica; 22 kg"
/soldadoras/tig/,DESCONOCIDO,revisada,no,,"Lüsqtoff ST-200 | TIG HF y MMA DC | TIG 10–200 A; 200 A/60%, 100 A/100% | Página la marca discontinuada; 220 V monofásica"
/soldadoras/tig/,DESCONOCIDO,revisada,no,,"Lüsqtoff PROTIG180-8 | Inverter TIG y MMA; la página citada no especifica corriente AC | TIG 180 A al 30%; MMA 160 A al 30% | 220 V/50 Hz; 5,2 kg; ficha declara garantía de 2 años"
/soldadoras/tig/,DATO VERIFICADO,revisada,no,,"**Dato verificado:** la ficha ESAB identifica explícitamente TIG AC/DC. Lüsqtoff ST-200 se describe como “TIG dual / DC-MMA” y está discontinuada. La página PROTIG180-8 informa corrientes y ciclo, pero no se usa para afirmar compatibilidad TIG AC."
/soldadoras/tig/,ANÁLISIS TALLERLAB,revisada,no,,"**Análisis TallerLab:** un nombre “TIG” no confirma salida AC/DC, tipo de encendido ni proceso de electrodo. Si se necesita TIG AC para aluminio, confirmar esa función en la ficha/manual del código exacto; para cualquier compra, cotejar rango, ciclo, frecuencia de red y accesorios incluidos."
/soldadoras/tig/,DESCONOCIDO,revisada,no,,"**Desconocido:** no se determinaron aleación, espesor, corriente necesaria, gas, electrodo de tungsteno ni aporte para una pieza específica. La disponibilidad actual de ST-200 no está confirmada y no extrapolamos su ficha a otro modelo."
/soldadoras/tig/,DESCONOCIDO,revisada,no,https://esab.com/ar/sam_es/products-solutions/product/welding-equipment/tig-welders-gtaw/et-200i-ac-dc/,"Documentación primaria:** [ESAB ET 200i AC/DC](https://esab.com/ar/sam_es/products-solutions/product/welding-equipment/tig-welders-gtaw/et-200i-ac-dc/); [Lüsqtoff ST-200, modelo discontinuado](https://lusqtoff.com.ar/ver-producto/ST-200); [Lüsqtoff PROTIG180-8](https://lusqtoff.com.ar/ver-producto/PROTIG180-8); [catálogo oficial de soldadoras](https://lusqtoff.com.ar/ver-productos/13-soldadoras-inverter)."
/soldadoras/tig/,DESCONOCIDO,revisada,no,,Opiniones de compradores:** no se revisó una muestra verificable.
/soldadoras/tig/,DESCONOCIDO,revisada,no,,Para seguir comparando: [fichas de fuentes TIG AC/DC y alimentación](/soldadoras/soldadora-tig-ac-dc/).
/soldadoras/tig/,DESCONOCIDO,revisada,no,,Para conocer el criterio editorial: [Ver metodología de TallerLab](/como-trabajamos/).
/soldadoras/tig/,DESCONOCIDO,revisada,no,,Para explorar la categoría: [guías relacionadas](/soldadoras/).
/soldadura-electronica/estacion-de-soldadura/,DATO VERIFICADO,revisada,no,,"**Dato verificado:** las especificaciones se atribuyen al fabricante y al modelo/código indicado. Los cálculos se identifican como **Análisis TallerLab**; lo no confirmado queda como **Desconocido**. Esta guía es documental, sin prueba física ni muestra de opiniones."
/soldadura-electronica/estacion-de-soldadura/,DESCONOCIDO,revisada,no,,Tipo de análisis: documental
/soldadura-electronica/estacion-de-soldadura/,DESCONOCIDO,revisada,no,,Prueba física de TallerLab: no
/soldadura-electronica/estacion-de-soldadura/,DESCONOCIDO,revisada,no,,Especificaciones contrastadas: sí
/soldadura-electronica/estacion-de-soldadura/,DESCONOCIDO,revisada,no,,Opiniones de compradores: no
/soldadura-electronica/estacion-de-soldadura/,DESCONOCIDO,revisada,no,,Fuentes primarias: sí
/soldadura-electronica/estacion-de-soldadura/,DESCONOCIDO,revisada,no,,Última revisión: 27/09/2026
/soldadura-electronica/estacion-de-soldadura/,DESCONOCIDO,revisada,no,,Modelo | Herramientas integradas | Temperaturas declaradas | Aire / potencia | Diferencia documentada
/soldadura-electronica/estacion-de-soldadura/,DESCONOCIDO,revisada,no,,YiHUA 878D | Pistola de aire caliente y cautín | Aire 100–480 °C; cautín 200–480 °C | Aire máx. 120 L/min; estación 700 W máx. | Ficha agrupa versiones 878/878A/878AD/878D; verificar variante exacta
/soldadura-electronica/estacion-de-soldadura/,DESCONOCIDO,revisada,no,,YiHUA 898D | Pistola de aire caliente y cautín | Aire 100–480 °C; cautín 200–480 °C | Aire máx. 120 L/min; estación 730 W | Dos pantallas LED y configuración de dos funciones
/soldadura-electronica/estacion-de-soldadura/,DESCONOCIDO,revisada,no,,"Lüsqtoff ES3L45-8 | Cautín regulable; no declara pistola de aire | Cautín 200–480 °C | Consumo/capacidad de entrada no queda claro en ficha comercial consultada | Estación compacta para trabajo con cautín, no especificada como retrabajo de aire"
/soldadura-electronica/estacion-de-soldadura/,DATO VERIFICADO,revisada,no,,"**Dato verificado:** YiHUA publica estaciones 878D y 898D con pistola de aire y cautín; Lüsqtoff presenta ES3L45-8 como estación con regulación de temperatura de cautín. Se indican rangos y potencia según la fuente del fabricante, sin convertirlos en mediciones independientes."
/soldadura-electronica/estacion-de-soldadura/,ANÁLISIS TALLERLAB,revisada,no,,"**Análisis TallerLab:** si la tarea requiere retirar componentes SMD con aire, el tipo de herramienta incluida es una diferencia funcional que se puede verificar antes de comprar. Para soldadura puntual con cautín, comparar puntas, repuestos y control térmico del modelo exacto. Una lectura de temperatura de ficha no describe estabilidad real en la punta bajo carga."
/soldadura-electronica/estacion-de-soldadura/,DESCONOCIDO,revisada,no,,"**Desconocido:** la página YiHUA agrupa variantes; no confirma qué versión llega en cada oferta argentina, enchufe local, garantía ni disponibilidad de boquillas/puntas. La ficha ES3L45-8 publica datos de entrada ambiguos; no se convierten a watts sin manual legible. No se verificó precisión térmica con instrumentos."
/soldadura-electronica/estacion-de-soldadura/,DESCONOCIDO,revisada,no,https://www.yihua-soldering.com/product-1-2-1-hot-air-rework-station-en/147657/,Documentación primaria:** [YiHUA 878/878A/878AD/878D](https://www.yihua-soldering.com/product-1-2-1-hot-air-rework-station-en/147657/); [YiHUA 898D/898D+](https://yihua-soldering.com/product-1-2-3-hot-air-rework-station-en/147659/); [Lüsqtoff ES3L45-8](https://lusqtoff.com.ar/ver-producto/ES3L45-8); [catálogo de soldadoras Lüsqtoff](https://lusqtoff.com.ar/ver-productos/13-soldadoras-inverter).
/soldadura-electronica/estacion-de-soldadura/,DESCONOCIDO,revisada,no,,Opiniones de compradores:** no se revisó una muestra verificable.
/soldadura-electronica/estacion-de-soldadura/,DESCONOCIDO,revisada,no,,Para seguir comparando: [estación de retrabajo YiHUA 878D: modelo y rangos declarados](/soldadura-electronica/gadnic-878d/).
/soldadura-electronica/estacion-de-soldadura/,DESCONOCIDO,revisada,no,,Para conocer el criterio editorial: [Ver metodología de TallerLab](/como-trabajamos/).
/soldadura-electronica/estacion-de-soldadura/,DESCONOCIDO,revisada,no,,Para explorar la categoría: [guías relacionadas](/soldadura-electronica/).
/soldadura-electronica/gadnic-878d/,DATO VERIFICADO,revisada,no,,"**Dato verificado:** la página argentina de Gadnic identifica el producto como 878D y ofrece dos valores de potencia en la misma ficha: el texto descriptivo menciona 750 W, mientras que la tabla de especificaciones indica **370 W nominales**. La misma tabla declara alimentación de 220 V, aire a 100–450 °C, cautín a 200–480 °C, estabilidad de ±2 °C, caudal de 120 L/min y peso de 2,3 kg. Son datos publicados por el vendedor/fabricante; TallerLab no los midió."
/soldadura-electronica/gadnic-878d/,DATO VERIFICADO,revisada,no,,Equipo y fuente | Potencia publicada | Aire caliente | Cautín | Caudal / peso | Qué permite concluir
/soldadura-electronica/gadnic-878d/,DATO VERIFICADO,revisada,no,,"Gadnic 878D, ficha argentina | 370 W en especificaciones; 750 W en descripción | 100–450 °C | 200–480 °C | 120 L/min; 2,3 kg | La propia página presenta una discrepancia de potencia que debe confirmarse en la etiqueta o manual de la unidad ofrecida"
/soldadura-electronica/gadnic-878d/,DATO VERIFICADO,revisada,no,,"Yihua 878D, serie OEM | 700 W ±10% máx. de máquina; aire 650 W | 100–450 °C | 200–480 °C, salida 50 W | 120 L/min máx.; 2,6 kg | Es otra ficha y no demuestra que la Gadnic tenga la misma configuración"
/soldadura-electronica/gadnic-878d/,DATO VERIFICADO,revisada,no,,"Yihua 898D/898D+ | 730 W de máquina; aire 650 W | 100–480 °C | 200–480 °C; 50/75 W según versión | 120 L/min máx.; 2,65 kg | El sufijo y la versión cambian los datos; no trasladarlos a la 878D"
/soldadura-electronica/gadnic-878d/,DECLARACIÓN DEL FABRICANTE,revisada,no,,"**Declaración del fabricante:** Gadnic enumera estación, cautín, soporte, paño de limpieza, bomba de aire, soporte para bomba, tres punteras y manual en español. La ficha ofrece garantía de 12 meses. Es preciso revisar el contenido de la oferta concreta porque los combos comerciales pueden modificarse."
/soldadura-electronica/gadnic-878d/,ANÁLISIS TALLERLAB,revisada,no,,"**Análisis TallerLab:** la cifra de 750 W no queda conciliada con los 370 W del cuadro de especificaciones. Para comparar esta unidad, tomamos como referencia provisional el dato tabulado de 370 W, pero la diferencia sigue abierta hasta cotejar placa/manual del ejemplar vendido. La ficha OEM Yihua solo sirve como comparación documental entre modelos: ni acredita equivalencia técnica ni valida el dato de Gadnic. La potencia total tampoco permite deducir por sí sola la temperatura efectiva en la u"
/soldadura-electronica/gadnic-878d/,DESCONOCIDO,revisada,no,,"**Desconocido:** no se comprobó físicamente una unidad, la revisión del manual descargable no resolvió la discrepancia, y no se revisó una muestra de opiniones. Tampoco se confirma que los repuestos Yihua sean compatibles con esta Gadnic."
/soldadura-electronica/gadnic-878d/,DESCONOCIDO,revisada,no,,Tipo de análisis: documental.
/soldadura-electronica/gadnic-878d/,DESCONOCIDO,revisada,no,,Prueba física de TallerLab: no.
/soldadura-electronica/gadnic-878d/,DESCONOCIDO,revisada,no,,"Especificaciones contrastadas: sí; discrepancia registrada, no resuelta."
/soldadura-electronica/gadnic-878d/,DESCONOCIDO,revisada,no,,Opiniones de compradores: no.
/soldadura-electronica/gadnic-878d/,DESCONOCIDO,revisada,no,,Fuentes primarias: sí.
/soldadura-electronica/gadnic-878d/,DESCONOCIDO,revisada,no,,Última revisión: 27/09/2026.
/soldadura-electronica/gadnic-878d/,DESCONOCIDO,revisada,no,https://www.gadnic.com.ar/soldadoras/estacion-de-soldado-smd-750w,"Ficha local y datos publicados por Gadnic/Bidcom:** [Estación Gadnic 878D, código SOLD0002](https://www.gadnic.com.ar/soldadoras/estacion-de-soldado-smd-750w). La URL incluye “750w”, pero la ficha hoy presenta 370 W nominales en el apartado de especificaciones y 750 W en el texto descriptivo."
/soldadura-electronica/gadnic-878d/,DESCONOCIDO,revisada,no,https://www.yihuasoldering.com/product-1-2-1-hot-air-rework-station/147657/,"Comparación de fabricante OEM, no equivalencia:** [Yihua serie 878/878A/878AD/878D](https://www.yihuasoldering.com/product-1-2-1-hot-air-rework-station/147657/) y [Yihua serie 898D/898D+](https://yihua-soldering.com/product-1-2-3-hot-air-rework-station-en/147659/)."
/soldadura-electronica/gadnic-878d/,DESCONOCIDO,revisada,no,,Opiniones:** no se analizó una muestra verificable.
/soldadura-electronica/gadnic-878d/,DESCONOCIDO,revisada,no,,"La selección depende de confirmar la potencia y la variante de la publicación. Consultá también la [estación de soldadura electrónica](/soldadura-electronica/estacion-de-soldadura/), el [kit de soldador de estaño](/soldadura-electronica/kit-soldador-de-estano/) y el [soporte con lupa](/soldadura-electronica/soporte-para-soldar-con-lupa/)."
/soldadura-electronica/gadnic-878d/,DESCONOCIDO,revisada,no,,**Aviso de afiliados:** Taller Lab puede recibir una comisión por compras realizadas desde estos enlaces.
/soldadura-electronica/kit-soldador-de-estano/,DATO VERIFICADO,revisada,no,,"**Dato verificado:** las fichas de Pro’sKit y Velleman documentan kits de cautín con herramientas básicas para soldar y desoldar; Weller publica un kit regional de 60 W y 120 V. Son productos con distinta tensión y contenido, no tres variantes de un mismo modelo."
/soldadura-electronica/kit-soldador-de-estano/,DATO VERIFICADO,revisada,no,,Kit / mercado indicado | Cautín | Elementos incluidos según fabricante | Alimentación declarada | Límite de comparación
/soldadura-electronica/kit-soldador-de-estano/,DATO VERIFICADO,revisada,no,,"Pro’sKit PK-916G, mercado de China | 30 W; 220–240 V; 460 °C ±10% | Punta de repuesto, bomba desoldadora, alambre Ø0,8 mm (~10 g), soporte y aceite de resina | 220–240 V; ficha especifica enchufe G | Fabricante indica “solo mercado de China”; no confirma enchufe ni garantía argentina"
/soldadura-electronica/kit-soldador-de-estano/,DATO VERIFICADO,revisada,no,,"Velleman K/SOLD2N | 25 W; máximo declarado 420 °C | Bomba desoldadora, soporte con esponja y estaño | 220–240 V, 50 Hz; enchufe E/F | La página es europea; disponibilidad y garantía local no confirmadas"
/soldadura-electronica/kit-soldador-de-estano/,DATO VERIFICADO,revisada,no,,"Weller WLC100K, versión estadounidense | 60 W | Cautín, base/soporte y accesorios según la configuración regional | 120 V | No conectar directamente a una red de 220 V; no es una recomendación para Argentina sin confirmar un transformador adecuado"
/soldadura-electronica/kit-soldador-de-estano/,DECLARACIÓN DEL FABRICANTE,revisada,no,,"**Declaración del fabricante:** Pro’sKit especifica composición y cantidad aproximada de soldadura, pero también restringe PK-916G al mercado chino. Velleman enumera hierro, soporte, bomba y soldadura. Weller publica el kit WLC100K como versión de 120 V. Las ofertas locales pueden modificar contenido, ficha o cobertura."
/soldadura-electronica/kit-soldador-de-estano/,ANÁLISIS TALLERLAB,revisada,no,,"**Análisis TallerLab:** para empezar, compará primero la tensión compatible con la instalación, el tipo de punta y si el kit incluye soporte y herramienta de desoldado. Un cautín de mayor potencia no es automáticamente mejor para una unión concreta: importan la transferencia térmica de la punta, la regulación disponible y el trabajo previsto. Para placas que requieren retrabajo con aire, la comparación cambia; revisá la [guía de estaciones electrónicas](/soldadura-electronica/estacion-de-soldadu"
/soldadura-electronica/kit-soldador-de-estano/,DESCONOCIDO,revisada,no,,"**Desconocido:** no se validó qué kit genérico entrega cada vendedor argentino, ni su garantía, certificación local o disponibilidad de puntas. No se hizo una prueba de calentamiento ni se revisaron opiniones de compradores."
/soldadura-electronica/kit-soldador-de-estano/,DESCONOCIDO,revisada,no,,Tipo de análisis: documental.
/soldadura-electronica/kit-soldador-de-estano/,DESCONOCIDO,revisada,no,,Prueba física de TallerLab: no.
/soldadura-electronica/kit-soldador-de-estano/,DESCONOCIDO,revisada,no,,"Especificaciones contrastadas: sí, entre fichas de kits concretos."
/soldadura-electronica/kit-soldador-de-estano/,DESCONOCIDO,revisada,no,,Opiniones de compradores: no.
/soldadura-electronica/kit-soldador-de-estano/,DESCONOCIDO,revisada,no,,Fuentes primarias: sí.
/soldadura-electronica/kit-soldador-de-estano/,DESCONOCIDO,revisada,no,,Última revisión: 27/09/2026.
/soldadura-electronica/kit-soldador-de-estano/,DESCONOCIDO,revisada,no,https://www.proskit.com/Product/PK-916G?hl=en-US,"Fabricantes:** [Pro’sKit PK-916G](https://www.proskit.com/Product/PK-916G?hl=en-US); [Velleman K/SOLD2N](https://www.velleman.eu/products/view/electric-soldering-set-k-sold2n/?id=353840&lang=en); [Weller WLC100K, 120 V](https://www.weller-tools.com/us/en/consumer/products/corded-soldering-irons/soldering-iron-kit-60w120v-us)."
/soldadura-electronica/kit-soldador-de-estano/,DESCONOCIDO,revisada,no,,Opiniones:** no se analizó una muestra verificable.
/soldadura-electronica/kit-soldador-de-estano/,DESCONOCIDO,revisada,no,,También podés comparar componentes individuales en la guía de [soportes con lupa](/soldadura-electronica/soporte-para-soldar-con-lupa/) y revisar estaciones de [aire caliente y cautín](/soldadura-electronica/gadnic-878d/).
/soldadura-electronica/kit-soldador-de-estano/,DESCONOCIDO,revisada,no,,**Aviso de afiliados:** Taller Lab puede recibir una comisión por compras realizadas desde estos enlaces.
/soldadura-electronica/soporte-para-soldar-con-lupa/,DATO VERIFICADO,revisada,no,,"**Dato verificado:** las fichas de fabricante describen soportes con configuraciones distintas. Pro’sKit 608-391E declara lente de vidrio de 60 mm y aumento 3X, dos brazos ajustables con pinzas cocodrilo, bandeja para esponja y base de hierro fundido de 55 × 55 × 35 mm. Weller WLACCHHB-02 declara aumento 4X y dos pinzas cocodrilo con giro de cuatro vías. Velleman VTHH3N agrega lupa con luz LED y requiere tres pilas AAA según la declaración de conformidad."
/soldadura-electronica/soporte-para-soldar-con-lupa/,DATO VERIFICADO,revisada,no,,"Modelo | Aumento/lente declarado | Sujeción | Base, luz y límites publicados"
/soldadura-electronica/soporte-para-soldar-con-lupa/,DATO VERIFICADO,revisada,no,,Pro’sKit 608-391E | Lente de vidrio Ø60 mm; 3X (8D) | Dos brazos ajustables con pinzas cocodrilo | Base de hierro fundido 55 × 55 × 35 mm; bandeja para esponja; no se declara luz
/soldadura-electronica/soporte-para-soldar-con-lupa/,DATO VERIFICADO,revisada,no,,Weller WLACCHHB-02 | 4X; el fabricante no detalla diámetro en la ficha consultada | Dos pinzas cocodrilo con giro de cuatro vías | La ficha consultada no especifica alimentación de luz ni dimensiones
/soldadura-electronica/soporte-para-soldar-con-lupa/,DATO VERIFICADO,revisada,no,,Velleman VTHH3N | La declaración consultada no fija aumento | Pinzas cocodrilo y soporte para cautín | Lámpara LED; alimentación declarada: 3 pilas AAA; no se trasladan datos de otros Velleman
/soldadura-electronica/soporte-para-soldar-con-lupa/,DECLARACIÓN DEL FABRICANTE,revisada,no,,"**Declaración del fabricante:** las cifras de aumento, materiales y accesorios anteriores proceden de las páginas/fichas de producto identificadas. El aumento nominal no equivale a una evaluación de distancia de trabajo, nitidez o comodidad visual."
/soldadura-electronica/soporte-para-soldar-con-lupa/,ANÁLISIS TALLERLAB,revisada,no,,"**Análisis TallerLab:** si necesitás una base con medida y lente de vidrio documentadas, Pro’sKit ofrece esos dos campos explícitos. Weller publica mayor aumento nominal (4X frente a 3X de Pro’sKit), pero no el diámetro de la lupa en la página consultada. Para trabajar con poca luz, Velleman documenta LED y alimentación por pilas. No comparamos estabilidad ni resistencia al calor porque no hay ensayos propios equivalentes."
/soldadura-electronica/soporte-para-soldar-con-lupa/,DESCONOCIDO,revisada,no,,"**Desconocido:** no se revisó el modelo genérico enlazado en la oferta comercial original; por eso no se le atribuyen brazos, lupa, luz, dimensiones o accesorios de marcas comparables. No se analizaron opiniones de compradores."
/soldadura-electronica/soporte-para-soldar-con-lupa/,DESCONOCIDO,revisada,no,,Tipo de análisis: documental.
/soldadura-electronica/soporte-para-soldar-con-lupa/,DESCONOCIDO,revisada,no,,Prueba física de TallerLab: no.
/soldadura-electronica/soporte-para-soldar-con-lupa/,DESCONOCIDO,revisada,no,,"Especificaciones contrastadas: sí, entre tres fichas de producto identificadas."
/soldadura-electronica/soporte-para-soldar-con-lupa/,DESCONOCIDO,revisada,no,,Opiniones de compradores: no.
/soldadura-electronica/soporte-para-soldar-con-lupa/,DESCONOCIDO,revisada,no,,Fuentes primarias: sí.
/soldadura-electronica/soporte-para-soldar-con-lupa/,DESCONOCIDO,revisada,no,,Última revisión: 27/09/2026.
/soldadura-electronica/soporte-para-soldar-con-lupa/,DESCONOCIDO,revisada,no,https://www.proskit.com/Product/608-391E?hl=en-US,"Fabricante:** [Pro’sKit 608-391E](https://www.proskit.com/Product/608-391E?hl=en-US); [Weller WLACCHHB-02](https://www.weller-tools.com/us/en/consumer/products/soldering-accessories/helping-hands-magnifier); [Velleman VTHH3N, declaración de conformidad](https://cdn.velleman.eu/downloads/doc/1950001-vthh3n_ce.pdf)."
/soldadura-electronica/soporte-para-soldar-con-lupa/,DESCONOCIDO,revisada,no,,Opiniones:** no se analizó una muestra verificable.
/soldadura-electronica/soporte-para-soldar-con-lupa/,DESCONOCIDO,revisada,no,,"Para el resto del puesto de trabajo, consultá el [kit de soldador de estaño](/soldadura-electronica/kit-soldador-de-estano/) y la [guía de estaciones electrónicas](/soldadura-electronica/estacion-de-soldadura/)."
/soldadura-electronica/soporte-para-soldar-con-lupa/,DESCONOCIDO,revisada,no,,**Aviso de afiliados:** Taller Lab puede recibir una comisión por compras realizadas desde estos enlaces.
/soldadura-electronica/yihua-898d/,DATO VERIFICADO,revisada,no,,"**Dato verificado:** Yihua publica la serie 898D/898D+ con tensión nominal de 220 V ±10% y potencia de máquina de 730 W. El fabricante declara para el aire caliente 650 W, rango de 100–480 °C y caudal máximo de 120 L/min; para el cautín, 200–480 °C y 50 W o 75 W según la variante. La ficha presenta estabilidad estática de ±5 °C para la tabla de la serie."
/soldadura-electronica/yihua-898d/,DATO VERIFICADO,revisada,no,,Parámetro publicado | Yihua 898D/898D+ | Comparación con serie 878D | Límite de lectura
/soldadura-electronica/yihua-898d/,DATO VERIFICADO,revisada,no,,Potencia de máquina | 730 W | 700 W ±10% máx. | No es una medición de consumo sostenido en TallerLab
/soldadura-electronica/yihua-898d/,DATO VERIFICADO,revisada,no,,"Temperatura de aire | 100–480 °C | 100–450 °C | Rango de control declarado, no perfil recomendado para toda placa"
/soldadura-electronica/yihua-898d/,DATO VERIFICADO,revisada,no,,Temperatura de cautín | 200–480 °C | 200–480 °C | La ficha OEM no acredita estabilidad bajo carga real
/soldadura-electronica/yihua-898d/,DATO VERIFICADO,revisada,no,,Caudal máximo | 120 L/min | 120 L/min | Máximo declarado; no indica caudal en cada ajuste
/soldadura-electronica/yihua-898d/,DATO VERIFICADO,revisada,no,,"Peso | 2,65 kg | 2,6 kg | Datos de fabricante para las series respectivas"
/soldadura-electronica/yihua-898d/,DATO VERIFICADO,revisada,no,,"Cautín | 50/75 W, según versión | 50 W | Confirmar modelo y mango incluidos en la oferta"
/soldadura-electronica/yihua-898d/,DECLARACIÓN DEL FABRICANTE,revisada,no,,"**Declaración del fabricante:** la configuración estándar de la página Yihua enumera máquina, pistola de aire, tres boquillas de 5, 8 y 10 mm, extractor de IC, soporte de mango, mango de cautín y soporte de cautín. La ficha agrupa 898D y 898D+; no se debe asumir que todos los vendedores entregan el mismo contenido."
/soldadura-electronica/yihua-898d/,ANÁLISIS TALLERLAB,revisada,no,,"**Análisis TallerLab:** frente a la 878D, la tabla del fabricante eleva el rango superior de aire de 450 a 480 °C y la potencia de máquina de 700 W ±10% máximo a 730 W. Esa diferencia describe lo publicado, no prueba una mejora de rendimiento en una reparación. Para una compra, cotejá el sufijo, la tensión de placa, el mango/calentador, las boquillas y la garantía local. No confundas el máximo de 120 L/min con una recomendación de caudal."
/soldadura-electronica/yihua-898d/,DESCONOCIDO,revisada,no,,"**Desconocido:** la ficha conjunta no permite atribuir automáticamente a una unidad 898D todas las opciones enumeradas para 898D+. No confirmamos disponibilidad de repuestos, contenido de una oferta argentina ni resultados térmicos reales. No se revisaron opiniones de compradores."
/soldadura-electronica/yihua-898d/,DESCONOCIDO,revisada,no,,Tipo de análisis: documental.
/soldadura-electronica/yihua-898d/,DESCONOCIDO,revisada,no,,Prueba física de TallerLab: no.
/soldadura-electronica/yihua-898d/,DESCONOCIDO,revisada,no,,"Especificaciones contrastadas: sí, entre las fichas publicadas por Yihua para las series 898D y 878D."
/soldadura-electronica/yihua-898d/,DESCONOCIDO,revisada,no,,Opiniones de compradores: no.
/soldadura-electronica/yihua-898d/,DESCONOCIDO,revisada,no,,Fuentes primarias: sí.
/soldadura-electronica/yihua-898d/,DESCONOCIDO,revisada,no,,Última revisión: 27/09/2026.
/soldadura-electronica/yihua-898d/,DESCONOCIDO,revisada,no,https://yihua-soldering.com/product-1-2-3-hot-air-rework-station-en/147659/,Fabricante:** [Yihua 898D/898D+](https://yihua-soldering.com/product-1-2-3-hot-air-rework-station-en/147659/).
/soldadura-electronica/yihua-898d/,DESCONOCIDO,revisada,no,https://www.yihuasoldering.com/product-1-2-1-hot-air-rework-station/147657/,"Fabricante, serie comparada:** [Yihua 878/878A/878AD/878D](https://www.yihuasoldering.com/product-1-2-1-hot-air-rework-station/147657/)."
/soldadura-electronica/yihua-898d/,DESCONOCIDO,revisada,no,,Opiniones:** no se analizó una muestra verificable.
/soldadura-electronica/yihua-898d/,DESCONOCIDO,revisada,no,,"Si solo necesitás cautín, compará la [guía de estaciones electrónicas](/soldadura-electronica/estacion-de-soldadura/) y el [kit de estaño](/soldadura-electronica/kit-soldador-de-estano/). Para inmovilizar una placa, revisá el [soporte para soldar con lupa](/soldadura-electronica/soporte-para-soldar-con-lupa/)."
/soldadura-electronica/yihua-898d/,DESCONOCIDO,revisada,no,,**Aviso de afiliados:** Taller Lab puede recibir una comisión por compras realizadas desde estos enlaces.
/taladros/atornillador-impacto-dewalt/,DATO VERIFICADO,revisada,no,,"**Dato verificado:** las cifras de la tabla proceden de manuales DeWalt para DCF809 y DCF887. Los valores de torque son máximos publicados por el fabricante, no valores de apriete que TallerLab haya medido en un tornillo."
/taladros/atornillador-impacto-dewalt/,DATO VERIFICADO,revisada,no,,Dato de manual | DCF809 | DCF887
/taladros/atornillador-impacto-dewalt/,DATO VERIFICADO,revisada,no,,Torque máximo declarado | 190 Nm | 205 Nm
/taladros/atornillador-impacto-dewalt/,DATO VERIFICADO,revisada,no,,Niveles/modos de velocidad | Gatillo de velocidad variable | 3 modos: 0–1.000 / 0–2.800 / 0–3.250 rpm
/taladros/atornillador-impacto-dewalt/,DATO VERIFICADO,revisada,no,,Torque indicado por modo | No se detalla por modo en el dato citado | 27 / 170 / 205 Nm
/taladros/atornillador-impacto-dewalt/,DATO VERIFICADO,revisada,no,,"Portapuntas | Hexagonal de cambio rápido, 1/4 in | Hexagonal de 1/4 in"
/taladros/atornillador-impacto-dewalt/,DATO VERIFICADO,revisada,no,,Etiqueta de plataforma | 20 V MAX (18 V nominales) | 20 V MAX
/taladros/atornillador-impacto-dewalt/,DATO VERIFICADO,revisada,no,,Kit local | El contenido de DCF809C2 no se confirmó para Argentina | El contenido de DCF887D2 no se confirmó para Argentina
/taladros/atornillador-impacto-dewalt/,ANÁLISIS TALLERLAB,revisada,no,,"**Análisis TallerLab.** El máximo publicado del DCF887 supera al DCF809 en 15 Nm, alrededor de 7,9 % respecto de 190 Nm. Esa diferencia es aritmética entre las cifras del fabricante; no predice el torque final de una unión. El dato más útil para control es que el manual DCF887 publica tres escalones de velocidad/torque, mientras el DCF809 citado no ofrece una tabla equivalente por modo. No atribuimos un resultado de apriete más preciso sin prueba."
/taladros/atornillador-impacto-dewalt/,DECLARACIÓN DEL FABRICANTE,revisada,no,,"**Declaración del fabricante.** DeWalt indica que el modo 1 del DCF887 (Precision Drive) se orienta a aplicaciones ligeras de atornillado y que, si no alcanza para la fijación, se debe seleccionar el modo 2. El manual advierte que el torque de fijación depende, entre otros factores, del voltaje y del material. Para una unión crítica, recomienda comprobar torque con una llave dinamométrica."
/taladros/atornillador-impacto-dewalt/,DESCONOCIDO,revisada,no,,"**Desconocido.** Los sufijos de kit cambian por mercado. No confirmamos baterías, cargador, garantía ni disponibilidad argentina para cada oferta; tampoco se ensayó el torque real."
/taladros/atornillador-impacto-dewalt/,DESCONOCIDO,revisada,no,,"Para conocer las diferencias entre herramienta de impacto y taladro, seguí por [atornilladores de impacto](/taladros/atornilladores-de-impacto/)."
/taladros/atornillador-impacto-dewalt/,DESCONOCIDO,revisada,no,https://www.dewalt.com/GLOBALBOM/QU/DCF809C2/12/Instruction_Manual/EN/NA156061_DCF809_NA.pdf,"Documentación primaria:** [manual DeWalt DCF809](https://www.dewalt.com/GLOBALBOM/QU/DCF809C2/12/Instruction_Manual/EN/NA156061_DCF809_NA.pdf); [manual DeWalt DCF887, tabla de modos y torque](https://www.dewalt.com/GLOBALBOM/QU/DCF887D2/3/Instruction_Manual/EN/NA454905_DCF887_T2_T3_NA.pdf)."
/taladros/atornillador-impacto-dewalt/,DESCONOCIDO,revisada,no,,Opiniones:** no se revisó una muestra verificable.
/taladros/atornilladores-de-impacto/,DATO VERIFICADO,revisada,no,,**Dato verificado:** comparamos dos herramientas de impacto Bosch con interfaz distinta y el DeWalt DCF887 con modos documentados. El nombre comercial “de impacto” no alcanza para determinar qué accesorio admite cada modelo.
/taladros/atornilladores-de-impacto/,DATO VERIFICADO,revisada,no,,Modelo documentado | Interfaz | Dato de torque publicado | Control publicado | Qué indica la interfaz
/taladros/atornilladores-de-impacto/,DATO VERIFICADO,revisada,no,,Bosch GDR 18V-200 | Hexagonal 1/4 in | 200 Nm máximo | Gatillo variable; 0–3.400 rpm | Puntas y accesorios con vástago hexagonal compatible
/taladros/atornilladores-de-impacto/,DATO VERIFICADO,revisada,no,,Bosch GDX 18V-200 | Hexagonal 1/4 in y cuadrado 1/2 in | 200 Nm máximo de apriete; 350 Nm de arranque | Gatillo variable | Admite puntas hexagonales y dados con encastre cuadrado compatible
/taladros/atornilladores-de-impacto/,DATO VERIFICADO,revisada,no,,"DeWalt DCF887 | Hexagonal 1/4 in | 27 / 170 / 205 Nm por modo | 3 modos, hasta 3.250 rpm | Atornillado con punta; no es una llave de impacto de cuadradillo"
/taladros/atornilladores-de-impacto/,ANÁLISIS TALLERLAB,revisada,no,,"**Análisis TallerLab.** La comparación propia es funcional: el GDX combina dos encastres; GDR y DCF887 citados tienen portapuntas hexagonal. Una llave de impacto con cuadrado de 1/2 in se elige para dados, y no debe confundirse con un atornillador que solo sujeta puntas de 1/4 in. Aunque el GDX publica 350 Nm de arranque, ese número no se compara con los 200–205 Nm de apriete de los otros equipos: son magnitudes/condiciones diferentes."
/taladros/atornilladores-de-impacto/,DATO VERIFICADO,revisada,no,,"**Dato verificado.** Bosch publica 200 Nm para GDR 18V-200, y para GDX 18V-200 diferencia torque máximo y torque de arranque. DeWalt ofrece tres modos de control en el DCF887. Estas fichas permiten identificar compatibilidad y ajuste, no el resultado en una fijación específica."
/taladros/atornilladores-de-impacto/,DESCONOCIDO,revisada,no,,"**Desconocido.** No medimos fuerza de apriete, precisión, vibración ni desempeño con un accesorio concreto. Confirmá retención, dimensiones del vástago, clasificación de impacto de la punta/dado y el manual antes de usar."
/taladros/atornilladores-de-impacto/,DESCONOCIDO,revisada,no,,La comparativa de [atornilladores DeWalt](/taladros/atornillador-impacto-dewalt/) detalla dos modelos de esa familia.
/taladros/atornilladores-de-impacto/,DESCONOCIDO,revisada,no,https://www.bosch-professional.com/es/es/products/gdr-18v-200-06019J2105,Documentación primaria:** [Bosch GDR 18V-200](https://www.bosch-professional.com/es/es/products/gdr-18v-200-06019J2105); [Bosch Argentina GDX 18V-200](https://www.bosch-professional.com/ar/es/products/gdx-18v-200-06019J22E0); [manual DeWalt DCF887](https://www.dewalt.com/GLOBALBOM/QU/DCF887D2/3/Instruction_Manual/EN/NA454905_DCF887_T2_T3_NA.pdf).
/taladros/atornilladores-de-impacto/,DESCONOCIDO,revisada,no,,Opiniones:** no se revisó una muestra verificable.
/taladros/black-decker/,DATO VERIFICADO,revisada,no,,"**Dato verificado:** el manual regional de BLACK+DECKER LD120 publica tensión de etiqueta, velocidad, torque, mandril y batería. La marca 20 V MAX no equivale a tensión nominal bajo carga."
/taladros/black-decker/,DATO VERIFICADO,revisada,no,,Dato publicado para LD120 | Especificación
/taladros/black-decker/,DATO VERIFICADO,revisada,no,,Alimentación indicada | 20 V MAX; 18 V nominales bajo carga según nota del manual
/taladros/black-decker/,DATO VERIFICADO,revisada,no,,Velocidad sin carga | 0–650 rpm
/taladros/black-decker/,DATO VERIFICADO,revisada,no,,"Torque publicado | 25 Nm (18,4 ft-lb)"
/taladros/black-decker/,DATO VERIFICADO,revisada,no,,Mandril | 3/8 in (10 mm)
/taladros/black-decker/,DATO VERIFICADO,revisada,no,,"Batería especificada | LD120BAT, ion-litio, 1,5 Ah"
/taladros/black-decker/,DATO VERIFICADO,revisada,no,,Tiempo de carga publicado | 3–4 horas
/taladros/black-decker/,DATO VERIFICADO,revisada,no,,"Entrada de cargador para variante AR | 220 V, 50 Hz"
/taladros/black-decker/,ANÁLISIS TALLERLAB,revisada,no,,"**Análisis TallerLab.** Esta ficha permite comprobar un modelo, no describir toda la oferta BLACK+DECKER ni asegurar que todas las publicaciones incluyan la misma batería y cargador. Comparar los “20 V” de LD120 con un modelo marcado 18 V sin leer la nota del fabricante puede llevar a tratar dos tensiones nominales como distintas cuando el manual explica la diferencia entre máximo inicial y voltaje nominal."
/taladros/black-decker/,DESCONOCIDO,revisada,no,,El mandril de 10 mm y la ausencia de una función percutora en las especificaciones del LD120 delimitan qué información ofrece esta ficha. No inferimos que pueda perforar mampostería ni recomendamos una aplicación que el manual no identifica.
/taladros/black-decker/,DESCONOCIDO,revisada,no,,"**Desconocido.** No se confirmó si LD120 continúa en el catálogo local, qué accesorios trae una oferta actual ni la garantía disponible. Tampoco encontramos en esta revisión documentación primaria suficiente para comparar modelos actuales con cable e inalámbricos de la marca. Confirmá el código de batería y cargador impresos en el equipo."
/taladros/black-decker/,DESCONOCIDO,revisada,no,,"Para comparar mandriles, torque y baterías entre marcas, consultá [taladros inalámbricos](/taladros/inalambricos/)."
/taladros/black-decker/,DESCONOCIDO,revisada,no,https://support.blackanddecker.com/hc/es/article_attachments/115004285093,Documentación primaria:** [manual regional BLACK+DECKER LD120](https://support.blackanddecker.com/hc/es/article_attachments/115004285093); [ficha oficial del kit LDX120PK](https://www.blackanddecker.com/products/ldx120pk) — es un código comercial distinto y no se usa para completar el contenido de caja de LD120.
/taladros/black-decker/,DESCONOCIDO,revisada,no,,Opiniones:** no se revisó una muestra verificable.
/taladros/bosch-inalambrico/,DATO VERIFICADO,revisada,no,,**Dato verificado:** esta comparación usa fichas Bosch de dos códigos concretos: GSR 120-LI (12 V) y GSB 18V-50 (18 V). No extrapolamos las cifras a toda la línea Bosch.
/taladros/bosch-inalambrico/,DATO VERIFICADO,revisada,no,,Dato publicado | GSR 120-LI | GSB 18V-50
/taladros/bosch-inalambrico/,DATO VERIFICADO,revisada,no,,Plataforma | 12 V | 18 V
/taladros/bosch-inalambrico/,DATO VERIFICADO,revisada,no,,"Función | Atornillar y perforar | Atornillar, perforar y percutir"
/taladros/bosch-inalambrico/,DATO VERIFICADO,revisada,no,,Torque máximo publicado | 30 Nm (duro) | 50 Nm
/taladros/bosch-inalambrico/,DATO VERIFICADO,revisada,no,,Velocidades sin carga | 0–400 / 0–1.500 rpm | 0–460 / 0–1.800 rpm
/taladros/bosch-inalambrico/,DATO VERIFICADO,revisada,no,,"Mandril | 0,8–10 mm | 1,5–13 mm, metálico"
/taladros/bosch-inalambrico/,DATO VERIFICADO,revisada,no,,"Peso sin batería | 0,8 kg | 1,1 kg"
/taladros/bosch-inalambrico/,DATO VERIFICADO,revisada,no,,"Kit documentado | Configuración depende del código | 0 601 9H5 1H0: 2 baterías de 2 Ah, cargador y L-CASE"
/taladros/bosch-inalambrico/,ANÁLISIS TALLERLAB,revisada,no,,"**Análisis TallerLab.** En estas dos fichas el GSB publica 20 Nm más de torque máximo y un mandril con apertura 3 mm mayor; también pesa 0,3 kg más sin batería. El GSB suma percusión. Estas diferencias sirven para filtrar por función y tamaño de accesorio, pero no son un ensayo de perforación ni prueban que un modelo sea mejor para cualquier tarea. El kit del GSR también cambia por número de pedido."
/taladros/bosch-inalambrico/,DECLARACIÓN DEL FABRICANTE,revisada,no,,**Declaración del fabricante.** Bosch describe la percusión del GSB 18V-50 como una función para perforar mampostería y publica compatibilidad con baterías y cargadores Professional de 18 V. No trasladamos esa compatibilidad a la plataforma de 12 V.
/taladros/bosch-inalambrico/,DESCONOCIDO,revisada,no,,"**Desconocido.** Las fichas consultadas no comparan autonomía bajo una misma carga, tiempo de perforación ni resultados sobre el mismo material. Confirmá el número de pedido, baterías, cargador y tensión del kit ofrecido."
/taladros/bosch-inalambrico/,DESCONOCIDO,revisada,no,,"Para ampliar la comparación entre plataformas, consultá la guía de [taladros inalámbricos](/taladros/inalambricos/)."
/taladros/bosch-inalambrico/,DESCONOCIDO,revisada,no,https://www.bosch-professional.com/ar/es/products/gsb-18v-50-06019H51E2,Documentación primaria:** [Bosch Argentina GSB 18V-50](https://www.bosch-professional.com/ar/es/products/gsb-18v-50-06019H51E2); [Bosch Ecuador GSR 120-LI](https://www.bosch-professional.com/ec/es/products/gsr-120-li-06019G80G0).
/taladros/bosch-inalambrico/,DESCONOCIDO,revisada,no,,Opiniones:** no se revisó una muestra verificable.
/taladros/brocas-ceramica/,DESCONOCIDO,revisada,no,,Broca identificada | Material que indica Bosch | Modo documentado | Rango de diámetro consultado
/taladros/brocas-ceramica/,DESCONOCIDO,revisada,no,,"CYL-9 Soft Ceramic | Cerámica blanda | Rotación, a baja velocidad | 3–16 mm"
/taladros/brocas-ceramica/,DESCONOCIDO,revisada,no,,"EXPERT HEX-9 HardCeramic | Cerámica dura, incluidos azulejos duros | Rotación; Bosch indica menos de 500 rpm | 3–12 mm en la gama consultada"
/taladros/brocas-ceramica/,DATO VERIFICADO,revisada,no,,"**Dato verificado:** Bosch separa sus brocas por aplicación: CYL-9 Soft Ceramic se destina a cerámica blanda, mientras EXPERT HEX-9 HardCeramic se describe para cerámica dura. Las medidas disponibles varían por mercado y número de pieza; confirmar el diámetro exacto del producto publicado."
/taladros/brocas-ceramica/,DECLARACIÓN DEL FABRICANTE,revisada,no,,"**Declaración del fabricante:** para HEX-9, Bosch recomienda perforación rotativa sin percusión y velocidad inferior a 500 rpm. La guía de Bosch indica aplicar presión y mantener control de la herramienta; no convertimos recomendaciones de un modelo en regla universal para todas las brocas. Las pruebas de número de agujeros que publica Bosch son ensayos del fabricante, no experiencia de compradores ni prueba de TallerLab."
/taladros/brocas-ceramica/,ANÁLISIS TALLERLAB,revisada,no,,"**Análisis TallerLab:** el valor práctico de separar las dos guías es identificar el tipo de cerámica antes de elegir. El diámetro por sí solo no define compatibilidad: una CYL-9 puede tener la medida buscada y aun así no estar destinada al mismo tipo de revestimiento que HEX-9 HardCeramic. Para porcelanato, consultá además [la guía específica de mechas para porcelanato](/taladros/mecha-porcelanato/), comprobando siempre el modelo exacto."
/taladros/brocas-ceramica/,DESCONOCIDO,revisada,no,,"**Desconocido:** esta comparación no cubre todas las marcas, brocas tipo flecha o coronas diamantadas. No verificamos una regla de refrigeración común ni garantizamos resultados en vidrio, piedra u otro material. Usá la ficha del accesorio comprado."
/taladros/brocas-ceramica/,DESCONOCIDO,revisada,no,,Sustrato declarado | Referencia que aparece en esta revisión | Decisión que falta antes de perforar
/taladros/brocas-ceramica/,DESCONOCIDO,revisada,no,,Cerámica blanda | Bosch CYL-9 Soft Ceramic | Código y diámetro exactos
/taladros/brocas-ceramica/,DESCONOCIDO,revisada,no,,Cerámica dura / azulejo duro | Bosch EXPERT HEX-9 HardCeramic | Respetar velocidad y modo indicados
/taladros/brocas-ceramica/,DESCONOCIDO,revisada,no,,Porcelanato u otro revestimiento | Guía de porcelanato y ficha de la broca | Confirmar compatibilidad explícita del modelo
/taladros/brocas-ceramica/,DESCONOCIDO,revisada,no,https://www.bosch-professional.com/gb/en/cyl-9-soft-ceramic-drill-bit-7724656-ocs-ac/,Documentación primaria:** [Bosch CYL-9 Soft Ceramic](https://www.bosch-professional.com/gb/en/cyl-9-soft-ceramic-drill-bit-7724656-ocs-ac/); [Bosch EXPERT HEX-9 HardCeramic](https://www.bosch-professional.com/es/es/broca-expert-hex-9-hard-ceramic-2867225-ocs-ac/); [guía Bosch para perforar azulejos](https://www.bosch-professional.com/gb/en/innovation/tile-drilling/).
/taladros/brocas-ceramica/,DESCONOCIDO,revisada,no,,Seguridad:** no activar percusión salvo que la ficha del accesorio lo autorice expresamente.
/taladros/brocas-ceramica/,DESCONOCIDO,revisada,no,,Opiniones de compradores:** no se revisó una muestra verificable.
/taladros/brocas-ceramica/,DESCONOCIDO,revisada,no,,Para seguir comparando: [mechas para porcelanato](/taladros/mecha-porcelanato/).
/taladros/brocas-ceramica/,DESCONOCIDO,revisada,no,,Para explorar la categoría: [guías de taladros](/taladros/).
/taladros/combo-taladro-amoladora/,DESCONOCIDO,revisada,no,,Componente del kit Lusqtoff KATL-9BK | Dato de la ficha oficial
/taladros/combo-taladro-amoladora/,DESCONOCIDO,revisada,no,,"Amoladora | 18 V, disco de 115 mm, rosca M14, 6.500 / 7.000 / 8.500 rpm"
/taladros/combo-taladro-amoladora/,DESCONOCIDO,revisada,no,,"Taladro atornillador | 18 V, mandril de 10 mm, dos velocidades, 0–500 / 0–2.000 rpm"
/taladros/combo-taladro-amoladora/,DESCONOCIDO,revisada,no,,Torque máximo publicado del taladro | 60 Nm
/taladros/combo-taladro-amoladora/,DESCONOCIDO,revisada,no,,Baterías incluidas | Una de 4 Ah y una de 2 Ah
/taladros/combo-taladro-amoladora/,DESCONOCIDO,revisada,no,,Garantía informada por el fabricante | Herramientas: 3 años; baterías: 6 meses
/taladros/combo-taladro-amoladora/,DATO VERIFICADO,revisada,no,,**Dato verificado:** la tabla corresponde al código KATL-9BK que Lusqtoff publica como kit de amoladora angular y taladro inalámbrico. No trasladamos esos datos a otros combos de nombre o aspecto parecido.
/taladros/combo-taladro-amoladora/,ANÁLISIS TALLERLAB,revisada,no,,"**Análisis TallerLab:** el kit contiene dos baterías de capacidades distintas, 4 Ah y 2 Ah; la ficha no indica cuál se destina a cada herramienta. La amoladora tiene tres velocidades listadas, mientras el taladro ofrece dos velocidades mecánicas. La diferencia entre las baterías es de 2 Ah, pero ese valor no predice por sí solo cuántos cortes o agujeros permite cada una."
/taladros/combo-taladro-amoladora/,DECLARACIÓN DEL FABRICANTE,revisada,no,,**Declaración del fabricante:** el taladro se identifica como herramienta de 18 V con torque máximo de 60 Nm. La página del kit no detalla una función de percusión; queda **desconocida** para este código mientras no aparezca en la ficha o el manual.
/taladros/combo-taladro-amoladora/,DESCONOCIDO,revisada,no,,"**Desconocido:** no comparamos el precio del kit con las dos herramientas compradas por separado; los precios y las ofertas cambian. Tampoco verificamos resultados bajo carga, autonomía, disponibilidad actual o garantía de una publicación particular. Para otro combo, contrastá por separado cada código, sus baterías, el cargador y los discos incluidos."
/taladros/combo-taladro-amoladora/,DESCONOCIDO,revisada,no,,Combo que aparece en ofertas comerciales | Qué puede tomarse del anuncio | Qué sigue sin documentación primaria en esta revisión
/taladros/combo-taladro-amoladora/,DESCONOCIDO,revisada,no,,"Kommberg con cable | El anuncio identifica una amoladora de 820 W y un taladro de 650 W | Códigos de modelo, diámetros, rpm, percusión y contenido de accesorios"
/taladros/combo-taladro-amoladora/,DESCONOCIDO,revisada,no,,"Daewoo con cable | El anuncio describe amoladora de 750 W / 115 mm y taladro percutor | Modelo exacto, capacidades, manual y garantía"
/taladros/combo-taladro-amoladora/,DESCONOCIDO,revisada,no,,"Kommberg inalámbrico | El anuncio presenta ambas máquinas como inalámbricas | Plataforma, Ah, cantidad de baterías y cargador"
/taladros/combo-taladro-amoladora/,DESCONOCIDO,revisada,no,,"KLD 18 V | El anuncio menciona taladro percutor, amoladora 115 mm y dos baterías | Códigos, Ah, rendimiento y cobertura de garantía"
/taladros/combo-taladro-amoladora/,DESCONOCIDO,revisada,no,,"Los datos de esta tabla describen el texto de cada aviso, no quedan verificados como especificaciones del fabricante. Para una comparación de compra válida, el vendedor debe identificar cada modelo y el contenido exacto del paquete."
/taladros/combo-taladro-amoladora/,DESCONOCIDO,revisada,no,https://www.lusqtoff.com.ar/productos/KATL-9BK,"Documentación primaria:** [Lusqtoff KATL-9BK](https://www.lusqtoff.com.ar/productos/KATL-9BK); [Lusqtoff TAL60-9B](https://www.lusqtoff.com.ar/ver-producto/TAL60-9B), referencia del taladro incluido."
/taladros/combo-taladro-amoladora/,DESCONOCIDO,revisada,no,,"Información comercial:** avisos enlazados en la tabla de combos, tratados únicamente como descripción de oferta."
/taladros/combo-taladro-amoladora/,DESCONOCIDO,revisada,no,,Opiniones de compradores:** no se revisó una muestra verificable.
/taladros/combo-taladro-amoladora/,DESCONOCIDO,revisada,no,,Para seguir comparando: [taladro inalámbrico Lusqtoff](/taladros/lusqtoff-inalambrico/).
/taladros/combo-taladro-amoladora/,DESCONOCIDO,revisada,no,,Para explorar la categoría: [guías de amoladoras](/taladros/).
/taladros/dewalt-inalambrico/,DATO VERIFICADO,revisada,no,,**Dato verificado:** contrastamos dos modelos identificados en el catálogo DeWalt: DCD794 y DCD805. La documentación consultada corresponde al mercado estadounidense; no confirma la disponibilidad ni garantía de cada kit en Argentina.
/taladros/dewalt-inalambrico/,DATO VERIFICADO,revisada,no,,Dato documentado | DCD794 | DCD805
/taladros/dewalt-inalambrico/,DATO VERIFICADO,revisada,no,,Categoría de ficha | Taladro atornillador | Taladro percutor/atornillador
/taladros/dewalt-inalambrico/,DATO VERIFICADO,revisada,no,,Plataforma de etiqueta | 20 V MAX (18 V nominales) | 20 V MAX (18 V nominales)
/taladros/dewalt-inalambrico/,DATO VERIFICADO,revisada,no,,Motor | Brushless | Brushless
/taladros/dewalt-inalambrico/,DATO VERIFICADO,revisada,no,,"Mandril | 1/2 in (13 mm), con trinquete | 1/2 in (13 mm), metálico con trinquete"
/taladros/dewalt-inalambrico/,DATO VERIFICADO,revisada,no,,Velocidad sin carga | Hasta 1.650 rpm | 0–650 / 0–2.000 rpm
/taladros/dewalt-inalambrico/,DATO VERIFICADO,revisada,no,,Potencia de salida publicada | 404 UWO | DeWalt informa hasta 40 % más UWO que DCD796 bajo las condiciones de batería que detalla
/taladros/dewalt-inalambrico/,DATO VERIFICADO,revisada,no,,"Kit consultado | DCD794B: herramienta sola | DCD805D2: 2 baterías de 2 Ah, cargador y bolso"
/taladros/dewalt-inalambrico/,ANÁLISIS TALLERLAB,revisada,no,,**Análisis TallerLab.** La diferencia funcional explícita es la percusión del DCD805; el DCD794 es un taladro atornillador. Por eso no presentamos el DCD794 como sustituto para una necesidad de percusión. Las configuraciones citadas tampoco son equivalentes: DCD794B se vende como herramienta sola y DCD805D2 incluye baterías y cargador. El dato UWO de DCD794 y la comparación promocional del DCD805 no permiten calcular una diferencia común de torque.
/taladros/dewalt-inalambrico/,DECLARACIÓN DEL FABRICANTE,revisada,no,,**Declaración del fabricante.** DeWalt aclara que 20 V MAX es el voltaje máximo inicial sin carga y que la tensión nominal es 18 V. La ficha del DCD805 describe 3 modos de iluminación LED; no inferimos precisión ni rendimiento medidos por TallerLab.
/taladros/dewalt-inalambrico/,DESCONOCIDO,revisada,no,,"**Desconocido.** No verificamos códigos regionales ni la composición de kits argentinos. Las fichas no ofrecen una prueba de perforación común que permita comparar velocidad bajo carga, autonomía o capacidad real en mampostería. Revisá el sufijo completo y el manual de la unidad ofrecida."
/taladros/dewalt-inalambrico/,DESCONOCIDO,revisada,no,,También podés ver la matriz de [percutores inalámbricos](/taladros/taladro-percutor-inalambrico/).
/taladros/dewalt-inalambrico/,DESCONOCIDO,revisada,no,https://www.dewalt.com/en-us/product/dcd794b/atomic-20v-max-brushless-cordless-12-drilldriver-tool-only,Documentación primaria:** [DeWalt DCD794B](https://www.dewalt.com/en-us/product/dcd794b/atomic-20v-max-brushless-cordless-12-drilldriver-tool-only); [DeWalt DCD805D2](https://www.dewalt.com/en-us/product/dcd805d2/20v-max-xr-brushless-cordless-12-hammer-drilldriver-kit).
/taladros/dewalt-inalambrico/,DESCONOCIDO,revisada,no,,Opiniones:** no se revisó una muestra verificable.
/taladros/einhell-inalambrico/,DATO VERIFICADO,revisada,no,,**Dato verificado:** la tabla reúne datos publicados para el Einhell TE-CD 18/40 Li y el TP-CD 18/50 Li-i BL (artículo 4513942). El sufijo del modelo y el contenido de caja importan: el TP-CD consultado es la versión Solo.
/taladros/einhell-inalambrico/,DATO VERIFICADO,revisada,no,,Dato documentado | TE-CD 18/40 Li | TP-CD 18/50 Li-i BL Solo
/taladros/einhell-inalambrico/,DATO VERIFICADO,revisada,no,,Plataforma | 18 V Power X-Change | 18 V Power X-Change
/taladros/einhell-inalambrico/,DATO VERIFICADO,revisada,no,,Torque duro declarado | 40 Nm | 50 Nm
/taladros/einhell-inalambrico/,DATO VERIFICADO,revisada,no,,Velocidad sin carga | 0–400 / 0–1.500 rpm | 0–500 / 0–1.800 rpm
/taladros/einhell-inalambrico/,DATO VERIFICADO,revisada,no,,"Mandril | Hasta 13 mm | Metálico, hasta 13 mm"
/taladros/einhell-inalambrico/,DATO VERIFICADO,revisada,no,,Percusión | No indicada en la ficha/manual consultado | Sí; hasta 28.800 impactos/min en velocidad 2
/taladros/einhell-inalambrico/,DATO VERIFICADO,revisada,no,,Motor | No se declara brushless en la ficha consultada | Brushless
/taladros/einhell-inalambrico/,DATO VERIFICADO,revisada,no,,Batería/cargador | Varía por código de kit | No incluidos en la versión Solo
/taladros/einhell-inalambrico/,ANÁLISIS TALLERLAB,revisada,no,,"**Análisis TallerLab.** El TP-CD declara 10 Nm más y agrega percusión; la velocidad máxima sin carga publicada supera a la del TE-CD en 300 rpm. Son diferencias de ficha, no una comparación de rapidez real. El TE-CD es el modelo de rotación sin percusión dentro de las fuentes citadas; el TP-CD permite seleccionar atornillado, perforación o percusión. La batería Power X-Change debe identificarse como gasto aparte cuando la oferta sea Solo."
/taladros/einhell-inalambrico/,DECLARACIÓN DEL FABRICANTE,revisada,no,,**Declaración del fabricante.** Einhell identifica al TP-CD 18/50 Li-i BL Solo como brushless y compatible con el sistema Power X-Change. La garantía especial de motor requiere registro en los términos del fabricante; no equivale a la garantía general de la herramienta.
/taladros/einhell-inalambrico/,DESCONOCIDO,revisada,sí,,"**Desconocido.** La ficha consultada no valida qué kits TE-CD se ofrecen hoy en Argentina ni su garantía local. No afirmamos autonomía, ventaja de durabilidad ni capacidad universal en hormigón. Confirmá código de artículo, batería y cargador antes de comparar precio."
/taladros/einhell-inalambrico/,DESCONOCIDO,revisada,no,,"Para comparar con otras plataformas y modelos, seguí por la guía de [taladros inalámbricos](/taladros/inalambricos/)."
/taladros/einhell-inalambrico/,DESCONOCIDO,revisada,no,https://www.einhell.de/p/4513925-te-cd-18-40-li-solo/,Documentación primaria:** [ficha técnica Einhell TE-CD 18/40 Li Solo](https://www.einhell.de/p/4513925-te-cd-18-40-li-solo/); [catálogo técnico Einhell 2026 con RPM del TE-CD 18/40](https://www.einhell.de/fileadmin/corporate-media/services/catalogues/pdf-de/einhell-services-catalogue-tools-diy-2026-de.pdf); [ficha Einhell TP-CD 18/50 Li-i BL Solo](https://www.einhell.de/p/4513942).
/taladros/einhell-inalambrico/,DESCONOCIDO,revisada,no,,Opiniones:** no se revisó una muestra verificable.
/taladros/inalambricos/,DATO VERIFICADO,revisada,no,,**Dato verificado:** esta matriz usa tres modelos identificados y fuentes de fabricante. Los valores de torque son los publicados por cada marca; no constituyen una prueba comparativa con un método común.
/taladros/inalambricos/,DATO VERIFICADO,revisada,no,,Modelo y fuente | Plataforma indicada | Torque publicado | Velocidad sin carga | Mandril | Función de percusión
/taladros/inalambricos/,DATO VERIFICADO,revisada,no,,Bosch GSR 120-LI | 12 V | 30 Nm duro | 0–400 / 0–1.500 rpm | hasta 10 mm | No indicada para GSR
/taladros/inalambricos/,DATO VERIFICADO,revisada,no,,Einhell TE-CD 18/40 Li | 18 V | 40 Nm duro | 0–400 / 0–1.500 rpm | hasta 13 mm | No indicada en la ficha citada
/taladros/inalambricos/,DATO VERIFICADO,revisada,no,,BLACK+DECKER LD120 | 20 V MAX; 18 V nominales | 25 Nm | 0–650 rpm | 10 mm | No indicada para LD120
/taladros/inalambricos/,ANÁLISIS TALLERLAB,revisada,no,,"**Análisis TallerLab.** La tabla muestra por qué no alcanza con comparar voltaje o torque por sí solos: los modelos difieren en mandril, velocidades, función y plataforma. En particular, 20 V MAX del LD120 es una etiqueta de máximo inicial sin carga, no una tensión nominal superior a 18 V; lo aclara su manual. El TE-CD publica 10 Nm más que el GSR y un mandril 3 mm mayor, pero sin protocolo de medición compartido no declaramos ganador ni trasladamos esas cifras a autonomía o capacidad efectiva."
/taladros/inalambricos/,DESCONOCIDO,revisada,no,,"Para decidir, anotá primero si necesitás solo atornillar/perforar o también percusión; después identificá diámetro de broca, material y si ya tenés baterías compatibles. Un atornillador percutor no sustituye automáticamente a un rotomartillo para perforación repetida en hormigón. Consultá nuestra guía de [taladros percutores](/taladros/percutores/) y la de [rotomartillos](/taladros/rotomartillos/) para diferenciar esas categorías."
/taladros/inalambricos/,DESCONOCIDO,revisada,sí,,"**Desconocido.** No comparamos autonomía, velocidad bajo carga, vibración real ni durabilidad. El kit y el cargador cambian con el código de pedido: los tres registros de esta tabla no son una comparación de precio ni disponibilidad local."
/taladros/inalambricos/,DESCONOCIDO,revisada,no,,Las guías de [Bosch](/taladros/bosch-inalambrico/) y [DeWalt](/taladros/dewalt-inalambrico/) profundizan en modelos concretos.
/taladros/inalambricos/,DESCONOCIDO,revisada,no,https://www.bosch-professional.com/ec/es/products/gsr-120-li-06019G80G0,Documentación primaria:** [Bosch GSR 120-LI](https://www.bosch-professional.com/ec/es/products/gsr-120-li-06019G80G0); [manual técnico Einhell TE-CD 18/40 Li](https://d2c5rvsfjg2eub.cloudfront.net/asset/208244749100/document_qv8gbkvg3h41l3lg9j0rh59j64/4257239_21023_002_SPK7-1.pdf); [manual BLACK+DECKER LD120](https://support.blackanddecker.com/hc/es/article_attachments/115004285093).
/taladros/inalambricos/,DESCONOCIDO,revisada,no,,Opiniones:** no se revisó una muestra verificable.
/taladros/lusqtoff-inalambrico/,DESCONOCIDO,revisada,no,,Dato publicado por Lusqtoff | TIL23-8B | TAL60-9B
/taladros/lusqtoff-inalambrico/,DESCONOCIDO,revisada,no,,"Plataforma | 12 V | 18 V, línea Iron Volt"
/taladros/lusqtoff-inalambrico/,DESCONOCIDO,revisada,no,,Torque máximo | 23 Nm | 60 Nm
/taladros/lusqtoff-inalambrico/,DESCONOCIDO,revisada,no,,"Mandril | 10 mm | Metálico, 10 mm"
/taladros/lusqtoff-inalambrico/,DESCONOCIDO,revisada,no,,Velocidad sin carga | Hasta 710 rpm | 0–500 / 0–2.000 rpm
/taladros/lusqtoff-inalambrico/,DESCONOCIDO,revisada,no,,"Peso declarado | 2,2 kg | 0,9 kg"
/taladros/lusqtoff-inalambrico/,DESCONOCIDO,revisada,no,,Batería/cargador | 2 baterías y cargador incluidos | No incluidos
/taladros/lusqtoff-inalambrico/,DESCONOCIDO,revisada,no,,Garantía publicada | 2 años | 3 años
/taladros/lusqtoff-inalambrico/,DATO VERIFICADO,revisada,no,,**Dato verificado:** la tabla reproduce fichas oficiales de los códigos TIL23-8B y TAL60-9B. La página de TIL23-8B no explica si el peso incluye baterías; el fabricante tampoco describe en esas fichas una condición de pesaje común. La comparación de masa queda limitada por esa diferencia documental.
/taladros/lusqtoff-inalambrico/,ANÁLISIS TALLERLAB,revisada,no,,"**Análisis TallerLab:** el TAL60-9B declara 37 Nm más de torque máximo y una velocidad máxima 1.290 rpm superior; se vende sin batería ni cargador. El TIL23-8B incluye dos baterías y cargador en la ficha consultada. No calculamos autonomía ni rapidez real con esos datos, y no presentamos el mayor torque como prueba de que un modelo sea mejor para toda tarea."
/taladros/lusqtoff-inalambrico/,DECLARACIÓN DEL FABRICANTE,revisada,no,,"**Declaración del fabricante:** el TAL60-9B usa motor brushless y es compatible con Iron Volt, según Lusqtoff. Ninguna de las dos fichas citadas declara percusión; por lo tanto, la función no queda confirmada para estos dos códigos. Si necesitás perforar mampostería, verificá expresamente esa función en otro modelo."
/taladros/lusqtoff-inalambrico/,DESCONOCIDO,revisada,no,,"**Desconocido:** los contenidos de caja y precios pueden variar por publicación. La ficha del TIL23-8B declara 1,5 Ah y la página TAL60-9B no incluye batería; no hay una prueba de autonomía bajo la misma tarea ni una comparación de vida útil de los motores."
/taladros/lusqtoff-inalambrico/,DESCONOCIDO,revisada,no,,Si priorizás… | Referencia en esta comparación | Revisá antes de comprar
/taladros/lusqtoff-inalambrico/,DESCONOCIDO,revisada,no,,Recibir un kit listo para usar | TIL23-8B | Que el aviso conserve las dos baterías y el cargador anunciados
/taladros/lusqtoff-inalambrico/,DESCONOCIDO,revisada,no,,"Usar plataforma 18 V brushless | TAL60-9B | Costo de batería y cargador compatibles, vendidos aparte"
/taladros/lusqtoff-inalambrico/,DESCONOCIDO,revisada,no,,Percusión para mampostería | Ninguno queda confirmado en estas dos fichas | Elegir un modelo cuya documentación indique percusión
/taladros/lusqtoff-inalambrico/,DESCONOCIDO,revisada,no,https://www.lusqtoff.com.ar/productos/taladro-atornillador-a-bateria-o-12-v-til23-8b,Documentación primaria:** [Lusqtoff TIL23-8B](https://www.lusqtoff.com.ar/productos/taladro-atornillador-a-bateria-o-12-v-til23-8b); [Lusqtoff TAL60-9B](https://www.lusqtoff.com.ar/ver-producto/TAL60-9B); [catálogo oficial Lusqtoff 2024–2025](https://www.lusqtoff.com.ar/2023/uploads/Catalogos/CAT%C3%81LOGO%20LQ%202024-2025%20-%20web%20%281%29.pdf).
/taladros/lusqtoff-inalambrico/,DESCONOCIDO,revisada,no,,Opiniones de compradores:** no se revisó una muestra verificable.
/taladros/lusqtoff-inalambrico/,DESCONOCIDO,revisada,no,,Para seguir comparando: [combo de taladro y amoladora](/taladros/combo-taladro-amoladora/).
/taladros/lusqtoff-inalambrico/,DESCONOCIDO,revisada,no,,Para explorar la categoría: [guías de amoladoras](/taladros/).
/taladros/mecha-forstner-35-mm/,DESCONOCIDO,revisada,no,,"Dato de producto | Bosch Expert Forstner Wood 35 mm, ref. 2 608 901 837"
/taladros/mecha-forstner-35-mm/,DESCONOCIDO,revisada,no,,Diámetro de corte | 35 mm
/taladros/mecha-forstner-35-mm/,DESCONOCIDO,revisada,no,,Diámetro de vástago | 10 mm
/taladros/mecha-forstner-35-mm/,DESCONOCIDO,revisada,no,,Largo de trabajo | 56 mm
/taladros/mecha-forstner-35-mm/,DESCONOCIDO,revisada,no,,Material indicado | Madera
/taladros/mecha-forstner-35-mm/,DATO VERIFICADO,revisada,no,,**Dato verificado:** Bosch publica estas dimensiones para la referencia indicada. La ficha de otra Forstner Bosch de 35 mm (2 608 596 977) informa 90 mm de largo total; no mezclar ambas referencias como si fueran idénticas.
/taladros/mecha-forstner-35-mm/,ANÁLISIS TALLERLAB,revisada,no,,"**Análisis TallerLab:** 35 mm describe el diámetro de la cavidad, no la profundidad máxima de perforación. En la Expert Wood consultada, el largo de trabajo publicado es 56 mm. El vástago de 10 mm también debe caber en el mandril. Para una bisagra cazoleta, plantilla, tope y guía ayudan a repetir posición y profundidad, pero esta ficha no certifica dimensiones universales de bisagras ni una configuración de plantilla concreta."
/taladros/mecha-forstner-35-mm/,DECLARACIÓN DEL FABRICANTE,revisada,no,,**Declaración del fabricante:** Bosch describe la línea Expert Wood como diseñada para perforaciones en madera y anuncia “3x vida útil” respecto de una broca estándar en sus condiciones de prueba. Es una afirmación comparativa del fabricante; no es una medición independiente de TallerLab ni permite prometer una vida útil concreta.
/taladros/mecha-forstner-35-mm/,DESCONOCIDO,revisada,no,,"**Desconocido:** no verificamos compatibilidad con todos los tableros, bisagras, plantillas o taladros de banco. Tampoco hay una medición propia de astillado, perpendicularidad o número de perforaciones. Revisá la ficha del código que se ofrece, no solo el título “Forstner 35 mm”."
/taladros/mecha-forstner-35-mm/,DESCONOCIDO,revisada,no,,Si necesitás… | Verificá… | Resultado de esta revisión
/taladros/mecha-forstner-35-mm/,DESCONOCIDO,revisada,no,,Cavidad nominal de bisagra | Diámetro de corte | 35 mm en la referencia citada
/taladros/mecha-forstner-35-mm/,DESCONOCIDO,revisada,no,,Controlar cuánto entra | Largo de trabajo y tope | 56 mm publicados; el tope es un accesorio aparte si no viene en kit
/taladros/mecha-forstner-35-mm/,DESCONOCIDO,revisada,no,,Montar en mandril | Diámetro de vástago | 10 mm publicado
/taladros/mecha-forstner-35-mm/,DESCONOCIDO,revisada,no,,Repetir la posición en varias puertas | Plantilla y topes compatibles | No se evaluó una plantilla específica
/taladros/mecha-forstner-35-mm/,DESCONOCIDO,revisada,no,https://www.bosch-professional.com/es/es/broca-forstner-expert-wood-7427439-ocs-ac/,"Documentación primaria:** [Bosch Expert Forstner Wood 35 mm, ref. 2608901837](https://www.bosch-professional.com/es/es/broca-forstner-expert-wood-7427439-ocs-ac/); [Bosch Forstner estándar 35 mm, ref. 2608596977](https://www.bosch-professional.com/ec/es/brocas-para-madera-forstner-2907460-ocs-ac/)."
/taladros/mecha-forstner-35-mm/,DESCONOCIDO,revisada,no,,Seguridad:** sujetar la pieza y usar la broca conforme al manual del taladro.
/taladros/mecha-forstner-35-mm/,DESCONOCIDO,revisada,no,,Opiniones de compradores:** no se revisó una muestra verificable.
/taladros/mecha-forstner-35-mm/,DESCONOCIDO,revisada,no,,Para seguir comparando: [guías de taladros](/taladros/).
/taladros/mecha-forstner-35-mm/,DESCONOCIDO,revisada,no,,Para explorar la categoría: [guías de taladros](/taladros/).
/taladros/mecha-porcelanato/,DESCONOCIDO,revisada,no,,Característica publicada | Bosch EXPERT HEX-9 HardCeramic
/taladros/mecha-porcelanato/,DESCONOCIDO,revisada,no,,Sustrato indicado | Azulejo/cerámica dura; Bosch incluye porcelanato en su descripción de aplicación
/taladros/mecha-porcelanato/,DESCONOCIDO,revisada,no,,Diámetros en gama consultada | 3–12 mm; confirmar disponibilidad de cada medida
/taladros/mecha-porcelanato/,DESCONOCIDO,revisada,no,,"Modo de perforación indicado | Rotación, sin percusión"
/taladros/mecha-porcelanato/,DESCONOCIDO,revisada,no,,Velocidad indicada por Bosch | Menos de 500 rpm
/taladros/mecha-porcelanato/,DESCONOCIDO,revisada,no,,"Espesor descrito para esta aplicación | Hasta 10 mm, según página del fabricante"
/taladros/mecha-porcelanato/,DATO VERIFICADO,revisada,no,,"**Dato verificado:** estos límites corresponden a la familia Bosch EXPERT HEX-9 HardCeramic, no a todas las brocas para porcelanato. El espesor de hasta 10 mm y el rango de diámetros dependen de la variante y página de mercado consultada. Confirmá la referencia y el diámetro exactos antes de comprar."
/taladros/mecha-porcelanato/,DECLARACIÓN DEL FABRICANTE,revisada,no,,"**Declaración del fabricante:** Bosch presenta HEX-9 HardCeramic como una broca de carburo para azulejo duro y recomienda velocidad baja, rotación sin percusión y presión controlada. El fabricante publica ensayos propios de perforación; esos resultados son declaraciones de Bosch y no pruebas realizadas por TallerLab."
/taladros/mecha-porcelanato/,ANÁLISIS TALLERLAB,revisada,no,,"**Análisis TallerLab:** frente a una búsqueda genérica por “mecha para porcelanato”, esta ficha aporta una ruta concreta: identificar un accesorio cuya documentación mencione el sustrato, después revisar diámetro, espesor permitido, modo y velocidad. Si la broca elegida no especifica porcelanato o azulejo duro, la compatibilidad queda **desconocida**; no se completa por analogía con otra familia Bosch. Para cerámica blanda también existe la familia CYL-9, con alcance diferente ([comparación de b"
/taladros/mecha-porcelanato/,DESCONOCIDO,revisada,no,,"**Desconocido:** no se generalizan aquí diámetros grandes, coronas diamantadas, refrigeración, adaptadores M14 ni compatibilidad con amoladora. Estas condiciones dependen de la herramienta y del accesorio exacto."
/taladros/mecha-porcelanato/,DESCONOCIDO,revisada,no,,Revisar en el envase/ficha | Por qué importa
/taladros/mecha-porcelanato/,DESCONOCIDO,revisada,no,,Nombre completo HEX-9 HardCeramic y diámetro | Evita trasladar datos de otra broca
/taladros/mecha-porcelanato/,DESCONOCIDO,revisada,no,,Material admitido y espesor | La etiqueta “diamantada” o “para cerámica” no basta para identificar el rango
/taladros/mecha-porcelanato/,DESCONOCIDO,revisada,no,,Modo y velocidad | La fuente de esta broca indica rotación y menos de 500 rpm
/taladros/mecha-porcelanato/,DESCONOCIDO,revisada,no,,Tipo de encastre | Debe sujetarse en el mandril compatible de la herramienta
/taladros/mecha-porcelanato/,DESCONOCIDO,revisada,no,https://www.bosch-professional.com/es/es/broca-expert-hex-9-hard-ceramic-2867225-ocs-ac/,"Documentación primaria:** [Bosch EXPERT HEX-9 HardCeramic, ficha en español](https://www.bosch-professional.com/es/es/broca-expert-hex-9-hard-ceramic-2867225-ocs-ac/); [guía Bosch de perforación de azulejos](https://www.bosch-professional.com/gb/en/innovation/tile-drilling/)."
/taladros/mecha-porcelanato/,DESCONOCIDO,revisada,no,,Seguridad:** seguir límites del accesorio y del manual del taladro.
/taladros/mecha-porcelanato/,DESCONOCIDO,revisada,no,,Opiniones de compradores:** no se revisó una muestra verificable.
/taladros/mecha-porcelanato/,DESCONOCIDO,revisada,no,,Para seguir comparando: [brocas para cerámica](/taladros/brocas-ceramica/).
/taladros/mecha-porcelanato/,DESCONOCIDO,revisada,no,,Para explorar la categoría: [guías de taladros](/taladros/).
/taladros/mechas-escalonadas/,DESCONOCIDO,revisada,no,,Dato publicado | Bosch HSS Step Drill Bit
/taladros/mechas-escalonadas/,DESCONOCIDO,revisada,no,,Rango de diámetros | 4–20 mm
/taladros/mechas-escalonadas/,DESCONOCIDO,revisada,no,,Incremento entre escalones | 4 mm
/taladros/mechas-escalonadas/,DESCONOCIDO,revisada,no,,"Largo total | 70,5 mm"
/taladros/mechas-escalonadas/,DESCONOCIDO,revisada,no,,Vástago | Hexagonal de 1/4 in
/taladros/mechas-escalonadas/,DESCONOCIDO,revisada,no,,"Materiales listados | Metales, aluminio y plástico, según ficha"
/taladros/mechas-escalonadas/,DATO VERIFICADO,revisada,no,,"**Dato verificado:** los datos corresponden a la broca escalonada Bosch Professional HSS consultada. En el rango 4–20 mm con pasos de 4 mm, las medidas sucesivas son 4, 8, 12, 16 y 20 mm. El valor se deriva del paso y los extremos publicados."
/taladros/mechas-escalonadas/,ANÁLISIS TALLERLAB,revisada,no,,"**Análisis TallerLab:** la utilidad de una escalonada es cubrir varios diámetros en una misma broca dentro de su rango; no ofrece todas las medidas intermedias. Para un agujero nominal de 10 mm, esta referencia no tiene un escalón de 10 mm según el intervalo indicado. El vástago hexagonal de 1/4 in debe sujetarse en un portabrocas compatible. El rango no informa por sí solo el espesor máximo de chapa."
/taladros/mechas-escalonadas/,DECLARACIÓN DEL FABRICANTE,revisada,no,,**Declaración del fabricante:** Bosch lista uso con taladros y atornilladores de rotación/impacto según la ficha de la familia; la presencia de una herramienta percutora no autoriza a activar percusión para perforar chapa. El tratamiento superficial o material exacto debe leerse en el código del accesorio vendido.
/taladros/mechas-escalonadas/,DESCONOCIDO,revisada,no,,"**Desconocido:** no se verificó una ficha primaria equivalente para variantes de 4–32 mm ni para juegos de tres piezas mencionados en borradores comerciales. No inferimos que tengan el mismo paso, acero, recubrimiento o espesor admisible. Consultá esos valores en la referencia exacta."
/taladros/mechas-escalonadas/,DESCONOCIDO,revisada,no,,Necesidad | Lo que permite confirmar la fuente | Lo que sigue pendiente
/taladros/mechas-escalonadas/,DESCONOCIDO,revisada,no,,"Abrir distintos diámetros | Escalones de 4, 8, 12, 16 y 20 mm | La medida de cada referencia concreta"
/taladros/mechas-escalonadas/,DESCONOCIDO,revisada,no,,Montaje rápido | Hexágono de 1/4 in | Compatibilidad y retención del portaherramientas
/taladros/mechas-escalonadas/,DESCONOCIDO,revisada,no,,"Perforar chapa | Metales listados por Bosch | Espesor, lubricación y velocidad para la pieza concreta"
/taladros/mechas-escalonadas/,DESCONOCIDO,revisada,no,,Alcanzar 32 mm | Nada en esta ficha | Elegir otro código con ese rango declarado
/taladros/mechas-escalonadas/,DESCONOCIDO,revisada,no,https://www.bosch-professional.com/gb/en/hss-step-drill-bits-with-hex-shank-2868008-ocs-ac/,Documentación primaria:** [Bosch Professional HSS Step Drill Bit 4–20 mm](https://www.bosch-professional.com/gb/en/hss-step-drill-bits-with-hex-shank-2868008-ocs-ac/).
/taladros/mechas-escalonadas/,DESCONOCIDO,revisada,no,,"Seguridad:** seguir las instrucciones de velocidad, fijación de la pieza y protección del manual."
/taladros/mechas-escalonadas/,DESCONOCIDO,revisada,no,,Opiniones de compradores:** no se revisó una muestra verificable.
/taladros/mechas-escalonadas/,DESCONOCIDO,revisada,no,,Para seguir comparando: [guías de taladros](/taladros/).
/taladros/mechas-escalonadas/,DESCONOCIDO,revisada,no,,Para explorar la categoría: [guías de taladros](/taladros/).
/taladros/milwaukee/,DATO VERIFICADO,revisada,no,,"**Dato verificado:** comparamos los códigos Milwaukee 3404-20 (M12) y 2904-20 (M18). Las fichas estadounidenses no confirman disponibilidad, tensión de cargador ni garantía de la unidad vendida en Argentina."
/taladros/milwaukee/,DATO VERIFICADO,revisada,no,,Dato documentado | M12 FUEL 3404-20 | M18 FUEL 2904-20
/taladros/milwaukee/,DATO VERIFICADO,revisada,no,,Plataforma | M12 | M18
/taladros/milwaukee/,DATO VERIFICADO,revisada,no,,Función | Taladro percutor/atornillador | Taladro percutor/atornillador
/taladros/milwaukee/,DATO VERIFICADO,revisada,no,,Torque máximo publicado | 400 in-lb (≈45 Nm) | 1.400 in-lb (≈158 Nm)
/taladros/milwaukee/,DATO VERIFICADO,revisada,no,,"Largo de herramienta | 6 in | 6,9 in"
/taladros/milwaukee/,DATO VERIFICADO,revisada,no,,"Peso publicado sin batería | 2,6 lb (≈1,18 kg) | 3,3 lb (≈1,50 kg)"
/taladros/milwaukee/,DATO VERIFICADO,revisada,no,,Kit / herramienta sola | 3404-20: herramienta y clip | 2904-20: herramienta y mango lateral; la ficha de kit 2904-22 incluye 2 baterías XC5.0 y cargador
/taladros/milwaukee/,ANÁLISIS TALLERLAB,revisada,no,,"**Análisis TallerLab.** Los valores máximos de torque publicados difieren por un factor de 3,5 y los pesos de herramienta sola por unos 0,32 kg. Convertimos unidades para facilitar lectura, no para afirmar una prueba común: las fichas no especifican un protocolo comparativo compartido. Ambos modelos tienen percusión; el 3404-20 usa batería M12 y el 2904-20 pertenece a M18. El código “-20” no debe confundirse con el contenido del kit “-22”."
/taladros/milwaukee/,DECLARACIÓN DEL FABRICANTE,revisada,no,,**Declaración del fabricante.** Milwaukee describe el 3404-20 como brushless y parte del sistema M12. La ficha 2904-20 describe motor POWERSTATE sin escobillas y sistema M18. No inferimos autonomía ni duración a partir de la plataforma o el tipo de motor.
/taladros/milwaukee/,DESCONOCIDO,revisada,no,,"**Desconocido.** No cotejamos variantes argentinas, baterías incluidas en publicaciones locales ni servicio de garantía. No se hizo prueba de perforación ni comparación de rendimiento bajo carga."
/taladros/milwaukee/,DESCONOCIDO,revisada,no,,La guía de [percutores inalámbricos](/taladros/taladro-percutor-inalambrico/) reúne otros modelos con esa función.
/taladros/milwaukee/,DESCONOCIDO,revisada,no,https://www.milwaukeetool.com/products/details/m12-fuel-1-2-hammer-drill-driver/3404-20,Documentación primaria:** [Milwaukee M12 FUEL 3404-20](https://www.milwaukeetool.com/products/details/m12-fuel-1-2-hammer-drill-driver/3404-20); [Milwaukee M18 FUEL 2904-20](https://www.milwaukeetool.com/products/details/m18-fuel-1-2-hammer-drill-driver-cordless-power-tool/2904-20); [contenido del kit 2904-22](https://www.milwaukeetool.com/2904-22).
/taladros/milwaukee/,DESCONOCIDO,revisada,no,,Opiniones:** no se revisó una muestra verificable.
/taladros/para-durlock/,DESCONOCIDO,revisada,no,,Dato publicado | Bosch GTB 650 | Bosch GTB 18V-45 / GTB 185-LI
/taladros/para-durlock/,DESCONOCIDO,revisada,no,,"Alimentación | Cable, 650 W | Batería 18 V"
/taladros/para-durlock/,DESCONOCIDO,revisada,no,,Velocidad sin carga | 0–5.000 rpm | Hasta 4.500 rpm
/taladros/para-durlock/,DESCONOCIDO,revisada,no,,Torque máximo publicado | 12 Nm | 6 Nm
/taladros/para-durlock/,DESCONOCIDO,revisada,no,,Portapuntas | Hexagonal 1/4 in | Hexagonal 1/4 in
/taladros/para-durlock/,DESCONOCIDO,revisada,no,,"Peso publicado | 1,4 kg | 0,95 kg sin batería"
/taladros/para-durlock/,DESCONOCIDO,revisada,no,,Diámetro máximo de tornillo | 4 mm | 6 mm
/taladros/para-durlock/,DESCONOCIDO,revisada,no,,Control de profundidad | Tope de profundidad | Tope de profundidad
/taladros/para-durlock/,DATO VERIFICADO,revisada,no,,**Dato verificado:** los valores se extraen de las fichas Bosch indicadas. La denominación comercial puede variar por país; GTB 18V-45 aparece como GTB 185-LI en algunas páginas regionales. El peso inalámbrico excluye la batería y no se compara como peso del conjunto listo para usar.
/taladros/para-durlock/,ANÁLISIS TALLERLAB,revisada,no,,"**Análisis TallerLab:** la GTB 650 publica 500 rpm más y 6 Nm más de torque; la variante a batería publica un diámetro máximo de tornillo 2 mm mayor y elimina el cable, pero la ficha citada informa 0,95 kg sin batería. Estas diferencias describen números de catálogo, no velocidad de fijación, autonomía, comodidad o calidad de acabado. Elegí con base en disponibilidad de energía, contenido del kit y los tornillos admitidos."
/taladros/para-durlock/,DECLARACIÓN DEL FABRICANTE,revisada,no,,"**Declaración del fabricante:** Bosch indica que la GTB 650 puede trabajar con el alimentador MA55 compatible. La compatibilidad del alimentador y su disponibilidad deben comprobarse por código. Para placas, la función del tope es limitar la profundidad según el ajuste; no garantiza por sí sola que cada tornillo quede correctamente asentado."
/taladros/para-durlock/,DESCONOCIDO,revisada,no,,"**Desconocido:** no se verificó una configuración idéntica de batería/cargador para Argentina ni una garantía local actual de la variante 18 V. No hay ensayo propio sobre placas, tornillos T1/T2 o ritmo de colocación. Consultá el manual del código concreto y la especificación del tornillo/placa."
/taladros/para-durlock/,DESCONOCIDO,revisada,no,,Prioridad | Revisar en la ficha o publicación | Límite
/taladros/para-durlock/,DESCONOCIDO,revisada,no,,Trabajo fijo en un ambiente | Cable y alimentación local | Requiere acceso al tomacorriente
/taladros/para-durlock/,DESCONOCIDO,revisada,no,,"Movimiento entre puestos | Plataforma, batería y cargador incluidos | El peso publicado puede excluir batería"
/taladros/para-durlock/,DESCONOCIDO,revisada,no,,Repetir profundidad | Tope compatible y ajuste | No reemplaza la técnica ni verifica el acabado
/taladros/para-durlock/,DESCONOCIDO,revisada,no,,Alimentación automática | Compatibilidad MA55 por modelo | No asumir que viene incluido
/taladros/para-durlock/,DESCONOCIDO,revisada,no,https://www.bosch-professional.com/ar/es/products/gtb-650-06014A20H0,Documentación primaria:** [Bosch GTB 650 Argentina](https://www.bosch-professional.com/ar/es/products/gtb-650-06014A20H0); [Bosch GTB 18V-45 / GTB 185-LI](https://www.bosch-professional.com/gb/en/products/gtb-185-li-06019K7000); [atornilladores Bosch con limitador de profundidad](https://www.bosch-professional.com/ar/es/atornilladores-con-limitador-de-profundidad-131443-ocs-c/).
/taladros/para-durlock/,DESCONOCIDO,revisada,no,,"Seguridad:** consultar manual para ajuste de profundidad, tornillos y accesorios."
/taladros/para-durlock/,DESCONOCIDO,revisada,no,,Opiniones de compradores:** no se revisó una muestra verificable.
/taladros/para-durlock/,DESCONOCIDO,revisada,no,,Para seguir comparando: [guías de taladros](/taladros/).
/taladros/para-durlock/,DESCONOCIDO,revisada,no,,Para explorar la categoría: [guías de taladros](/taladros/).
/taladros/percutores/,DESCONOCIDO,revisada,no,,Criterio documental | Taladro percutor | Rotomartillo SDS plus
/taladros/percutores/,DESCONOCIDO,revisada,no,,Mecanismo | Percusión mecánica asociada a la rotación | Percusión electro-neumática con portaherramientas SDS
/taladros/percutores/,DESCONOCIDO,revisada,no,,"Ejemplo oficial consultado | Bosch GSB 18V-50: hasta 27.000 impactos/min | Bosch GBH 220: 2,0 J declarados"
/taladros/percutores/,DESCONOCIDO,revisada,no,,Inserción de accesorio | Mandril de 13 mm en el GSB 18V-50 | SDS plus en el GBH 220
/taladros/percutores/,DESCONOCIDO,revisada,no,,Límite verificable | La ficha consultada no expresa energía por golpe | 22 mm máximo en hormigón para GBH 220
/taladros/percutores/,DATO VERIFICADO,revisada,no,,"**Dato verificado:** estas cifras describen dos ejemplos concretos, no todos los taladros percutores ni todos los rotomartillos. El GSB 18V-50 es un modelo a batería de 18 V; la cifra de 27.000 impactos/min aparece en su ficha de fabricante. Bosch publica 2,0 J y 22 mm como datos del GBH 220."
/taladros/percutores/,ANÁLISIS TALLERLAB,revisada,no,,"**Análisis TallerLab:** las unidades publicadas no permiten comparar directamente “impactos por minuto” con “joules”. La primera expresa frecuencia; la segunda, energía por impacto según la ficha. Para elegir por documentación, primero verificá el material y diámetro requeridos, luego el tipo de mandril y el límite que publica el fabricante. No inferimos velocidad de perforación ni superioridad a partir de estas magnitudes diferentes."
/taladros/percutores/,DECLARACIÓN DEL FABRICANTE,revisada,no,,"**Declaración del fabricante:** el GSB 18V-50 incorpora selección de atornillado, perforación y percusión. En ambos tipos de máquina, el accesorio y el modo deben seguir el manual del modelo y del material."
/taladros/percutores/,DESCONOCIDO,revisada,no,,"**Desconocido:** no hay una prueba comparativa bajo el mismo hormigón, diámetro, broca y operador. Las fichas citadas no determinan qué herramienta resulta más conveniente para un trabajo específico."
/taladros/percutores/,DESCONOCIDO,revisada,no,,Si el requisito es… | Verificá… | No deduzcas…
/taladros/percutores/,DESCONOCIDO,revisada,no,,Usar brocas cilíndricas de varios diámetros | Apertura y tipo de mandril | Que cualquier broca admita percusión
/taladros/percutores/,DESCONOCIDO,revisada,no,,Usar accesorios SDS plus | Que el equipo tenga portaherramientas SDS plus | Que SDS plus sea intercambiable con SDS max
/taladros/percutores/,DESCONOCIDO,revisada,no,,Taladrar mampostería | Capacidad indicada para material y diámetro | Que los impactos/min sean energía por golpe
/taladros/percutores/,DESCONOCIDO,revisada,no,https://www.bosch-professional.com/ar/es/products/gsb-18v-50-06019H51E2,Documentación primaria:** [Bosch GSB 18V-50 Argentina](https://www.bosch-professional.com/ar/es/products/gsb-18v-50-06019H51E2); [Bosch GBH 220 Argentina](https://www.bosch-professional.com/ar/es/products/gbh-220-06112A60H0).
/taladros/percutores/,DESCONOCIDO,revisada,no,,"Seguridad:** respetar modo, broca y material indicados en el manual."
/taladros/percutores/,DESCONOCIDO,revisada,no,,Opiniones de compradores:** no se revisó una muestra verificable.
/taladros/percutores/,DESCONOCIDO,revisada,no,,Para seguir comparando: [rotomartillos](/taladros/rotomartillos/).
/taladros/percutores/,DESCONOCIDO,revisada,no,,Para explorar la categoría: [guías de taladros](/taladros/rotomartillos/).
/taladros/rotomartillo-bosch/,DESCONOCIDO,revisada,no,,Modelo | Alimentación | Energía declarada | Capacidad máxima en hormigón | Peso publicado | Encastre
/taladros/rotomartillo-bosch/,DESCONOCIDO,revisada,no,,"GBH 220 | Cable, 720 W | 2,0 J | 22 mm | 2,3 kg | SDS plus"
/taladros/rotomartillo-bosch/,DESCONOCIDO,revisada,no,,"GBH 2-26 DRE | Cable, 800 W | 2,7 J | 26 mm | 2,9 kg | SDS plus"
/taladros/rotomartillo-bosch/,DESCONOCIDO,revisada,no,,"GBH 18V-26 D | Batería 18 V | 2,5 J | 26 mm | 2,6 kg sin batería | SDS plus"
/taladros/rotomartillo-bosch/,DATO VERIFICADO,revisada,no,,"**Dato verificado:** la tabla combina fichas Bosch de regiones distintas; el GBH 2-26 DRE consultado no es una confirmación de configuración argentina. En el GBH 18V-26 D, el peso explícitamente excluye la batería, por lo que no es directamente equivalente a los pesos de herramientas con cable."
/taladros/rotomartillo-bosch/,ANÁLISIS TALLERLAB,revisada,no,,"**Análisis TallerLab:** frente al GBH 220, el GBH 2-26 DRE declara 0,7 J y 4 mm más de capacidad máxima; también publica 0,6 kg más de peso. El modelo 18V-26 D declara 0,5 J más y 4 mm más que el GBH 220, pero su peso sin batería impide una comparación de masa del conjunto listo para trabajar. Son diferencias de catálogo, no pruebas de perforación."
/taladros/rotomartillo-bosch/,DECLARACIÓN DEL FABRICANTE,revisada,no,,"**Declaración del fabricante:** Bosch identifica SDS plus en los tres modelos. El GBH 18V-26 D publica 0–4350 impactos/min y 0–980 rpm; la versión “D” y la versión “F” tienen configuraciones distintas, y no trasladamos a este modelo los datos del mandril intercambiable de la versión F."
/taladros/rotomartillo-bosch/,DESCONOCIDO,revisada,no,,"**Desconocido:** no confirmamos que todos los códigos estén disponibles actualmente en Argentina, qué batería/cargador incluye cada publicación ni garantía local. Confirmá el número de pedido completo y el contenido del kit."
/taladros/rotomartillo-bosch/,DESCONOCIDO,revisada,no,,Prioridad de compra | Campo relevante | Qué queda por verificar
/taladros/rotomartillo-bosch/,DESCONOCIDO,revisada,no,,Menor peso con cable | Peso y alcance de cable | No hay comparación de peso con el cable incluido expresamente
/taladros/rotomartillo-bosch/,DESCONOCIDO,revisada,no,,Trabajo sin cable | Peso sin batería y plataforma | Peso de batería y cargador compatibles
/taladros/rotomartillo-bosch/,DESCONOCIDO,revisada,no,,Diámetro máximo publicado | Capacidad en hormigón | El máximo no representa ritmo de uso continuo
/taladros/rotomartillo-bosch/,DESCONOCIDO,revisada,no,https://www.bosch-professional.com/ar/es/products/gbh-220-06112A60H0,Documentación primaria:** [Bosch GBH 220 Argentina](https://www.bosch-professional.com/ar/es/products/gbh-220-06112A60H0); [Bosch GBH 2-26 DRE](https://www.bosch-professional.com/bo/es/products/gbh-2-26-dre-06112537E0); [Bosch GBH 18V-26 D Argentina](https://www.bosch-professional.com/ar/es/products/gbh-18v-26-d-0611916001).
/taladros/rotomartillo-bosch/,DESCONOCIDO,revisada,no,,Seguridad:** consultar manual y límites del accesorio del modelo exacto.
/taladros/rotomartillo-bosch/,DESCONOCIDO,revisada,no,,Opiniones de compradores:** no se revisó una muestra verificable.
/taladros/rotomartillo-bosch/,DESCONOCIDO,revisada,no,,Para seguir comparando: [rotomartillos](/taladros/rotomartillos/).
/taladros/rotomartillo-bosch/,DESCONOCIDO,revisada,no,,Para explorar la categoría: [guías de taladros](/taladros/rotomartillos/).
/taladros/rotomartillo-dewalt/,DESCONOCIDO,revisada,no,,Campo | Dato publicado para DCH273B
/taladros/rotomartillo-dewalt/,DESCONOCIDO,revisada,no,,Plataforma de etiqueta | 20 V MAX; DeWalt indica 18 V nominales
/taladros/rotomartillo-dewalt/,DESCONOCIDO,revisada,no,,"Motor | Brushless, según fabricante"
/taladros/rotomartillo-dewalt/,DESCONOCIDO,revisada,no,,"Energía de impacto | 2,1 J"
/taladros/rotomartillo-dewalt/,DESCONOCIDO,revisada,no,,Portaherramientas | SDS plus
/taladros/rotomartillo-dewalt/,DESCONOCIDO,revisada,no,,"Modos | Taladrado, taladrado con percusión y cincelado"
/taladros/rotomartillo-dewalt/,DESCONOCIDO,revisada,no,,Alimentación de la variante consultada | Herramienta sola; batería y cargador no incluidos
/taladros/rotomartillo-dewalt/,DATO VERIFICADO,revisada,no,,**Dato verificado:** las especificaciones corresponden al código DCH273B de la página estadounidense de DeWalt. No describen automáticamente el DCH273 vendido en otros mercados ni los modelos con cable D25133/D25263.
/taladros/rotomartillo-dewalt/,DECLARACIÓN DEL FABRICANTE,revisada,no,,"**Declaración del fabricante:** DeWalt describe SHOCKS como un sistema de control activo de vibración que reduce la vibración percibida en la empuñadura frente a la herramienta sin esa función. Esta declaración no equivale a afirmar protección de articulaciones, ausencia de riesgo ni una medición realizada por TallerLab."
/taladros/rotomartillo-dewalt/,ANÁLISIS TALLERLAB,revisada,no,,"**Análisis TallerLab:** la ficha permite filtrar por SDS plus, tres modos y plataforma, pero no basta para concluir qué tan rápido perfora frente a otro modelo. La etiqueta 20 V MAX puede inducir a confusión: DeWalt explica que el valor nominal es 18 V. El sufijo B identifica la configuración de herramienta sola de la página consultada."
/taladros/rotomartillo-dewalt/,DESCONOCIDO,revisada,no,,"**Desconocido:** no verificamos autonomía, vibración medida en una prueba común, kit argentino, garantía local ni contenido de otras terminaciones. Para comparar con un rotomartillo con cable, considerá también batería y cargador si no los tenés."
/taladros/rotomartillo-dewalt/,DESCONOCIDO,revisada,no,,Pregunta | Dato de esta ficha | Comprobación pendiente en el aviso
/taladros/rotomartillo-dewalt/,DESCONOCIDO,revisada,no,,¿Qué accesorio recibe? | SDS plus | Confirmar encastre en la unidad ofrecida
/taladros/rotomartillo-dewalt/,DESCONOCIDO,revisada,no,,"¿Incluye energía? | 2,1 J declarados | No confundir energía con impactos/min"
/taladros/rotomartillo-dewalt/,DESCONOCIDO,revisada,no,,"¿Qué incluye el código B? | Herramienta sola según ficha | Baterías, cargador, valija y región"
/taladros/rotomartillo-dewalt/,DESCONOCIDO,revisada,no,,¿Qué significa SHOCKS? | Declaración de reducción de vibración en empuñadura | No asumir resultado clínico o prueba de TallerLab
/taladros/rotomartillo-dewalt/,DESCONOCIDO,revisada,no,https://www.dewalt.com/en-us/product/dch273b/20v-max-xr-sds-plus-brushless-1-l-shape-rotary-hammer-tool-only,"Documentación primaria:** [DeWalt DCH273B, ficha oficial](https://www.dewalt.com/en-us/product/dch273b/20v-max-xr-sds-plus-brushless-1-l-shape-rotary-hammer-tool-only); [manual DeWalt D25133, referencia separada para la línea con cable](https://www.dewalt.com/GLOBALBOM/QU/D25133K/1/Instruction_Manual/EN/N401624_D25133.pdf)."
/taladros/rotomartillo-dewalt/,DESCONOCIDO,revisada,no,,Seguridad:** seguir el manual de la variante y las indicaciones de EPP.
/taladros/rotomartillo-dewalt/,DESCONOCIDO,revisada,no,,Opiniones de compradores:** no se revisó una muestra verificable.
/taladros/rotomartillo-dewalt/,DESCONOCIDO,revisada,no,,Para seguir comparando: [rotomartillos](/taladros/rotomartillos/).
/taladros/rotomartillo-dewalt/,DESCONOCIDO,revisada,no,,Para explorar la categoría: [guías de taladros](/taladros/rotomartillos/).
/taladros/rotomartillo-einhell/,DESCONOCIDO,revisada,no,,Dato publicado | Einhell TE-RH 28 5F (4257970)
/taladros/rotomartillo-einhell/,DESCONOCIDO,revisada,no,,"Alimentación | Cable, 950 W"
/taladros/rotomartillo-einhell/,DESCONOCIDO,revisada,no,,Energía de impacto | 3 J
/taladros/rotomartillo-einhell/,DESCONOCIDO,revisada,no,,Capacidad máxima en hormigón | 28 mm
/taladros/rotomartillo-einhell/,DESCONOCIDO,revisada,no,,Portaherramientas | SDS plus
/taladros/rotomartillo-einhell/,DESCONOCIDO,revisada,no,,Modos | 5 funciones según ficha del fabricante
/taladros/rotomartillo-einhell/,DESCONOCIDO,revisada,no,,"Peso publicado | 3,81 kg"
/taladros/rotomartillo-einhell/,DATO VERIFICADO,revisada,no,,"**Dato verificado:** la fuente consultada es la ficha Einhell del artículo 4257970. La ficha nombra las cinco funciones, entre ellas taladrado, taladrado con percusión y cincelado; no suponemos que todo modelo TE o TC incluya el mismo selector."
/taladros/rotomartillo-einhell/,ANÁLISIS TALLERLAB,revisada,no,,"**Análisis TallerLab:** frente al Bosch GBH 2-26 DRE (800 W, 2,7 J, máximo 26 mm y peso 2,9 kg), el Einhell declara 150 W y 0,3 J más, 2 mm más de capacidad máxima y 0,91 kg más de peso. Es una comparación aritmética de datos publicados. No demuestra mayor velocidad, vida útil ni conveniencia; las cifras de energía no se sometieron aquí a ensayo común."
/taladros/rotomartillo-einhell/,DECLARACIÓN DEL FABRICANTE,revisada,no,,"**Declaración del fabricante:** SDS plus y las capacidades publicadas delimitan los accesorios y materiales indicados por Einhell. La ficha alemana consultada no prueba disponibilidad, tensión de red, contenido de caja o garantía de un kit argentino."
/taladros/rotomartillo-einhell/,DESCONOCIDO,revisada,no,,"**Desconocido:** no se confirmó contenido de accesorios en ofertas locales, duración de garantía vigente ni resultados bajo uso prolongado. Para comprar, verificá placa de tensión, código de artículo y manual que acompañe la unidad."
/taladros/rotomartillo-einhell/,DESCONOCIDO,revisada,no,,Modelo | W | J declarados | Máximo hormigón | Peso publicado
/taladros/rotomartillo-einhell/,DESCONOCIDO,revisada,no,,"Einhell TE-RH 28 5F | 950 | 3,0 | 28 mm | 3,81 kg"
/taladros/rotomartillo-einhell/,DESCONOCIDO,revisada,no,,"Bosch GBH 2-26 DRE | 800 | 2,7 | 26 mm | 2,9 kg"
/taladros/rotomartillo-einhell/,DESCONOCIDO,revisada,no,,"La selección ayuda a ver el compromiso entre valores de ficha y peso. El uso real también depende de broca, material, diámetro, presión y pausas; esta página no mide esas variables."
/taladros/rotomartillo-einhell/,DESCONOCIDO,revisada,no,https://www.einhell.de/en/p/4257970/,"Documentación primaria:** [Einhell TE-RH 28 5F, artículo 4257970](https://www.einhell.de/en/p/4257970/); [Bosch GBH 2-26 DRE](https://www.bosch-professional.com/bo/es/products/gbh-2-26-dre-06112537E0)."
/taladros/rotomartillo-einhell/,DESCONOCIDO,revisada,no,,Seguridad:** verificar tensión y seguir el manual de la unidad.
/taladros/rotomartillo-einhell/,DESCONOCIDO,revisada,no,,Opiniones de compradores:** no se revisó una muestra verificable.
/taladros/rotomartillo-einhell/,DESCONOCIDO,revisada,no,,Para seguir comparando: [rotomartillos](/taladros/rotomartillos/).
/taladros/rotomartillo-einhell/,DESCONOCIDO,revisada,no,,Para explorar la categoría: [guías de taladros](/taladros/rotomartillos/).
/taladros/rotomartillos/,DESCONOCIDO,revisada,no,,Modelo documentado | Alimentación | Energía declarada | Capacidad máxima en hormigón | Peso publicado | Encastre
/taladros/rotomartillos/,DESCONOCIDO,revisada,no,,"Bosch GBH 220 | Cable, 720 W | 2,0 J | 22 mm | 2,3 kg | SDS plus"
/taladros/rotomartillos/,DESCONOCIDO,revisada,no,,"Bosch GBH 2-26 DRE | Cable, 800 W | 2,7 J | 26 mm | 2,9 kg | SDS plus"
/taladros/rotomartillos/,DESCONOCIDO,revisada,no,,"Einhell TE-RH 28 5F | Cable, 950 W | 3,0 J | 28 mm | 3,81 kg | SDS plus"
/taladros/rotomartillos/,DATO VERIFICADO,revisada,no,,"**Dato verificado:** las cifras corresponden a las fichas enlazadas y a esos modelos exactos. La ficha de Einhell indica además cinco modos de funcionamiento. Las capacidades máximas son límites publicados por cada fabricante, no una recomendación para mantener ese diámetro durante jornadas continuas."
/taladros/rotomartillos/,ANÁLISIS TALLERLAB,revisada,no,,"**Análisis TallerLab:** en esta selección, pasar del GBH 220 al GBH 2-26 DRE suma 0,7 J y 4 mm de capacidad máxima declarada; el TE-RH 28 5F declara 0,3 J y 2 mm más que el GBH 2-26 DRE, y pesa 0,91 kg más. Son diferencias aritméticas entre fichas, no resultados de una prueba común. No se debe ordenar marcas por joules sin confirmar que las magnitudes se midieron bajo el mismo protocolo."
/taladros/rotomartillos/,DECLARACIÓN DEL FABRICANTE,revisada,no,,**Declaración del fabricante:** SDS plus identifica el sistema de inserción compatible con accesorios de ese encastre. No se debe confundir con SDS max; una broca debe corresponder al portaherramientas o a un adaptador aprobado para ese modelo.
/taladros/rotomartillos/,DESCONOCIDO,revisada,no,,"**Desconocido:** no se verificaron kits, garantía ni disponibilidad local de cada variante. La potencia eléctrica en W no permite deducir por sí sola la energía de impacto ni el avance real en una obra."
/taladros/rotomartillos/,DESCONOCIDO,revisada,no,,Necesidad que define la compra | Dato que conviene contrastar | Límite de esta guía
/taladros/rotomartillos/,DESCONOCIDO,revisada,no,,Agujeros de diámetro moderado | Capacidad en hormigón y encastre | El máximo publicado no establece ritmo de trabajo
/taladros/rotomartillos/,DESCONOCIDO,revisada,no,,Más funciones de cincelado | Modos explícitos del modelo | No todos los modelos incluyen los mismos modos
/taladros/rotomartillos/,DESCONOCIDO,revisada,no,,"Menor masa declarada | Peso y condición de medición | Puede variar si incluye cable, tope o batería"
/taladros/rotomartillos/,DESCONOCIDO,revisada,no,,"Esta comparación sirve para acotar modelos por ficha. No determina cuál perfora más rápido ni cuál conviene para una tarea sin conocer material, broca, cantidad de agujeros y ciclo de uso."
/taladros/rotomartillos/,DESCONOCIDO,revisada,no,https://www.bosch-professional.com/ar/es/products/gbh-220-06112A60H0,Documentación primaria:** [Bosch GBH 220 Argentina](https://www.bosch-professional.com/ar/es/products/gbh-220-06112A60H0); [Bosch GBH 2-26 DRE](https://www.bosch-professional.com/bo/es/products/gbh-2-26-dre-06112537E0); [Einhell TE-RH 28 5F](https://www.einhell.de/en/p/4257970/).
/taladros/rotomartillos/,DESCONOCIDO,revisada,no,,Seguridad:** consultar el manual del código exacto y usar accesorios compatibles.
/taladros/rotomartillos/,DESCONOCIDO,revisada,no,,Opiniones de compradores:** no se revisó una muestra verificable.
/taladros/rotomartillos/,DESCONOCIDO,revisada,no,,Para seguir comparando: [taladros percutores](/taladros/percutores/).
/taladros/rotomartillos/,DESCONOCIDO,revisada,no,,Para explorar la categoría: [guías de taladros](/taladros/rotomartillos/).
/taladros/stanley/,DATO VERIFICADO,revisada,no,,**Dato verificado:** los manuales Stanley para SDH600 y SDH700 publican sus prestaciones y capacidades. Las cifras corresponden a variantes con tensión regional indicada en cada manual.
/taladros/stanley/,DATO VERIFICADO,revisada,no,,Dato verificado en manual | SDH600 | SDH700
/taladros/stanley/,DATO VERIFICADO,revisada,no,,Potencia nominal | 600 W | 700 W
/taladros/stanley/,DATO VERIFICADO,revisada,no,,Velocidad sin carga | 0–2.900 rpm | 0–2.900 rpm
/taladros/stanley/,DATO VERIFICADO,revisada,no,,Percusión máxima | 49.300 impactos/min | 49.300 impactos/min
/taladros/stanley/,DATO VERIFICADO,revisada,no,,"Mandril | 1,5–13 mm | 1,5–13 mm"
/taladros/stanley/,DATO VERIFICADO,revisada,no,,Capacidad declarada en concreto / metal | 13 / 13 mm | 13 / 13 mm
/taladros/stanley/,DATO VERIFICADO,revisada,no,,Capacidad declarada en madera | 25 mm | 30 mm
/taladros/stanley/,DATO VERIFICADO,revisada,no,,"Peso | 1,75 kg | 1,87 kg"
/taladros/stanley/,ANÁLISIS TALLERLAB,revisada,no,,"**Análisis TallerLab.** El SDH700 declara 100 W más y 5 mm más de capacidad máxima en madera, pero ambos manuales publican la misma velocidad sin carga, tasa de impactos y capacidad en concreto y metal. El SDH600 pesa 0,12 kg menos según los manuales. No convertimos estas diferencias en una conclusión sobre velocidad de perforación o calidad: no hay prueba comparativa en idénticas condiciones."
/taladros/stanley/,DECLARACIÓN DEL FABRICANTE,revisada,no,,**Declaración del fabricante.** Los manuales listan 220 V y 50 Hz para la variante identificada como AR. Otras terminaciones regionales indican tensiones distintas. La placa debe coincidir con la instalación y el código completo del equipo.
/taladros/stanley/,DESCONOCIDO,revisada,no,,"**Desconocido.** No cotejamos disponibilidad, accesorios o garantía de una oferta local actual. Las capacidades máximas no deben interpretarse como recomendación para cualquier broca, material o tiempo de uso; consultá el manual correspondiente."
/taladros/stanley/,DESCONOCIDO,revisada,no,,"Si necesitás percusión, compará estas categorías en la guía de [taladros percutores](/taladros/percutores/)."
/taladros/stanley/,DESCONOCIDO,revisada,no,https://support.stanleytools.com/hc/es/article_attachments/115004351134,Documentación primaria:** [manual Stanley SDH600](https://support.stanleytools.com/hc/es/article_attachments/115004351134); [manual Stanley SDH700/SDH700K](https://support.stanleytools.com/hc/es/article_attachments/115004351114).
/taladros/stanley/,DESCONOCIDO,revisada,no,,Opiniones:** no se revisó una muestra verificable.
/taladros/taladro-de-banco/,DESCONOCIDO,revisada,no,,Dato publicado | Lusqtoff TB-16 | Lusqtoff TBL710-9D
/taladros/taladro-de-banco/,DESCONOCIDO,revisada,no,,Potencia nominal | 450 W | 710 W; 900 W indicado para S2 de 5 min
/taladros/taladro-de-banco/,DESCONOCIDO,revisada,no,,"Mandril | 16 mm | 1,5–13 mm"
/taladros/taladro-de-banco/,DESCONOCIDO,revisada,no,,Recorrido del husillo | 65 mm en la ficha actual | 0–100 mm
/taladros/taladro-de-banco/,DESCONOCIDO,revisada,no,,Velocidades | 12; 300–2.550 rpm | Dos rangos: 170–880 y 490–2.600 rpm
/taladros/taladro-de-banco/,DESCONOCIDO,revisada,no,,Mesa | No declarada en la ficha consultada | 330 × 300 mm
/taladros/taladro-de-banco/,DESCONOCIDO,revisada,no,,Peso | 33 kg | No publicado en la ficha consultada
/taladros/taladro-de-banco/,DATO VERIFICADO,revisada,no,,"**Dato verificado:** las cifras provienen de las páginas oficiales de Lusqtoff para TB-16 y TBL710-9D. En la ficha del TBL710-9D, 900 W aparece junto con la condición S2 de 5 minutos; no se debe presentar como potencia nominal para uso continuo. Una ficha anterior de TB-16 indica un recorrido de 50 mm y un peso de 31 kg, mientras la página actual publica 65 mm y 33 kg. Conservamos esa discrepancia en vez de mezclar versiones."
/taladros/taladro-de-banco/,ANÁLISIS TALLERLAB,revisada,no,,**Análisis TallerLab:** el TB-16 declara un mandril 3 mm mayor que el TBL710-9D; el TBL710-9D publica hasta 35 mm más de recorrido frente a los 65 mm de la ficha actual del TB-16. El diámetro de mandril describe el vástago que puede sujetar: no demuestra por sí solo qué diámetro de agujero logra el motor en un material concreto.
/taladros/taladro-de-banco/,DECLARACIÓN DEL FABRICANTE,revisada,no,,"**Declaración del fabricante:** el manual del TB-16 indica sujetar la pieza, detener la máquina antes de hacer ajustes y no exceder la capacidad del mandril. Esas indicaciones se atribuyen a Lusqtoff y no sustituyen el manual específico del taladro que se compre."
/taladros/taladro-de-banco/,DESCONOCIDO,revisada,no,,"**Desconocido:** la ficha del TBL710-9D no publica peso en la página consultada ni la del TB-16 publica dimensión de mesa. Tampoco hay resultados de precisión, vibración o capacidad de perforación comparados bajo el mismo material y broca."
/taladros/taladro-de-banco/,DESCONOCIDO,revisada,no,,Necesidad | Campo de la ficha | Límite de interpretación
/taladros/taladro-de-banco/,DESCONOCIDO,revisada,no,,Sujetar una broca | Apertura de mandril | No equivale a capacidad de agujero
/taladros/taladro-de-banco/,DESCONOCIDO,revisada,no,,Perforar una pieza gruesa en un avance | Recorrido del husillo | No indica precisión ni rigidez de columna
/taladros/taladro-de-banco/,DESCONOCIDO,revisada,no,,Elegir velocidad para material | Rango y cantidad de velocidades | Confirmar tablas del manual por material y diámetro
/taladros/taladro-de-banco/,DESCONOCIDO,revisada,no,,Operar en una tanda larga | Régimen nominal y ciclo S2 | 900 W S2 de 5 minutos no es potencia continua
/taladros/taladro-de-banco/,DESCONOCIDO,revisada,no,https://www.lusqtoff.com.ar/ver-producto/TB-16,"Documentación primaria:** [Lusqtoff TB-16, ficha actual](https://www.lusqtoff.com.ar/ver-producto/TB-16); [Lusqtoff TBL710-9D](https://www.lusqtoff.com.ar/ver-producto/TBL710-9D); [manual oficial TB-16](https://www.lusqtoff.com.ar/2023/uploads/Productos/12.%20HERRAMIENTAS%20DE%20PIE%20Y%20BANCO/TB-16/MANUAL/TB-16.pdf); [catálogo Lusqtoff 2020–2021, dato anterior de TB-16](https://lusqtoff.com.ar/files/Catalogo_Lusqtoff_2020.pdf)."
/taladros/taladro-de-banco/,DESCONOCIDO,revisada,no,,Opiniones de compradores:** no se revisó una muestra verificable.
/taladros/taladro-de-banco/,DESCONOCIDO,revisada,no,,Para seguir comparando: [mecha Forstner de 35 mm](/taladros/mecha-forstner-35-mm/).
/taladros/taladro-de-banco/,DESCONOCIDO,revisada,no,,Para explorar la categoría: [guías de amoladoras](/taladros/).
/taladros/taladro-percutor-inalambrico/,DATO VERIFICADO,revisada,no,,"**Dato verificado:** esta matriz reúne cuatro taladros percutores identificados. Solo comparamos campos publicados; los datos de torque, percusión y peso no siguen necesariamente un protocolo común entre marcas."
/taladros/taladro-percutor-inalambrico/,DATO VERIFICADO,revisada,no,,Modelo | Plataforma | Torque máximo publicado | Percusión publicada | Mandril | Batería en código citado
/taladros/taladro-percutor-inalambrico/,DATO VERIFICADO,revisada,no,,"Bosch GSB 18V-50 (0 601 9H5 1E2) | 18 V | 50 Nm | Hasta 27.000 impactos/min | Metálico, 1,5–13 mm | No incluida en variante de caja"
/taladros/taladro-percutor-inalambrico/,DATO VERIFICADO,revisada,no,,"DeWalt DCD805B | 20 V MAX (18 V nominales) | No publicado en la ficha consultada | Modo percutor; cifra no cotejada aquí | Metálico, 1/2 in | No incluida; herramienta sola"
/taladros/taladro-percutor-inalambrico/,DATO VERIFICADO,revisada,no,,"Einhell TP-CD 18/50 Li-i BL Solo (4513942) | 18 V | 50 Nm duro | 8.000 / 28.800 impactos/min | Metálico, hasta 13 mm | No; Solo"
/taladros/taladro-percutor-inalambrico/,DATO VERIFICADO,revisada,no,,"Milwaukee M18 FUEL 2904-20 | 18 V | 1.400 in-lb (≈158 Nm) | Hasta 33.000 impactos/min | Metálico, 1/2 in | No; herramienta sola"
/taladros/taladro-percutor-inalambrico/,ANÁLISIS TALLERLAB,revisada,no,,"**Análisis TallerLab.** Esta tabla prioriza una decisión verificable: presencia de modo percutor, tipo/tamaño de mandril y kit. No ordenamos los modelos por torque ni por impactos/min: DeWalt no publica el mismo campo en la fuente consultada, y las cifras de fabricante no prueban el mismo rendimiento sobre una pared. El peso también se excluye porque las fichas no usan una condición de batería común."
/taladros/taladro-percutor-inalambrico/,DESCONOCIDO,revisada,no,,"Un taladro percutor inalámbrico combina giro con percusión para ciertas perforaciones en mampostería; no equivale a un rotomartillo SDS. Si el trabajo requiere perforación repetida en hormigón o brocas SDS, compará [rotomartillos](/taladros/rotomartillos/) por encastre y energía de impacto. Para madera y metal, desactivá la percusión cuando el manual así lo indique."
/taladros/taladro-percutor-inalambrico/,DECLARACIÓN DEL FABRICANTE,revisada,sí,,**Declaración del fabricante.** Los códigos Bosch y Einhell citados especifican mandril metálico; Milwaukee ofrece también mandril completamente metálico. Esta descripción de construcción no constituye una evaluación propia de retención ni durabilidad.
/taladros/taladro-percutor-inalambrico/,DESCONOCIDO,revisada,no,,"**Desconocido.** No se realizó ensayo físico ni se verificaron kits, precios, garantía o servicio argentinos de estos códigos. Confirmá variantes y manuales de la unidad concreta."
/taladros/taladro-percutor-inalambrico/,DESCONOCIDO,revisada,no,,"Para contrastar el uso con cable y la función de percusión, visitá [taladros percutores](/taladros/percutores/)."
/taladros/taladro-percutor-inalambrico/,DESCONOCIDO,revisada,no,https://www.bosch-professional.com/ar/es/products/gsb-18v-50-06019H51E2,Documentación primaria:** [Bosch GSB 18V-50 Argentina](https://www.bosch-professional.com/ar/es/products/gsb-18v-50-06019H51E2); [DeWalt DCD805B](https://www.dewalt.com/en-us/product/dcd805b/20v-max-xr-brushless-cordless-12-hammer-drilldriver-tool-only); [Einhell TP-CD 18/50 Li-i BL Solo](https://www.einhell.de/p/4513942); [Milwaukee M18 FUEL 2904-20](https://www.milwaukeetool.com/products/details/m18-fuel-1-2-hammer-drill-driver-cordless-power-tool/2904-20).
/taladros/taladro-percutor-inalambrico/,DESCONOCIDO,revisada,no,,Opiniones:** no se revisó una muestra verificable.
